STARTFONT 2.1
FONT -Misc-Fixed-Bold-R-Normal--13-120-75-75-C-80-ISO10646-1
SIZE 13 78 78
FONTBOUNDINGBOX 8 13 0 -2
COMMENT "Generated by fontforge, http://fontforge.sourceforge.net"
COMMENT "$Id: 8x13B.bdf,v 1.28 2002-11-15 18:23:23+00 mgk25 Rel $"
COMMENT "Send bug reports to Markus Kuhn <http://www.cl.cam.ac.uk/~mgk25/>"
STARTPROPERTIES 22
FONTNAME_REGISTRY ""
FOUNDRY "Misc"
FAMILY_NAME "Fixed"
WEIGHT_NAME "Bold"
SLANT "R"
SETWIDTH_NAME "Normal"
ADD_STYLE_NAME ""
PIXEL_SIZE 13
POINT_SIZE 120
RESOLUTION_X 75
RESOLUTION_Y 75
SPACING "C"
AVERAGE_WIDTH 80
CHARSET_REGISTRY "ISO10646"
CHARSET_ENCODING "1"
DEFAULT_CHAR 0
FONT_DESCENT 2
FONT_ASCENT 11
COPYRIGHT "Public domain font.  Share and enjoy."
_XMBDFED_INFO "Edited with xmbdfed 4.5."
CAP_HEIGHT 10
X_HEIGHT 7
ENDPROPERTIES
CHARS 2806
STARTCHAR char0
ENCODING 0
SWIDTH 568 0
DWIDTH 8 0
BBX 7 11 0 -1
BITMAP
AA
AA
00
82
82
00
82
82
00
AA
AA
ENDCHAR
STARTCHAR uni0001
ENCODING 1
SWIDTH 154 0
DWIDTH 2 0
BBX 1 1 0 0
BITMAP
00
ENDCHAR
STARTCHAR uni0002
ENCODING 2
SWIDTH 154 0
DWIDTH 2 0
BBX 1 1 0 0
BITMAP
00
ENDCHAR
STARTCHAR uni0003
ENCODING 3
SWIDTH 154 0
DWIDTH 2 0
BBX 1 1 0 0
BITMAP
00
ENDCHAR
STARTCHAR uni0004
ENCODING 4
SWIDTH 154 0
DWIDTH 2 0
BBX 1 1 0 0
BITMAP
00
ENDCHAR
STARTCHAR uni0005
ENCODING 5
SWIDTH 154 0
DWIDTH 2 0
BBX 1 1 0 0
BITMAP
00
ENDCHAR
STARTCHAR uni0006
ENCODING 6
SWIDTH 154 0
DWIDTH 2 0
BBX 1 1 0 0
BITMAP
00
ENDCHAR
STARTCHAR uni0007
ENCODING 7
SWIDTH 154 0
DWIDTH 2 0
BBX 1 1 0 0
BITMAP
00
ENDCHAR
STARTCHAR uni0008
ENCODING 8
SWIDTH 154 0
DWIDTH 2 0
BBX 1 1 0 0
BITMAP
00
ENDCHAR
STARTCHAR uni0009
ENCODING 9
SWIDTH 154 0
DWIDTH 2 0
BBX 1 1 0 0
BITMAP
00
ENDCHAR
STARTCHAR uni000A
ENCODING 10
SWIDTH 154 0
DWIDTH 2 0
BBX 1 1 0 0
BITMAP
00
ENDCHAR
STARTCHAR uni000B
ENCODING 11
SWIDTH 154 0
DWIDTH 2 0
BBX 1 1 0 0
BITMAP
00
ENDCHAR
STARTCHAR uni000C
ENCODING 12
SWIDTH 154 0
DWIDTH 2 0
BBX 1 1 0 0
BITMAP
00
ENDCHAR
STARTCHAR uni000D
ENCODING 13
SWIDTH 154 0
DWIDTH 2 0
BBX 1 1 0 0
BITMAP
00
ENDCHAR
STARTCHAR uni000E
ENCODING 14
SWIDTH 154 0
DWIDTH 2 0
BBX 1 1 0 0
BITMAP
00
ENDCHAR
STARTCHAR uni000F
ENCODING 15
SWIDTH 154 0
DWIDTH 2 0
BBX 1 1 0 0
BITMAP
00
ENDCHAR
STARTCHAR uni0010
ENCODING 16
SWIDTH 154 0
DWIDTH 2 0
BBX 1 1 0 0
BITMAP
00
ENDCHAR
STARTCHAR uni0011
ENCODING 17
SWIDTH 154 0
DWIDTH 2 0
BBX 1 1 0 0
BITMAP
00
ENDCHAR
STARTCHAR uni0012
ENCODING 18
SWIDTH 154 0
DWIDTH 2 0
BBX 1 1 0 0
BITMAP
00
ENDCHAR
STARTCHAR uni0013
ENCODING 19
SWIDTH 154 0
DWIDTH 2 0
BBX 1 1 0 0
BITMAP
00
ENDCHAR
STARTCHAR uni0014
ENCODING 20
SWIDTH 154 0
DWIDTH 2 0
BBX 1 1 0 0
BITMAP
00
ENDCHAR
STARTCHAR uni0015
ENCODING 21
SWIDTH 154 0
DWIDTH 2 0
BBX 1 1 0 0
BITMAP
00
ENDCHAR
STARTCHAR uni0016
ENCODING 22
SWIDTH 154 0
DWIDTH 2 0
BBX 1 1 0 0
BITMAP
00
ENDCHAR
STARTCHAR uni0017
ENCODING 23
SWIDTH 154 0
DWIDTH 2 0
BBX 1 1 0 0
BITMAP
00
ENDCHAR
STARTCHAR uni0018
ENCODING 24
SWIDTH 154 0
DWIDTH 2 0
BBX 1 1 0 0
BITMAP
00
ENDCHAR
STARTCHAR uni0019
ENCODING 25
SWIDTH 154 0
DWIDTH 2 0
BBX 1 1 0 0
BITMAP
00
ENDCHAR
STARTCHAR uni001A
ENCODING 26
SWIDTH 154 0
DWIDTH 2 0
BBX 1 1 0 0
BITMAP
00
ENDCHAR
STARTCHAR uni001B
ENCODING 27
SWIDTH 154 0
DWIDTH 2 0
BBX 1 1 0 0
BITMAP
00
ENDCHAR
STARTCHAR uni001C
ENCODING 28
SWIDTH 154 0
DWIDTH 2 0
BBX 1 1 0 0
BITMAP
00
ENDCHAR
STARTCHAR uni001D
ENCODING 29
SWIDTH 154 0
DWIDTH 2 0
BBX 1 1 0 0
BITMAP
00
ENDCHAR
STARTCHAR uni001E
ENCODING 30
SWIDTH 154 0
DWIDTH 2 0
BBX 1 1 0 0
BITMAP
00
ENDCHAR
STARTCHAR uni001F
ENCODING 31
SWIDTH 154 0
DWIDTH 2 0
BBX 1 1 0 0
BITMAP
00
ENDCHAR
STARTCHAR space
ENCODING 32
SWIDTH 154 0
DWIDTH 2 0
BBX 1 1 7 -2
BITMAP
00
ENDCHAR
STARTCHAR exclam
ENCODING 33
SWIDTH 462 0
DWIDTH 6 0
BBX 2 10 3 0
BITMAP
C0
C0
C0
C0
C0
C0
C0
00
C0
C0
ENDCHAR
STARTCHAR quotedbl
ENCODING 34
SWIDTH 538 0
DWIDTH 7 0
BBX 5 4 1 6
BITMAP
D8
D8
D8
D8
ENDCHAR
STARTCHAR numbersign
ENCODING 35
SWIDTH 615 0
DWIDTH 8 0
BBX 7 9 0 0
BITMAP
6C
6C
FE
FE
6C
FE
FE
6C
6C
ENDCHAR
STARTCHAR dollar
ENCODING 36
SWIDTH 615 0
DWIDTH 8 0
BBX 7 11 0 -1
BITMAP
10
7C
D6
D0
F0
7C
1E
16
D6
7C
10
ENDCHAR
STARTCHAR percent
ENCODING 37
SWIDTH 615 0
DWIDTH 8 0
BBX 7 10 0 0
BITMAP
E6
A6
EC
18
18
30
30
6E
CA
CE
ENDCHAR
STARTCHAR ampersand
ENCODING 38
SWIDTH 615 0
DWIDTH 8 0
BBX 7 7 0 0
BITMAP
78
CC
CC
78
CE
CC
7E
ENDCHAR
STARTCHAR quotesingle
ENCODING 39
SWIDTH 462 0
DWIDTH 6 0
BBX 2 4 3 6
BITMAP
C0
C0
C0
C0
ENDCHAR
STARTCHAR parenleft
ENCODING 40
SWIDTH 538 0
DWIDTH 7 0
BBX 5 11 1 -1
BITMAP
18
30
60
60
C0
C0
C0
60
60
30
18
ENDCHAR
STARTCHAR parenright
ENCODING 41
SWIDTH 538 0
DWIDTH 7 0
BBX 5 11 1 -1
BITMAP
C0
60
30
30
18
18
18
30
30
60
C0
ENDCHAR
STARTCHAR asterisk
ENCODING 42
SWIDTH 615 0
DWIDTH 8 0
BBX 7 7 0 1
BITMAP
10
10
FE
38
38
6C
44
ENDCHAR
STARTCHAR plus
ENCODING 43
SWIDTH 615 0
DWIDTH 8 0
BBX 6 6 1 2
BITMAP
30
30
FC
FC
30
30
ENDCHAR
STARTCHAR comma
ENCODING 44
SWIDTH 538 0
DWIDTH 7 0
BBX 4 5 2 -1
BITMAP
F0
70
70
60
C0
ENDCHAR
STARTCHAR hyphen
ENCODING 45
SWIDTH 615 0
DWIDTH 8 0
BBX 6 2 1 3
BITMAP
FC
FC
ENDCHAR
STARTCHAR period
ENCODING 46
SWIDTH 538 0
DWIDTH 7 0
BBX 4 3 2 0
BITMAP
60
F0
60
ENDCHAR
STARTCHAR slash
ENCODING 47
SWIDTH 615 0
DWIDTH 8 0
BBX 7 10 0 0
BITMAP
02
06
06
0C
18
30
60
C0
C0
80
ENDCHAR
STARTCHAR zero
ENCODING 48
SWIDTH 538 0
DWIDTH 7 0
BBX 6 10 0 0
BITMAP
78
FC
CC
CC
CC
CC
CC
CC
FC
78
ENDCHAR
STARTCHAR one
ENCODING 49
SWIDTH 385 0
DWIDTH 5 0
BBX 4 10 0 0
BITMAP
30
70
F0
30
30
30
30
30
30
30
ENDCHAR
STARTCHAR two
ENCODING 50
SWIDTH 538 0
DWIDTH 7 0
BBX 6 10 0 0
BITMAP
78
CC
CC
0C
18
30
60
C0
FC
FC
ENDCHAR
STARTCHAR three
ENCODING 51
SWIDTH 538 0
DWIDTH 7 0
BBX 6 10 0 0
BITMAP
78
FC
CC
0C
38
38
0C
CC
FC
78
ENDCHAR
STARTCHAR four
ENCODING 52
SWIDTH 538 0
DWIDTH 7 0
BBX 6 10 0 0
BITMAP
C0
C0
D8
D8
FC
FC
18
18
18
18
ENDCHAR
STARTCHAR five
ENCODING 53
SWIDTH 538 0
DWIDTH 7 0
BBX 6 10 0 0
BITMAP
FC
FC
C0
C0
F8
FC
0C
CC
FC
78
ENDCHAR
STARTCHAR six
ENCODING 54
SWIDTH 538 0
DWIDTH 7 0
BBX 6 10 0 0
BITMAP
78
FC
C0
C0
C0
F8
CC
CC
FC
78
ENDCHAR
STARTCHAR seven
ENCODING 55
SWIDTH 615 0
DWIDTH 8 0
BBX 7 10 0 0
BITMAP
FE
FE
06
06
0C
18
30
30
30
30
ENDCHAR
STARTCHAR eight
ENCODING 56
SWIDTH 538 0
DWIDTH 7 0
BBX 6 10 0 0
BITMAP
78
CC
CC
FC
78
FC
CC
CC
FC
78
ENDCHAR
STARTCHAR nine
ENCODING 57
SWIDTH 538 0
DWIDTH 7 0
BBX 6 10 0 0
BITMAP
78
FC
CC
CC
FC
7C
0C
0C
FC
78
ENDCHAR
STARTCHAR colon
ENCODING 58
SWIDTH 538 0
DWIDTH 7 0
BBX 4 8 2 0
BITMAP
60
F0
60
00
00
60
F0
60
ENDCHAR
STARTCHAR semicolon
ENCODING 59
SWIDTH 538 0
DWIDTH 7 0
BBX 4 9 2 -1
BITMAP
60
F0
60
00
F0
70
70
60
C0
ENDCHAR
STARTCHAR less
ENCODING 60
SWIDTH 615 0
DWIDTH 8 0
BBX 6 9 1 0
BITMAP
0C
18
30
60
C0
60
30
18
0C
ENDCHAR
STARTCHAR equal
ENCODING 61
SWIDTH 615 0
DWIDTH 8 0
BBX 6 4 1 2
BITMAP
FC
00
00
FC
ENDCHAR
STARTCHAR greater
ENCODING 62
SWIDTH 615 0
DWIDTH 8 0
BBX 6 9 1 0
BITMAP
C0
60
30
18
0C
18
30
60
C0
ENDCHAR
STARTCHAR question
ENCODING 63
SWIDTH 615 0
DWIDTH 8 0
BBX 7 10 0 0
BITMAP
7C
C6
C6
06
0C
18
18
00
18
18
ENDCHAR
STARTCHAR at
ENCODING 64
SWIDTH 615 0
DWIDTH 8 0
BBX 7 9 0 0
BITMAP
7C
FE
CE
DE
D2
D2
DE
E0
7E
ENDCHAR
STARTCHAR A
ENCODING 65
SWIDTH 538 0
DWIDTH 7 0
BBX 6 10 0 0
BITMAP
30
78
CC
CC
CC
FC
FC
CC
CC
CC
ENDCHAR
STARTCHAR B
ENCODING 66
SWIDTH 538 0
DWIDTH 7 0
BBX 6 10 0 0
BITMAP
F8
CC
CC
CC
F8
CC
CC
CC
CC
F8
ENDCHAR
STARTCHAR C
ENCODING 67
SWIDTH 538 0
DWIDTH 7 0
BBX 6 10 0 0
BITMAP
78
FC
CC
C0
C0
C0
C0
CC
FC
78
ENDCHAR
STARTCHAR D
ENCODING 68
SWIDTH 538 0
DWIDTH 7 0
BBX 6 10 0 0
BITMAP
F8
FC
CC
CC
CC
CC
CC
CC
FC
F8
ENDCHAR
STARTCHAR E
ENCODING 69
SWIDTH 538 0
DWIDTH 7 0
BBX 6 10 0 0
BITMAP
FC
FC
C0
C0
F8
F8
C0
C0
FC
FC
ENDCHAR
STARTCHAR F
ENCODING 70
SWIDTH 538 0
DWIDTH 7 0
BBX 6 10 0 0
BITMAP
FC
FC
C0
C0
F0
F0
C0
C0
C0
C0
ENDCHAR
STARTCHAR G
ENCODING 71
SWIDTH 538 0
DWIDTH 7 0
BBX 6 10 0 0
BITMAP
7C
FC
CC
C0
C0
DC
DC
CC
FC
7C
ENDCHAR
STARTCHAR H
ENCODING 72
SWIDTH 538 0
DWIDTH 7 0
BBX 6 10 0 0
BITMAP
CC
CC
CC
CC
FC
CC
CC
CC
CC
CC
ENDCHAR
STARTCHAR I
ENCODING 73
SWIDTH 231 0
DWIDTH 3 0
BBX 2 10 0 0
BITMAP
C0
C0
C0
C0
C0
C0
C0
C0
C0
C0
ENDCHAR
STARTCHAR J
ENCODING 74
SWIDTH 538 0
DWIDTH 7 0
BBX 6 10 0 0
BITMAP
3C
3C
0C
0C
0C
0C
0C
CC
FC
7C
ENDCHAR
STARTCHAR K
ENCODING 75
SWIDTH 538 0
DWIDTH 7 0
BBX 6 10 0 0
BITMAP
CC
CC
D8
F0
E0
F0
D8
CC
CC
CC
ENDCHAR
STARTCHAR L
ENCODING 76
SWIDTH 385 0
DWIDTH 5 0
BBX 4 10 0 0
BITMAP
C0
C0
C0
C0
C0
C0
C0
C0
F0
F0
ENDCHAR
STARTCHAR M
ENCODING 77
SWIDTH 615 0
DWIDTH 8 0
BBX 7 10 0 0
BITMAP
44
EE
FE
FE
D6
D6
C6
C6
C6
C6
ENDCHAR
STARTCHAR N
ENCODING 78
SWIDTH 538 0
DWIDTH 7 0
BBX 6 10 0 0
BITMAP
CC
CC
EC
EC
FC
DC
DC
CC
CC
CC
ENDCHAR
STARTCHAR O
ENCODING 79
SWIDTH 538 0
DWIDTH 7 0
BBX 6 10 0 0
BITMAP
78
CC
CC
CC
CC
CC
CC
CC
FC
78
ENDCHAR
STARTCHAR P
ENCODING 80
SWIDTH 538 0
DWIDTH 7 0
BBX 6 10 0 0
BITMAP
F8
FC
CC
CC
FC
F8
C0
C0
C0
C0
ENDCHAR
STARTCHAR Q
ENCODING 81
SWIDTH 615 0
DWIDTH 8 0
BBX 7 11 0 -1
BITMAP
7C
C6
C6
C6
C6
C6
C6
C6
DE
7C
06
ENDCHAR
STARTCHAR R
ENCODING 82
SWIDTH 538 0
DWIDTH 7 0
BBX 6 10 0 0
BITMAP
F8
FC
CC
CC
FC
F8
F0
D8
CC
CC
ENDCHAR
STARTCHAR S
ENCODING 83
SWIDTH 462 0
DWIDTH 6 0
BBX 5 10 0 0
BITMAP
70
F8
D8
C0
F0
78
18
D8
F8
70
ENDCHAR
STARTCHAR T
ENCODING 84
SWIDTH 538 0
DWIDTH 7 0
BBX 6 10 0 0
BITMAP
FC
FC
30
30
30
30
30
30
30
30
ENDCHAR
STARTCHAR U
ENCODING 85
SWIDTH 538 0
DWIDTH 7 0
BBX 6 10 0 0
BITMAP
CC
CC
CC
CC
CC
CC
CC
CC
FC
78
ENDCHAR
STARTCHAR V
ENCODING 86
SWIDTH 615 0
DWIDTH 8 0
BBX 7 10 0 0
BITMAP
C6
C6
C6
C6
44
6C
6C
38
38
10
ENDCHAR
STARTCHAR W
ENCODING 87
SWIDTH 615 0
DWIDTH 8 0
BBX 7 10 0 0
BITMAP
C6
C6
C6
C6
D6
D6
D6
FE
EE
44
ENDCHAR
STARTCHAR X
ENCODING 88
SWIDTH 615 0
DWIDTH 8 0
BBX 7 10 0 0
BITMAP
C6
C6
6C
6C
38
38
6C
6C
C6
C6
ENDCHAR
STARTCHAR Y
ENCODING 89
SWIDTH 615 0
DWIDTH 8 0
BBX 6 10 1 0
BITMAP
CC
CC
CC
78
78
30
30
30
30
30
ENDCHAR
STARTCHAR Z
ENCODING 90
SWIDTH 615 0
DWIDTH 8 0
BBX 7 10 0 0
BITMAP
FE
06
06
0C
18
30
60
C0
C0
FE
ENDCHAR
STARTCHAR bracketleft
ENCODING 91
SWIDTH 538 0
DWIDTH 7 0
BBX 5 11 1 -1
BITMAP
F8
C0
C0
C0
C0
C0
C0
C0
C0
C0
F8
ENDCHAR
STARTCHAR backslash
ENCODING 92
SWIDTH 615 0
DWIDTH 8 0
BBX 7 10 0 0
BITMAP
80
C0
C0
60
30
18
0C
06
06
02
ENDCHAR
STARTCHAR bracketright
ENCODING 93
SWIDTH 538 0
DWIDTH 7 0
BBX 5 11 1 -1
BITMAP
F8
18
18
18
18
18
18
18
18
18
F8
ENDCHAR
STARTCHAR asciicircum
ENCODING 94
SWIDTH 615 0
DWIDTH 8 0
BBX 7 4 0 6
BITMAP
10
38
6C
C6
ENDCHAR
STARTCHAR underscore
ENCODING 95
SWIDTH 615 0
DWIDTH 8 0
BBX 7 1 0 -1
BITMAP
FE
ENDCHAR
STARTCHAR grave
ENCODING 96
SWIDTH 538 0
DWIDTH 7 0
BBX 4 3 2 7
BITMAP
C0
60
30
ENDCHAR
STARTCHAR a
ENCODING 97
SWIDTH 538 0
DWIDTH 7 0
BBX 6 7 0 0
BITMAP
38
7C
0C
7C
CC
FC
7C
ENDCHAR
STARTCHAR b
ENCODING 98
SWIDTH 538 0
DWIDTH 7 0
BBX 6 10 0 0
BITMAP
C0
C0
C0
F8
FC
CC
CC
CC
FC
F8
ENDCHAR
STARTCHAR c
ENCODING 99
SWIDTH 462 0
DWIDTH 6 0
BBX 5 7 0 0
BITMAP
70
F8
C0
C0
C0
F8
70
ENDCHAR
STARTCHAR d
ENCODING 100
SWIDTH 538 0
DWIDTH 7 0
BBX 6 10 0 0
BITMAP
0C
0C
0C
7C
FC
CC
CC
CC
FC
7C
ENDCHAR
STARTCHAR e
ENCODING 101
SWIDTH 538 0
DWIDTH 7 0
BBX 6 7 0 0
BITMAP
78
FC
CC
FC
C0
FC
78
ENDCHAR
STARTCHAR f
ENCODING 102
SWIDTH 385 0
DWIDTH 5 0
BBX 4 10 0 0
BITMAP
30
70
60
60
60
F0
60
60
60
60
ENDCHAR
STARTCHAR g
ENCODING 103
SWIDTH 538 0
DWIDTH 7 0
BBX 6 9 0 -2
BITMAP
7C
FC
CC
CC
7C
7C
0C
FC
78
ENDCHAR
STARTCHAR h
ENCODING 104
SWIDTH 538 0
DWIDTH 7 0
BBX 6 10 0 0
BITMAP
C0
C0
C0
F8
FC
CC
CC
CC
CC
CC
ENDCHAR
STARTCHAR i
ENCODING 105
SWIDTH 231 0
DWIDTH 3 0
BBX 2 10 0 0
BITMAP
C0
C0
00
C0
C0
C0
C0
C0
C0
C0
ENDCHAR
STARTCHAR j
ENCODING 106
SWIDTH 308 0
DWIDTH 4 0
BBX 3 12 0 -2
BITMAP
60
60
00
60
60
60
60
60
60
60
60
C0
ENDCHAR
STARTCHAR k
ENCODING 107
SWIDTH 538 0
DWIDTH 7 0
BBX 6 10 0 0
BITMAP
C0
C0
C0
CC
D8
F0
F0
D8
CC
CC
ENDCHAR
STARTCHAR l
ENCODING 108
SWIDTH 308 0
DWIDTH 4 0
BBX 3 10 0 0
BITMAP
C0
C0
C0
C0
C0
C0
C0
C0
E0
60
ENDCHAR
STARTCHAR m
ENCODING 109
SWIDTH 615 0
DWIDTH 8 0
BBX 7 7 0 0
BITMAP
EC
FE
D6
D6
C6
C6
C6
ENDCHAR
STARTCHAR n
ENCODING 110
SWIDTH 538 0
DWIDTH 7 0
BBX 6 7 0 0
BITMAP
F8
FC
CC
CC
CC
CC
CC
ENDCHAR
STARTCHAR o
ENCODING 111
SWIDTH 538 0
DWIDTH 7 0
BBX 6 7 0 0
BITMAP
78
FC
CC
CC
CC
FC
78
ENDCHAR
STARTCHAR p
ENCODING 112
SWIDTH 538 0
DWIDTH 7 0
BBX 6 9 0 -2
BITMAP
F8
FC
CC
CC
CC
FC
F8
C0
C0
ENDCHAR
STARTCHAR q
ENCODING 113
SWIDTH 538 0
DWIDTH 7 0
BBX 6 9 0 -2
BITMAP
7C
FC
CC
CC
CC
FC
7C
0C
0C
ENDCHAR
STARTCHAR r
ENCODING 114
SWIDTH 462 0
DWIDTH 6 0
BBX 5 7 0 0
BITMAP
D8
F8
E0
C0
C0
C0
C0
ENDCHAR
STARTCHAR s
ENCODING 115
SWIDTH 462 0
DWIDTH 6 0
BBX 5 7 0 0
BITMAP
70
F8
C0
70
18
F8
70
ENDCHAR
STARTCHAR t
ENCODING 116
SWIDTH 385 0
DWIDTH 5 0
BBX 4 10 0 0
BITMAP
60
60
60
F0
F0
60
60
60
70
30
ENDCHAR
STARTCHAR u
ENCODING 117
SWIDTH 538 0
DWIDTH 7 0
BBX 6 7 0 0
BITMAP
CC
CC
CC
CC
CC
FC
7C
ENDCHAR
STARTCHAR v
ENCODING 118
SWIDTH 615 0
DWIDTH 8 0
BBX 7 7 0 0
BITMAP
C6
C6
C6
C6
6C
6C
38
ENDCHAR
STARTCHAR w
ENCODING 119
SWIDTH 615 0
DWIDTH 8 0
BBX 7 7 0 0
BITMAP
D6
D6
D6
D6
D6
FE
6C
ENDCHAR
STARTCHAR x
ENCODING 120
SWIDTH 538 0
DWIDTH 7 0
BBX 6 7 0 0
BITMAP
CC
CC
78
30
78
CC
CC
ENDCHAR
STARTCHAR y
ENCODING 121
SWIDTH 538 0
DWIDTH 7 0
BBX 6 9 0 -2
BITMAP
CC
CC
CC
CC
FC
7C
04
C4
7C
ENDCHAR
STARTCHAR z
ENCODING 122
SWIDTH 538 0
DWIDTH 7 0
BBX 6 7 0 0
BITMAP
FC
FC
18
30
60
FC
FC
ENDCHAR
STARTCHAR braceleft
ENCODING 123
SWIDTH 615 0
DWIDTH 8 0
BBX 6 11 1 -1
BITMAP
3C
60
60
60
30
E0
30
60
60
60
3C
ENDCHAR
STARTCHAR bar
ENCODING 124
SWIDTH 462 0
DWIDTH 6 0
BBX 2 10 3 0
BITMAP
C0
C0
C0
C0
C0
C0
C0
C0
C0
C0
ENDCHAR
STARTCHAR braceright
ENCODING 125
SWIDTH 615 0
DWIDTH 8 0
BBX 6 11 1 -1
BITMAP
F0
18
18
18
30
1C
30
18
18
18
F0
ENDCHAR
STARTCHAR asciitilde
ENCODING 126
SWIDTH 615 0
DWIDTH 8 0
BBX 7 3 0 6
BITMAP
72
FE
9C
ENDCHAR
STARTCHAR uni007F
ENCODING 127
SWIDTH 154 0
DWIDTH 2 0
BBX 1 1 0 0
BITMAP
00
ENDCHAR
STARTCHAR uni0080
ENCODING 128
SWIDTH 154 0
DWIDTH 2 0
BBX 1 1 0 0
BITMAP
00
ENDCHAR
STARTCHAR uni0081
ENCODING 129
SWIDTH 154 0
DWIDTH 2 0
BBX 1 1 0 0
BITMAP
00
ENDCHAR
STARTCHAR uni0082
ENCODING 130
SWIDTH 154 0
DWIDTH 2 0
BBX 1 1 0 0
BITMAP
00
ENDCHAR
STARTCHAR uni0083
ENCODING 131
SWIDTH 154 0
DWIDTH 2 0
BBX 1 1 0 0
BITMAP
00
ENDCHAR
STARTCHAR uni0084
ENCODING 132
SWIDTH 154 0
DWIDTH 2 0
BBX 1 1 0 0
BITMAP
00
ENDCHAR
STARTCHAR uni0085
ENCODING 133
SWIDTH 154 0
DWIDTH 2 0
BBX 1 1 0 0
BITMAP
00
ENDCHAR
STARTCHAR uni0086
ENCODING 134
SWIDTH 154 0
DWIDTH 2 0
BBX 1 1 0 0
BITMAP
00
ENDCHAR
STARTCHAR uni0087
ENCODING 135
SWIDTH 154 0
DWIDTH 2 0
BBX 1 1 0 0
BITMAP
00
ENDCHAR
STARTCHAR uni0088
ENCODING 136
SWIDTH 154 0
DWIDTH 2 0
BBX 1 1 0 0
BITMAP
00
ENDCHAR
STARTCHAR uni0089
ENCODING 137
SWIDTH 154 0
DWIDTH 2 0
BBX 1 1 0 0
BITMAP
00
ENDCHAR
STARTCHAR uni008A
ENCODING 138
SWIDTH 154 0
DWIDTH 2 0
BBX 1 1 0 0
BITMAP
00
ENDCHAR
STARTCHAR uni008B
ENCODING 139
SWIDTH 154 0
DWIDTH 2 0
BBX 1 1 0 0
BITMAP
00
ENDCHAR
STARTCHAR uni008C
ENCODING 140
SWIDTH 154 0
DWIDTH 2 0
BBX 1 1 0 0
BITMAP
00
ENDCHAR
STARTCHAR uni008D
ENCODING 141
SWIDTH 154 0
DWIDTH 2 0
BBX 1 1 0 0
BITMAP
00
ENDCHAR
STARTCHAR uni008E
ENCODING 142
SWIDTH 154 0
DWIDTH 2 0
BBX 1 1 0 0
BITMAP
00
ENDCHAR
STARTCHAR uni008F
ENCODING 143
SWIDTH 154 0
DWIDTH 2 0
BBX 1 1 0 0
BITMAP
00
ENDCHAR
STARTCHAR uni0090
ENCODING 144
SWIDTH 154 0
DWIDTH 2 0
BBX 1 1 0 0
BITMAP
00
ENDCHAR
STARTCHAR uni0091
ENCODING 145
SWIDTH 154 0
DWIDTH 2 0
BBX 1 1 0 0
BITMAP
00
ENDCHAR
STARTCHAR uni0092
ENCODING 146
SWIDTH 154 0
DWIDTH 2 0
BBX 1 1 0 0
BITMAP
00
ENDCHAR
STARTCHAR uni0093
ENCODING 147
SWIDTH 154 0
DWIDTH 2 0
BBX 1 1 0 0
BITMAP
00
ENDCHAR
STARTCHAR uni0094
ENCODING 148
SWIDTH 154 0
DWIDTH 2 0
BBX 1 1 0 0
BITMAP
00
ENDCHAR
STARTCHAR uni0095
ENCODING 149
SWIDTH 154 0
DWIDTH 2 0
BBX 1 1 0 0
BITMAP
00
ENDCHAR
STARTCHAR uni0096
ENCODING 150
SWIDTH 154 0
DWIDTH 2 0
BBX 1 1 0 0
BITMAP
00
ENDCHAR
STARTCHAR uni0097
ENCODING 151
SWIDTH 154 0
DWIDTH 2 0
BBX 1 1 0 0
BITMAP
00
ENDCHAR
STARTCHAR uni0098
ENCODING 152
SWIDTH 154 0
DWIDTH 2 0
BBX 1 1 0 0
BITMAP
00
ENDCHAR
STARTCHAR uni0099
ENCODING 153
SWIDTH 154 0
DWIDTH 2 0
BBX 1 1 0 0
BITMAP
00
ENDCHAR
STARTCHAR uni009A
ENCODING 154
SWIDTH 154 0
DWIDTH 2 0
BBX 1 1 0 0
BITMAP
00
ENDCHAR
STARTCHAR uni009B
ENCODING 155
SWIDTH 154 0
DWIDTH 2 0
BBX 1 1 0 0
BITMAP
00
ENDCHAR
STARTCHAR uni009C
ENCODING 156
SWIDTH 154 0
DWIDTH 2 0
BBX 1 1 0 0
BITMAP
00
ENDCHAR
STARTCHAR uni009D
ENCODING 157
SWIDTH 154 0
DWIDTH 2 0
BBX 1 1 0 0
BITMAP
00
ENDCHAR
STARTCHAR uni009E
ENCODING 158
SWIDTH 154 0
DWIDTH 2 0
BBX 1 1 0 0
BITMAP
00
ENDCHAR
STARTCHAR uni009F
ENCODING 159
SWIDTH 154 0
DWIDTH 2 0
BBX 1 1 0 0
BITMAP
00
ENDCHAR
STARTCHAR space
ENCODING 160
SWIDTH 154 0
DWIDTH 2 0
BBX 1 1 7 -2
BITMAP
00
ENDCHAR
STARTCHAR exclamdown
ENCODING 161
SWIDTH 462 0
DWIDTH 6 0
BBX 2 10 3 0
BITMAP
C0
C0
00
C0
C0
C0
C0
C0
C0
C0
ENDCHAR
STARTCHAR cent
ENCODING 162
SWIDTH 538 0
DWIDTH 7 0
BBX 6 8 0 1
BITMAP
10
7C
D4
D0
D0
D4
7C
10
ENDCHAR
STARTCHAR sterling
ENCODING 163
SWIDTH 615 0
DWIDTH 8 0
BBX 7 11 0 -1
BITMAP
3C
66
60
60
FC
60
60
60
F0
BE
E0
ENDCHAR
STARTCHAR currency
ENCODING 164
SWIDTH 615 0
DWIDTH 8 0
BBX 7 7 0 1
BITMAP
C6
FE
6C
44
6C
FE
C6
ENDCHAR
STARTCHAR yen
ENCODING 165
SWIDTH 615 0
DWIDTH 8 0
BBX 6 10 1 0
BITMAP
CC
CC
CC
78
78
FC
30
FC
30
30
ENDCHAR
STARTCHAR brokenbar
ENCODING 166
SWIDTH 462 0
DWIDTH 6 0
BBX 2 10 3 0
BITMAP
C0
C0
C0
C0
00
00
C0
C0
C0
C0
ENDCHAR
STARTCHAR section
ENCODING 167
SWIDTH 615 0
DWIDTH 8 0
BBX 6 10 1 0
BITMAP
78
CC
C0
78
CC
CC
78
0C
CC
78
ENDCHAR
STARTCHAR dieresis
ENCODING 168
SWIDTH 538 0
DWIDTH 7 0
BBX 5 2 1 8
BITMAP
D8
D8
ENDCHAR
STARTCHAR copyright
ENCODING 169
SWIDTH 615 0
DWIDTH 8 0
BBX 7 9 0 1
BITMAP
7C
C6
BA
EA
E2
EA
BA
C6
7C
ENDCHAR
STARTCHAR ordfeminine
ENCODING 170
SWIDTH 538 0
DWIDTH 7 0
BBX 5 7 1 3
BITMAP
F0
18
F8
98
F8
00
F8
ENDCHAR
STARTCHAR guillemotleft
ENCODING 171
SWIDTH 615 0
DWIDTH 8 0
BBX 7 7 0 1
BITMAP
36
6C
D8
B0
D8
6C
36
ENDCHAR
STARTCHAR logicalnot
ENCODING 172
SWIDTH 538 0
DWIDTH 7 0
BBX 6 5 0 1
BITMAP
FC
FC
04
04
04
ENDCHAR
STARTCHAR hyphen
ENCODING 173
SWIDTH 385 0
DWIDTH 5 0
BBX 4 4 0 1
BITMAP
00
F0
F0
00
ENDCHAR
STARTCHAR registered
ENCODING 174
SWIDTH 615 0
DWIDTH 8 0
BBX 7 9 0 1
BITMAP
7C
C6
BA
AA
BA
B2
AA
C6
7C
ENDCHAR
STARTCHAR macron
ENCODING 175
SWIDTH 615 0
DWIDTH 8 0
BBX 6 1 1 10
BITMAP
FC
ENDCHAR
STARTCHAR degree
ENCODING 176
SWIDTH 615 0
DWIDTH 8 0
BBX 6 4 1 6
BITMAP
78
CC
CC
78
ENDCHAR
STARTCHAR plusminus
ENCODING 177
SWIDTH 615 0
DWIDTH 8 0
BBX 6 7 1 1
BITMAP
30
30
FC
30
30
00
FC
ENDCHAR
STARTCHAR twosuperior
ENCODING 178
SWIDTH 462 0
DWIDTH 6 0
BBX 4 6 1 4
BITMAP
E0
B0
30
60
C0
F0
ENDCHAR
STARTCHAR threesuperior
ENCODING 179
SWIDTH 462 0
DWIDTH 6 0
BBX 4 6 1 4
BITMAP
E0
B0
60
30
B0
E0
ENDCHAR
STARTCHAR acute
ENCODING 180
SWIDTH 538 0
DWIDTH 7 0
BBX 4 3 2 7
BITMAP
30
60
C0
ENDCHAR
STARTCHAR mu
ENCODING 181
SWIDTH 615 0
DWIDTH 8 0
BBX 7 9 0 -2
BITMAP
C6
C6
C6
C6
C6
EE
FC
C0
C0
ENDCHAR
STARTCHAR paragraph
ENCODING 182
SWIDTH 615 0
DWIDTH 8 0
BBX 7 11 0 -1
BITMAP
3E
7A
CA
CA
CA
7A
3A
0A
0A
0A
0E
ENDCHAR
STARTCHAR periodcentered
ENCODING 183
SWIDTH 231 0
DWIDTH 3 0
BBX 2 2 0 0
BITMAP
C0
C0
ENDCHAR
STARTCHAR cedilla
ENCODING 184
SWIDTH 462 0
DWIDTH 6 0
BBX 4 3 1 -2
BITMAP
30
90
60
ENDCHAR
STARTCHAR onesuperior
ENCODING 185
SWIDTH 462 0
DWIDTH 6 0
BBX 4 6 1 4
BITMAP
60
E0
60
60
60
F0
ENDCHAR
STARTCHAR ordmasculine
ENCODING 186
SWIDTH 538 0
DWIDTH 7 0
BBX 5 7 1 3
BITMAP
70
F8
88
F8
70
00
F8
ENDCHAR
STARTCHAR guillemotright
ENCODING 187
SWIDTH 615 0
DWIDTH 8 0
BBX 7 7 0 1
BITMAP
D8
6C
36
1A
36
6C
D8
ENDCHAR
STARTCHAR onequarter
ENCODING 188
SWIDTH 615 0
DWIDTH 8 0
BBX 7 10 0 0
BITMAP
60
E0
60
60
62
F6
0E
1A
1E
06
ENDCHAR
STARTCHAR onehalf
ENCODING 189
SWIDTH 615 0
DWIDTH 8 0
BBX 7 10 0 0
BITMAP
60
E0
60
60
7C
F6
06
0C
18
1E
ENDCHAR
STARTCHAR threequarters
ENCODING 190
SWIDTH 615 0
DWIDTH 8 0
BBX 7 10 0 0
BITMAP
E0
B0
60
30
B2
E6
0E
1A
1E
06
ENDCHAR
STARTCHAR questiondown
ENCODING 191
SWIDTH 615 0
DWIDTH 8 0
BBX 6 10 1 0
BITMAP
30
30
00
30
30
60
C0
CC
CC
78
ENDCHAR
STARTCHAR Agrave
ENCODING 192
SWIDTH 615 0
DWIDTH 8 0
BBX 7 10 0 0
BITMAP
30
18
00
38
7C
C6
C6
FE
C6
C6
ENDCHAR
STARTCHAR Aacute
ENCODING 193
SWIDTH 615 0
DWIDTH 8 0
BBX 7 10 0 0
BITMAP
18
30
00
38
7C
C6
C6
FE
C6
C6
ENDCHAR
STARTCHAR Acircumflex
ENCODING 194
SWIDTH 615 0
DWIDTH 8 0
BBX 7 10 0 0
BITMAP
38
6C
00
38
7C
C6
C6
FE
C6
C6
ENDCHAR
STARTCHAR Atilde
ENCODING 195
SWIDTH 615 0
DWIDTH 8 0
BBX 7 10 0 0
BITMAP
34
58
00
38
7C
C6
C6
FE
C6
C6
ENDCHAR
STARTCHAR Adieresis
ENCODING 196
SWIDTH 615 0
DWIDTH 8 0
BBX 7 10 0 0
BITMAP
6C
6C
00
38
7C
C6
C6
FE
C6
C6
ENDCHAR
STARTCHAR Aring
ENCODING 197
SWIDTH 615 0
DWIDTH 8 0
BBX 7 11 0 0
BITMAP
18
24
18
00
38
7C
C6
C6
FE
C6
C6
ENDCHAR
STARTCHAR AE
ENCODING 198
SWIDTH 615 0
DWIDTH 8 0
BBX 7 10 0 0
BITMAP
7E
F8
D8
D8
D8
FC
D8
D8
D8
DE
ENDCHAR
STARTCHAR Ccedilla
ENCODING 199
SWIDTH 615 0
DWIDTH 8 0
BBX 7 12 0 -2
BITMAP
7C
E6
C0
C0
C0
C0
C0
E6
7C
18
48
30
ENDCHAR
STARTCHAR Egrave
ENCODING 200
SWIDTH 615 0
DWIDTH 8 0
BBX 7 10 0 0
BITMAP
30
18
00
FE
C0
C0
F8
C0
C0
FE
ENDCHAR
STARTCHAR Eacute
ENCODING 201
SWIDTH 615 0
DWIDTH 8 0
BBX 7 10 0 0
BITMAP
18
30
00
FE
C0
C0
F8
C0
C0
FE
ENDCHAR
STARTCHAR Ecircumflex
ENCODING 202
SWIDTH 615 0
DWIDTH 8 0
BBX 7 10 0 0
BITMAP
38
6C
00
FE
C0
C0
F8
C0
C0
FE
ENDCHAR
STARTCHAR Edieresis
ENCODING 203
SWIDTH 615 0
DWIDTH 8 0
BBX 7 10 0 0
BITMAP
6C
6C
00
FE
C0
C0
F8
C0
C0
FE
ENDCHAR
STARTCHAR Igrave
ENCODING 204
SWIDTH 538 0
DWIDTH 7 0
BBX 4 10 2 0
BITMAP
C0
60
00
F0
60
60
60
60
60
F0
ENDCHAR
STARTCHAR Iacute
ENCODING 205
SWIDTH 538 0
DWIDTH 7 0
BBX 4 10 2 0
BITMAP
30
60
00
F0
60
60
60
60
60
F0
ENDCHAR
STARTCHAR Icircumflex
ENCODING 206
SWIDTH 615 0
DWIDTH 8 0
BBX 5 10 2 0
BITMAP
70
D8
00
F0
60
60
60
60
60
F0
ENDCHAR
STARTCHAR Idieresis
ENCODING 207
SWIDTH 615 0
DWIDTH 8 0
BBX 5 10 2 0
BITMAP
D8
D8
00
F0
60
60
60
60
60
F0
ENDCHAR
STARTCHAR Eth
ENCODING 208
SWIDTH 615 0
DWIDTH 8 0
BBX 7 8 0 0
BITMAP
FC
66
66
F6
66
66
66
FC
ENDCHAR
STARTCHAR Ntilde
ENCODING 209
SWIDTH 615 0
DWIDTH 8 0
BBX 7 10 0 0
BITMAP
34
58
00
C6
E6
F6
D6
DE
CE
C6
ENDCHAR
STARTCHAR Ograve
ENCODING 210
SWIDTH 615 0
DWIDTH 8 0
BBX 7 11 0 0
BITMAP
30
18
00
7C
C6
C6
C6
C6
C6
C6
7C
ENDCHAR
STARTCHAR Oacute
ENCODING 211
SWIDTH 615 0
DWIDTH 8 0
BBX 7 11 0 0
BITMAP
18
30
00
7C
C6
C6
C6
C6
C6
C6
7C
ENDCHAR
STARTCHAR Ocircumflex
ENCODING 212
SWIDTH 615 0
DWIDTH 8 0
BBX 7 11 0 0
BITMAP
38
6C
00
7C
C6
C6
C6
C6
C6
C6
7C
ENDCHAR
STARTCHAR Otilde
ENCODING 213
SWIDTH 615 0
DWIDTH 8 0
BBX 7 11 0 0
BITMAP
34
58
00
7C
C6
C6
C6
C6
C6
C6
7C
ENDCHAR
STARTCHAR Odieresis
ENCODING 214
SWIDTH 615 0
DWIDTH 8 0
BBX 7 11 0 0
BITMAP
6C
6C
00
7C
C6
C6
C6
C6
C6
C6
7C
ENDCHAR
STARTCHAR multiply
ENCODING 215
SWIDTH 615 0
DWIDTH 8 0
BBX 7 7 0 0
BITMAP
C6
C6
7C
38
7C
C6
C6
ENDCHAR
STARTCHAR Oslash
ENCODING 216
SWIDTH 615 0
DWIDTH 8 0
BBX 7 10 0 -1
BITMAP
02
7C
CE
D6
D6
D6
D6
E6
7C
80
ENDCHAR
STARTCHAR Ugrave
ENCODING 217
SWIDTH 615 0
DWIDTH 8 0
BBX 7 10 0 0
BITMAP
30
18
00
C6
C6
C6
C6
C6
C6
7C
ENDCHAR
STARTCHAR Uacute
ENCODING 218
SWIDTH 615 0
DWIDTH 8 0
BBX 7 10 0 0
BITMAP
18
30
00
C6
C6
C6
C6
C6
C6
7C
ENDCHAR
STARTCHAR Ucircumflex
ENCODING 219
SWIDTH 615 0
DWIDTH 8 0
BBX 7 10 0 0
BITMAP
38
6C
00
C6
C6
C6
C6
C6
C6
7C
ENDCHAR
STARTCHAR Udieresis
ENCODING 220
SWIDTH 615 0
DWIDTH 8 0
BBX 7 10 0 0
BITMAP
6C
6C
00
C6
C6
C6
C6
C6
C6
7C
ENDCHAR
STARTCHAR Yacute
ENCODING 221
SWIDTH 615 0
DWIDTH 8 0
BBX 6 10 1 0
BITMAP
18
30
00
CC
48
78
30
30
30
30
ENDCHAR
STARTCHAR Thorn
ENCODING 222
SWIDTH 615 0
DWIDTH 8 0
BBX 7 9 0 0
BITMAP
C0
FC
C6
C6
C6
FC
C0
C0
C0
ENDCHAR
STARTCHAR germandbls
ENCODING 223
SWIDTH 538 0
DWIDTH 7 0
BBX 6 12 0 -2
BITMAP
78
CC
CC
DC
D8
D8
CC
CC
DC
D8
C0
C0
ENDCHAR
STARTCHAR agrave
ENCODING 224
SWIDTH 615 0
DWIDTH 8 0
BBX 7 10 0 0
BITMAP
30
18
00
7C
06
7E
C6
C6
CE
76
ENDCHAR
STARTCHAR aacute
ENCODING 225
SWIDTH 615 0
DWIDTH 8 0
BBX 7 10 0 0
BITMAP
18
30
00
7C
06
7E
C6
C6
CE
76
ENDCHAR
STARTCHAR acircumflex
ENCODING 226
SWIDTH 615 0
DWIDTH 8 0
BBX 7 10 0 0
BITMAP
38
6C
00
7C
06
7E
C6
C6
CE
76
ENDCHAR
STARTCHAR atilde
ENCODING 227
SWIDTH 615 0
DWIDTH 8 0
BBX 7 10 0 0
BITMAP
34
58
00
7C
06
7E
C6
C6
CE
76
ENDCHAR
STARTCHAR adieresis
ENCODING 228
SWIDTH 538 0
DWIDTH 7 0
BBX 6 9 0 0
BITMAP
44
00
38
7C
0C
7C
CC
FC
7C
ENDCHAR
STARTCHAR aring
ENCODING 229
SWIDTH 615 0
DWIDTH 8 0
BBX 7 11 0 0
BITMAP
18
24
18
00
7C
06
7E
C6
C6
CE
76
ENDCHAR
STARTCHAR ae
ENCODING 230
SWIDTH 615 0
DWIDTH 8 0
BBX 7 7 0 0
BITMAP
6C
DA
1A
7C
D8
DA
6C
ENDCHAR
STARTCHAR ccedilla
ENCODING 231
SWIDTH 615 0
DWIDTH 8 0
BBX 7 10 0 -2
BITMAP
7C
E6
C0
C0
C0
E6
7C
18
48
30
ENDCHAR
STARTCHAR egrave
ENCODING 232
SWIDTH 615 0
DWIDTH 8 0
BBX 7 10 0 0
BITMAP
30
18
00
7C
C6
C6
FE
C0
C6
7C
ENDCHAR
STARTCHAR eacute
ENCODING 233
SWIDTH 615 0
DWIDTH 8 0
BBX 7 10 0 0
BITMAP
18
30
00
7C
C6
C6
FE
C0
C6
7C
ENDCHAR
STARTCHAR ecircumflex
ENCODING 234
SWIDTH 615 0
DWIDTH 8 0
BBX 7 10 0 0
BITMAP
38
6C
00
7C
C6
C6
FE
C0
C6
7C
ENDCHAR
STARTCHAR edieresis
ENCODING 235
SWIDTH 615 0
DWIDTH 8 0
BBX 7 10 0 0
BITMAP
6C
6C
00
7C
C6
C6
FE
C0
C6
7C
ENDCHAR
STARTCHAR igrave
ENCODING 236
SWIDTH 538 0
DWIDTH 7 0
BBX 4 10 2 0
BITMAP
C0
60
00
E0
60
60
60
60
60
F0
ENDCHAR
STARTCHAR iacute
ENCODING 237
SWIDTH 538 0
DWIDTH 7 0
BBX 4 10 2 0
BITMAP
60
C0
00
E0
60
60
60
60
60
F0
ENDCHAR
STARTCHAR icircumflex
ENCODING 238
SWIDTH 538 0
DWIDTH 7 0
BBX 5 10 1 0
BITMAP
70
D8
00
70
30
30
30
30
30
78
ENDCHAR
STARTCHAR idieresis
ENCODING 239
SWIDTH 538 0
DWIDTH 7 0
BBX 5 10 1 0
BITMAP
D8
D8
00
70
30
30
30
30
30
78
ENDCHAR
STARTCHAR eth
ENCODING 240
SWIDTH 615 0
DWIDTH 8 0
BBX 7 10 0 0
BITMAP
6C
38
78
0C
7E
C6
C6
C6
C6
7C
ENDCHAR
STARTCHAR ntilde
ENCODING 241
SWIDTH 615 0
DWIDTH 8 0
BBX 7 10 0 0
BITMAP
34
58
00
DC
E6
C6
C6
C6
C6
C6
ENDCHAR
STARTCHAR ograve
ENCODING 242
SWIDTH 615 0
DWIDTH 8 0
BBX 7 10 0 0
BITMAP
30
18
00
7C
C6
C6
C6
C6
C6
7C
ENDCHAR
STARTCHAR oacute
ENCODING 243
SWIDTH 615 0
DWIDTH 8 0
BBX 7 10 0 0
BITMAP
18
30
00
7C
C6
C6
C6
C6
C6
7C
ENDCHAR
STARTCHAR ocircumflex
ENCODING 244
SWIDTH 615 0
DWIDTH 8 0
BBX 7 10 0 0
BITMAP
38
6C
00
7C
C6
C6
C6
C6
C6
7C
ENDCHAR
STARTCHAR otilde
ENCODING 245
SWIDTH 615 0
DWIDTH 8 0
BBX 7 10 0 0
BITMAP
34
58
00
7C
C6
C6
C6
C6
C6
7C
ENDCHAR
STARTCHAR odieresis
ENCODING 246
SWIDTH 615 0
DWIDTH 8 0
BBX 7 10 0 0
BITMAP
6C
6C
00
7C
C6
C6
C6
C6
C6
7C
ENDCHAR
STARTCHAR divide
ENCODING 247
SWIDTH 615 0
DWIDTH 8 0
BBX 6 7 1 1
BITMAP
30
30
00
FC
00
30
30
ENDCHAR
STARTCHAR oslash
ENCODING 248
SWIDTH 615 0
DWIDTH 8 0
BBX 7 9 0 -1
BITMAP
02
7C
CE
D6
D6
D6
E6
7C
80
ENDCHAR
STARTCHAR ugrave
ENCODING 249
SWIDTH 615 0
DWIDTH 8 0
BBX 7 10 0 0
BITMAP
30
18
00
C6
C6
C6
C6
C6
CE
76
ENDCHAR
STARTCHAR uacute
ENCODING 250
SWIDTH 615 0
DWIDTH 8 0
BBX 7 10 0 0
BITMAP
18
30
00
C6
C6
C6
C6
C6
CE
76
ENDCHAR
STARTCHAR ucircumflex
ENCODING 251
SWIDTH 615 0
DWIDTH 8 0
BBX 7 10 0 0
BITMAP
38
6C
00
C6
C6
C6
C6
C6
CE
76
ENDCHAR
STARTCHAR udieresis
ENCODING 252
SWIDTH 615 0
DWIDTH 8 0
BBX 7 10 0 0
BITMAP
6C
6C
00
C6
C6
C6
C6
C6
CE
76
ENDCHAR
STARTCHAR yacute
ENCODING 253
SWIDTH 615 0
DWIDTH 8 0
BBX 7 12 0 -2
BITMAP
18
30
00
C6
C6
C6
C6
CE
76
06
C6
7C
ENDCHAR
STARTCHAR thorn
ENCODING 254
SWIDTH 615 0
DWIDTH 8 0
BBX 7 11 0 -2
BITMAP
C0
C0
DC
E6
C6
C6
C6
E6
DC
C0
C0
ENDCHAR
STARTCHAR ydieresis
ENCODING 255
SWIDTH 615 0
DWIDTH 8 0
BBX 7 12 0 -2
BITMAP
6C
6C
00
C6
C6
C6
C6
CE
76
06
C6
7C
ENDCHAR
STARTCHAR Amacron
ENCODING 256
SWIDTH 615 0
DWIDTH 8 0
BBX 7 10 0 0
BITMAP
7C
00
38
7C
C6
C6
FE
C6
C6
C6
ENDCHAR
STARTCHAR amacron
ENCODING 257
SWIDTH 615 0
DWIDTH 8 0
BBX 7 9 0 0
BITMAP
7E
00
7C
06
7E
C6
C6
CE
76
ENDCHAR
STARTCHAR Abreve
ENCODING 258
SWIDTH 615 0
DWIDTH 8 0
BBX 7 10 0 0
BITMAP
44
38
00
38
7C
C6
C6
FE
C6
C6
ENDCHAR
STARTCHAR abreve
ENCODING 259
SWIDTH 615 0
DWIDTH 8 0
BBX 7 10 0 0
BITMAP
44
38
00
7C
06
7E
C6
C6
CE
76
ENDCHAR
STARTCHAR Aogonek
ENCODING 260
SWIDTH 692 0
DWIDTH 9 0
BBX 8 12 0 -2
BITMAP
38
7C
C6
C6
C6
FE
C6
C6
C6
C6
0C
07
ENDCHAR
STARTCHAR aogonek
ENCODING 261
SWIDTH 692 0
DWIDTH 9 0
BBX 8 9 0 -2
BITMAP
7C
06
7E
C6
C6
CE
76
0C
07
ENDCHAR
STARTCHAR Cacute
ENCODING 262
SWIDTH 615 0
DWIDTH 8 0
BBX 7 11 0 0
BITMAP
0C
18
00
7C
E6
C6
C0
C0
C6
E6
7C
ENDCHAR
STARTCHAR cacute
ENCODING 263
SWIDTH 615 0
DWIDTH 8 0
BBX 7 10 0 0
BITMAP
0C
18
00
7C
E6
C0
C0
C0
E6
7C
ENDCHAR
STARTCHAR Ccircumflex
ENCODING 264
SWIDTH 615 0
DWIDTH 8 0
BBX 7 11 0 0
BITMAP
38
6C
00
7C
E6
C6
C0
C0
C6
E6
7C
ENDCHAR
STARTCHAR ccircumflex
ENCODING 265
SWIDTH 615 0
DWIDTH 8 0
BBX 7 10 0 0
BITMAP
38
6C
00
7C
E6
C0
C0
C0
E6
7C
ENDCHAR
STARTCHAR Cdotaccent
ENCODING 266
SWIDTH 615 0
DWIDTH 8 0
BBX 7 11 0 0
BITMAP
18
18
00
7C
E6
C6
C0
C0
C6
E6
7C
ENDCHAR
STARTCHAR cdotaccent
ENCODING 267
SWIDTH 615 0
DWIDTH 8 0
BBX 7 10 0 0
BITMAP
18
18
00
7C
E6
C0
C0
C0
E6
7C
ENDCHAR
STARTCHAR Ccaron
ENCODING 268
SWIDTH 615 0
DWIDTH 8 0
BBX 7 11 0 0
BITMAP
6C
38
00
7C
E6
C6
C0
C0
C6
E6
7C
ENDCHAR
STARTCHAR ccaron
ENCODING 269
SWIDTH 615 0
DWIDTH 8 0
BBX 7 10 0 0
BITMAP
6C
38
00
7C
E6
C0
C0
C0
E6
7C
ENDCHAR
STARTCHAR Dcaron
ENCODING 270
SWIDTH 615 0
DWIDTH 8 0
BBX 7 11 0 0
BITMAP
6C
38
00
FC
66
66
66
66
66
66
FC
ENDCHAR
STARTCHAR dcaron
ENCODING 271
SWIDTH 615 0
DWIDTH 8 0
BBX 7 11 0 0
BITMAP
6C
38
00
06
06
06
76
CE
C6
CE
76
ENDCHAR
STARTCHAR Dcroat
ENCODING 272
SWIDTH 615 0
DWIDTH 8 0
BBX 7 9 0 0
BITMAP
FC
66
66
66
F6
66
66
66
FC
ENDCHAR
STARTCHAR dcroat
ENCODING 273
SWIDTH 692 0
DWIDTH 9 0
BBX 8 10 0 0
BITMAP
06
1F
06
06
76
CE
C6
C6
CE
76
ENDCHAR
STARTCHAR Emacron
ENCODING 274
SWIDTH 615 0
DWIDTH 8 0
BBX 7 10 0 0
BITMAP
7C
00
FE
C0
C0
F8
C0
C0
C0
FE
ENDCHAR
STARTCHAR emacron
ENCODING 275
SWIDTH 615 0
DWIDTH 8 0
BBX 7 9 0 0
BITMAP
7C
00
7C
C6
C6
FE
C0
C6
7C
ENDCHAR
STARTCHAR Ebreve
ENCODING 276
SWIDTH 615 0
DWIDTH 8 0
BBX 7 10 0 0
BITMAP
C6
7C
00
FE
C0
C0
F8
C0
C0
FE
ENDCHAR
STARTCHAR ebreve
ENCODING 277
SWIDTH 615 0
DWIDTH 8 0
BBX 7 10 0 0
BITMAP
C6
7C
00
7C
C6
C6
FE
C0
C6
7C
ENDCHAR
STARTCHAR Edotaccent
ENCODING 278
SWIDTH 615 0
DWIDTH 8 0
BBX 7 10 0 0
BITMAP
18
18
00
FE
C0
C0
F8
C0
C0
FE
ENDCHAR
STARTCHAR edotaccent
ENCODING 279
SWIDTH 615 0
DWIDTH 8 0
BBX 7 10 0 0
BITMAP
18
18
00
7C
C6
C6
FE
C0
C6
7C
ENDCHAR
STARTCHAR Eogonek
ENCODING 280
SWIDTH 615 0
DWIDTH 8 0
BBX 7 12 0 -2
BITMAP
FE
C0
C0
C0
F8
C0
C0
C0
C0
FE
30
3C
ENDCHAR
STARTCHAR eogonek
ENCODING 281
SWIDTH 615 0
DWIDTH 8 0
BBX 7 9 0 -2
BITMAP
7C
C6
C6
FE
C0
C6
7C
30
3C
ENDCHAR
STARTCHAR Ecaron
ENCODING 282
SWIDTH 615 0
DWIDTH 8 0
BBX 7 10 0 0
BITMAP
6C
38
00
FE
C2
C0
F8
C0
C2
FE
ENDCHAR
STARTCHAR ecaron
ENCODING 283
SWIDTH 615 0
DWIDTH 8 0
BBX 7 10 0 0
BITMAP
6C
38
00
7C
C6
C6
FE
C0
C6
7C
ENDCHAR
STARTCHAR Gcircumflex
ENCODING 284
SWIDTH 615 0
DWIDTH 8 0
BBX 7 11 0 0
BITMAP
38
6C
00
7C
C6
C0
C0
CE
C6
C6
7C
ENDCHAR
STARTCHAR gcircumflex
ENCODING 285
SWIDTH 615 0
DWIDTH 8 0
BBX 7 12 0 -2
BITMAP
38
6C
00
7E
CC
CC
CC
78
F0
7C
C6
7C
ENDCHAR
STARTCHAR Gbreve
ENCODING 286
SWIDTH 615 0
DWIDTH 8 0
BBX 7 11 0 0
BITMAP
C6
7C
00
7C
C6
C6
C0
C0
CE
C6
7C
ENDCHAR
STARTCHAR gbreve
ENCODING 287
SWIDTH 615 0
DWIDTH 8 0
BBX 7 12 0 -2
BITMAP
C6
7C
00
7E
CC
CC
CC
78
F0
7C
C6
7C
ENDCHAR
STARTCHAR Gdotaccent
ENCODING 288
SWIDTH 615 0
DWIDTH 8 0
BBX 7 11 0 0
BITMAP
18
18
00
7C
C6
C0
C0
CE
C6
C6
7C
ENDCHAR
STARTCHAR gdotaccent
ENCODING 289
SWIDTH 615 0
DWIDTH 8 0
BBX 7 12 0 -2
BITMAP
18
18
00
7E
CC
CC
CC
78
F0
7C
C6
7C
ENDCHAR
STARTCHAR Gcommaaccent
ENCODING 290
SWIDTH 615 0
DWIDTH 8 0
BBX 7 12 0 -2
BITMAP
7C
C6
C6
C0
C0
C0
CE
C6
C6
7C
18
30
ENDCHAR
STARTCHAR gcommaaccent
ENCODING 291
SWIDTH 615 0
DWIDTH 8 0
BBX 7 13 0 -2
BITMAP
18
30
38
00
7E
CC
CC
CC
78
F0
7C
C6
7C
ENDCHAR
STARTCHAR Hcircumflex
ENCODING 292
SWIDTH 615 0
DWIDTH 8 0
BBX 7 10 0 0
BITMAP
38
6C
00
C6
C6
C6
FE
C6
C6
C6
ENDCHAR
STARTCHAR hcircumflex
ENCODING 293
SWIDTH 615 0
DWIDTH 8 0
BBX 7 10 0 0
BITMAP
CC
DA
C0
D8
EC
CC
CC
CC
CC
CC
ENDCHAR
STARTCHAR Hbar
ENCODING 294
SWIDTH 692 0
DWIDTH 9 0
BBX 8 10 0 0
BITMAP
66
66
FF
66
66
7E
66
66
66
66
ENDCHAR
STARTCHAR hbar
ENCODING 295
SWIDTH 615 0
DWIDTH 8 0
BBX 7 10 0 0
BITMAP
60
FC
60
6C
76
66
66
66
66
66
ENDCHAR
STARTCHAR Itilde
ENCODING 296
SWIDTH 538 0
DWIDTH 7 0
BBX 5 11 1 0
BITMAP
68
B0
00
78
30
30
30
30
30
30
78
ENDCHAR
STARTCHAR itilde
ENCODING 297
SWIDTH 538 0
DWIDTH 7 0
BBX 5 9 1 0
BITMAP
68
B0
00
70
30
30
30
30
78
ENDCHAR
STARTCHAR Imacron
ENCODING 298
SWIDTH 615 0
DWIDTH 8 0
BBX 6 10 1 0
BITMAP
FC
00
78
30
30
30
30
30
30
78
ENDCHAR
STARTCHAR imacron
ENCODING 299
SWIDTH 615 0
DWIDTH 8 0
BBX 6 8 1 0
BITMAP
FC
00
70
30
30
30
30
78
ENDCHAR
STARTCHAR Ibreve
ENCODING 300
SWIDTH 615 0
DWIDTH 8 0
BBX 6 11 1 0
BITMAP
84
78
00
78
30
30
30
30
30
30
78
ENDCHAR
STARTCHAR ibreve
ENCODING 301
SWIDTH 538 0
DWIDTH 7 0
BBX 5 9 1 0
BITMAP
88
70
00
70
30
30
30
30
78
ENDCHAR
STARTCHAR Iogonek
ENCODING 302
SWIDTH 538 0
DWIDTH 7 0
BBX 4 12 2 -2
BITMAP
F0
60
60
60
60
60
60
60
60
F0
60
30
ENDCHAR
STARTCHAR iogonek
ENCODING 303
SWIDTH 538 0
DWIDTH 7 0
BBX 4 11 2 -2
BITMAP
60
60
00
E0
60
60
60
60
F0
60
30
ENDCHAR
STARTCHAR Idotaccent
ENCODING 304
SWIDTH 538 0
DWIDTH 7 0
BBX 4 11 2 0
BITMAP
60
60
00
F0
60
60
60
60
60
60
F0
ENDCHAR
STARTCHAR dotlessi
ENCODING 305
SWIDTH 538 0
DWIDTH 7 0
BBX 4 6 2 0
BITMAP
E0
60
60
60
60
F0
ENDCHAR
STARTCHAR IJ
ENCODING 306
SWIDTH 615 0
DWIDTH 8 0
BBX 7 12 0 -2
BITMAP
FE
66
66
66
66
66
66
66
66
F6
C6
7C
ENDCHAR
STARTCHAR ij
ENCODING 307
SWIDTH 615 0
DWIDTH 8 0
BBX 7 11 0 -2
BITMAP
66
66
00
EE
66
66
66
66
F6
C6
7C
ENDCHAR
STARTCHAR Jcircumflex
ENCODING 308
SWIDTH 615 0
DWIDTH 8 0
BBX 7 10 0 0
BITMAP
1C
36
00
0E
06
06
06
C6
C6
7C
ENDCHAR
STARTCHAR jcircumflex
ENCODING 309
SWIDTH 615 0
DWIDTH 8 0
BBX 7 12 0 -2
BITMAP
1C
36
00
0E
06
06
06
06
06
C6
C6
7C
ENDCHAR
STARTCHAR Kcommaaccent
ENCODING 310
SWIDTH 615 0
DWIDTH 8 0
BBX 7 12 0 -2
BITMAP
C6
C6
CC
D8
F0
F0
D8
CC
C6
C6
60
C0
ENDCHAR
STARTCHAR kcommaaccent
ENCODING 311
SWIDTH 615 0
DWIDTH 8 0
BBX 7 12 0 -2
BITMAP
C0
C0
C0
CC
D8
F0
F0
D8
CC
C6
60
C0
ENDCHAR
STARTCHAR kgreenlandic
ENCODING 312
SWIDTH 615 0
DWIDTH 8 0
BBX 7 7 0 0
BITMAP
CC
D8
F0
F0
D8
CC
C6
ENDCHAR
STARTCHAR Lacute
ENCODING 313
SWIDTH 615 0
DWIDTH 8 0
BBX 7 10 0 0
BITMAP
0C
18
C0
C0
C0
C0
C0
C0
C2
FE
ENDCHAR
STARTCHAR lacute
ENCODING 314
SWIDTH 538 0
DWIDTH 7 0
BBX 4 11 2 0
BITMAP
30
60
00
E0
60
60
60
60
60
60
F0
ENDCHAR
STARTCHAR Lcommaaccent
ENCODING 315
SWIDTH 615 0
DWIDTH 8 0
BBX 7 12 0 -2
BITMAP
C0
C0
C0
C0
C0
C0
C0
C0
C2
FE
18
30
ENDCHAR
STARTCHAR lcommaaccent
ENCODING 316
SWIDTH 538 0
DWIDTH 7 0
BBX 4 12 2 -2
BITMAP
E0
60
60
60
60
60
60
60
60
F0
60
C0
ENDCHAR
STARTCHAR Lcaron
ENCODING 317
SWIDTH 615 0
DWIDTH 8 0
BBX 7 11 0 0
BITMAP
6C
38
00
C0
C0
C0
C0
C0
C0
C2
FE
ENDCHAR
STARTCHAR lcaron
ENCODING 318
SWIDTH 538 0
DWIDTH 7 0
BBX 5 11 1 0
BITMAP
D8
70
00
70
30
30
30
30
30
30
78
ENDCHAR
STARTCHAR Ldot
ENCODING 319
SWIDTH 615 0
DWIDTH 8 0
BBX 7 10 0 0
BITMAP
C0
C0
C0
CC
CC
C0
C0
C0
C2
FE
ENDCHAR
STARTCHAR ldot
ENCODING 320
SWIDTH 615 0
DWIDTH 8 0
BBX 6 10 1 0
BITMAP
E0
60
60
6C
6C
60
60
60
60
F0
ENDCHAR
STARTCHAR Lslash
ENCODING 321
SWIDTH 615 0
DWIDTH 8 0
BBX 7 10 0 0
BITMAP
60
60
68
78
70
E0
E0
60
62
7E
ENDCHAR
STARTCHAR lslash
ENCODING 322
SWIDTH 615 0
DWIDTH 8 0
BBX 6 10 1 0
BITMAP
70
30
34
3C
38
70
F0
B0
30
78
ENDCHAR
STARTCHAR Nacute
ENCODING 323
SWIDTH 615 0
DWIDTH 8 0
BBX 7 11 0 0
BITMAP
0C
18
00
C6
E6
E6
F6
DE
CE
CE
C6
ENDCHAR
STARTCHAR nacute
ENCODING 324
SWIDTH 615 0
DWIDTH 8 0
BBX 7 10 0 0
BITMAP
0C
18
00
DC
E6
C6
C6
C6
C6
C6
ENDCHAR
STARTCHAR Ncommaaccent
ENCODING 325
SWIDTH 615 0
DWIDTH 8 0
BBX 7 12 0 -2
BITMAP
C6
C6
E6
E6
F6
DE
CE
CE
C6
C6
60
C0
ENDCHAR
STARTCHAR ncommaaccent
ENCODING 326
SWIDTH 615 0
DWIDTH 8 0
BBX 7 9 0 -2
BITMAP
DC
E6
C6
C6
C6
C6
C6
60
C0
ENDCHAR
STARTCHAR Ncaron
ENCODING 327
SWIDTH 615 0
DWIDTH 8 0
BBX 7 11 0 0
BITMAP
6C
38
00
C6
E6
E6
F6
DE
CE
CE
C6
ENDCHAR
STARTCHAR ncaron
ENCODING 328
SWIDTH 615 0
DWIDTH 8 0
BBX 7 10 0 0
BITMAP
6C
38
00
DC
E6
C6
C6
C6
C6
C6
ENDCHAR
STARTCHAR napostrophe
ENCODING 329
SWIDTH 615 0
DWIDTH 8 0
BBX 7 11 0 0
BITMAP
60
20
40
00
DC
E6
C6
C6
C6
C6
C6
ENDCHAR
STARTCHAR Eng
ENCODING 330
SWIDTH 615 0
DWIDTH 8 0
BBX 7 12 0 -2
BITMAP
C6
C6
E6
E6
F6
DE
CE
CE
C6
C6
06
1C
ENDCHAR
STARTCHAR eng
ENCODING 331
SWIDTH 615 0
DWIDTH 8 0
BBX 7 9 0 -2
BITMAP
DC
E6
C6
C6
C6
C6
C6
06
1C
ENDCHAR
STARTCHAR Omacron
ENCODING 332
SWIDTH 615 0
DWIDTH 8 0
BBX 7 10 0 0
BITMAP
7C
00
7C
C6
C6
C6
C6
C6
C6
7C
ENDCHAR
STARTCHAR omacron
ENCODING 333
SWIDTH 615 0
DWIDTH 8 0
BBX 7 9 0 0
BITMAP
7C
00
7C
C6
C6
C6
C6
C6
7C
ENDCHAR
STARTCHAR Obreve
ENCODING 334
SWIDTH 615 0
DWIDTH 8 0
BBX 7 11 0 0
BITMAP
44
38
00
7C
C6
C6
C6
C6
C6
C6
7C
ENDCHAR
STARTCHAR obreve
ENCODING 335
SWIDTH 615 0
DWIDTH 8 0
BBX 7 10 0 0
BITMAP
44
38
00
7C
C6
C6
C6
C6
C6
7C
ENDCHAR
STARTCHAR Ohungarumlaut
ENCODING 336
SWIDTH 615 0
DWIDTH 8 0
BBX 7 11 0 0
BITMAP
66
CC
00
7C
C6
C6
C6
C6
C6
C6
7C
ENDCHAR
STARTCHAR ohungarumlaut
ENCODING 337
SWIDTH 615 0
DWIDTH 8 0
BBX 7 10 0 0
BITMAP
66
CC
00
7C
C6
C6
C6
C6
C6
7C
ENDCHAR
STARTCHAR OE
ENCODING 338
SWIDTH 615 0
DWIDTH 8 0
BBX 7 10 0 0
BITMAP
7E
D8
D8
D8
DC
D8
D8
D8
D8
7E
ENDCHAR
STARTCHAR oe
ENCODING 339
SWIDTH 692 0
DWIDTH 9 0
BBX 8 7 0 0
BITMAP
6E
DB
DB
DE
D8
DB
6E
ENDCHAR
STARTCHAR Racute
ENCODING 340
SWIDTH 615 0
DWIDTH 8 0
BBX 7 11 0 0
BITMAP
18
30
00
FC
C6
C6
FC
F8
CC
CC
C6
ENDCHAR
STARTCHAR racute
ENCODING 341
SWIDTH 615 0
DWIDTH 8 0
BBX 7 10 0 0
BITMAP
18
30
00
DC
E6
C0
C0
C0
C0
C0
ENDCHAR
STARTCHAR Rcommaaccent
ENCODING 342
SWIDTH 615 0
DWIDTH 8 0
BBX 7 12 0 -2
BITMAP
FC
C6
C6
C6
FC
F8
CC
CC
C6
C6
60
C0
ENDCHAR
STARTCHAR rcommaaccent
ENCODING 343
SWIDTH 615 0
DWIDTH 8 0
BBX 7 9 0 -2
BITMAP
DC
E6
C0
C0
C0
C0
C0
60
C0
ENDCHAR
STARTCHAR Rcaron
ENCODING 344
SWIDTH 615 0
DWIDTH 8 0
BBX 7 11 0 0
BITMAP
6C
38
00
FC
C6
C6
FC
F8
CC
CC
C6
ENDCHAR
STARTCHAR rcaron
ENCODING 345
SWIDTH 615 0
DWIDTH 8 0
BBX 7 10 0 0
BITMAP
6C
38
00
DC
E6
C0
C0
C0
C0
C0
ENDCHAR
STARTCHAR Sacute
ENCODING 346
SWIDTH 615 0
DWIDTH 8 0
BBX 7 11 0 0
BITMAP
18
30
00
7C
C6
C0
7C
06
06
C6
7C
ENDCHAR
STARTCHAR sacute
ENCODING 347
SWIDTH 615 0
DWIDTH 8 0
BBX 7 9 0 0
BITMAP
18
30
00
7C
C6
70
1C
C6
7C
ENDCHAR
STARTCHAR Scircumflex
ENCODING 348
SWIDTH 615 0
DWIDTH 8 0
BBX 7 11 0 0
BITMAP
38
6C
00
7C
C6
C0
7C
06
06
C6
7C
ENDCHAR
STARTCHAR scircumflex
ENCODING 349
SWIDTH 615 0
DWIDTH 8 0
BBX 7 9 0 0
BITMAP
38
6C
00
7C
C6
70
1C
C6
7C
ENDCHAR
STARTCHAR Scedilla
ENCODING 350
SWIDTH 615 0
DWIDTH 8 0
BBX 7 12 0 -2
BITMAP
7C
C6
C6
C0
7C
06
06
C6
C6
7C
18
30
ENDCHAR
STARTCHAR scedilla
ENCODING 351
SWIDTH 615 0
DWIDTH 8 0
BBX 7 9 0 -2
BITMAP
7C
C6
60
38
0C
C6
7C
18
30
ENDCHAR
STARTCHAR Scaron
ENCODING 352
SWIDTH 615 0
DWIDTH 8 0
BBX 7 11 0 0
BITMAP
6C
38
00
7C
C6
C0
7C
06
06
C6
7C
ENDCHAR
STARTCHAR scaron
ENCODING 353
SWIDTH 615 0
DWIDTH 8 0
BBX 7 9 0 0
BITMAP
6C
38
00
7C
C6
70
1C
C6
7C
ENDCHAR
STARTCHAR Tcommaaccent
ENCODING 354
SWIDTH 615 0
DWIDTH 8 0
BBX 6 12 1 -2
BITMAP
FC
30
30
30
30
30
30
30
30
30
18
30
ENDCHAR
STARTCHAR tcommaaccent
ENCODING 355
SWIDTH 615 0
DWIDTH 8 0
BBX 7 12 0 -2
BITMAP
60
60
60
60
FC
60
60
60
66
3C
18
30
ENDCHAR
STARTCHAR Tcaron
ENCODING 356
SWIDTH 615 0
DWIDTH 8 0
BBX 6 11 1 0
BITMAP
D8
70
00
FC
30
30
30
30
30
30
30
ENDCHAR
STARTCHAR tcaron
ENCODING 357
SWIDTH 615 0
DWIDTH 8 0
BBX 7 11 0 0
BITMAP
6C
38
00
60
60
FC
60
60
60
66
3C
ENDCHAR
STARTCHAR Tbar
ENCODING 358
SWIDTH 615 0
DWIDTH 8 0
BBX 6 10 1 0
BITMAP
FC
30
30
FC
30
30
30
30
30
30
ENDCHAR
STARTCHAR tbar
ENCODING 359
SWIDTH 615 0
DWIDTH 8 0
BBX 7 10 0 0
BITMAP
60
60
FC
60
FC
60
60
60
66
3C
ENDCHAR
STARTCHAR Utilde
ENCODING 360
SWIDTH 615 0
DWIDTH 8 0
BBX 7 11 0 0
BITMAP
34
58
00
C6
C6
C6
C6
C6
C6
C6
7C
ENDCHAR
STARTCHAR utilde
ENCODING 361
SWIDTH 615 0
DWIDTH 8 0
BBX 7 10 0 0
BITMAP
34
58
00
C6
C6
C6
C6
C6
CE
76
ENDCHAR
STARTCHAR Umacron
ENCODING 362
SWIDTH 615 0
DWIDTH 8 0
BBX 7 10 0 0
BITMAP
7C
00
C6
C6
C6
C6
C6
C6
C6
7C
ENDCHAR
STARTCHAR umacron
ENCODING 363
SWIDTH 615 0
DWIDTH 8 0
BBX 7 10 0 0
BITMAP
7C
00
00
C6
C6
C6
C6
C6
CE
76
ENDCHAR
STARTCHAR Ubreve
ENCODING 364
SWIDTH 615 0
DWIDTH 8 0
BBX 7 11 0 0
BITMAP
44
38
00
C6
C6
C6
C6
C6
C6
C6
7C
ENDCHAR
STARTCHAR ubreve
ENCODING 365
SWIDTH 615 0
DWIDTH 8 0
BBX 7 10 0 0
BITMAP
44
38
00
C6
C6
C6
C6
C6
CE
76
ENDCHAR
STARTCHAR Uring
ENCODING 366
SWIDTH 615 0
DWIDTH 8 0
BBX 7 11 0 0
BITMAP
18
24
18
C6
C6
C6
C6
C6
C6
C6
7C
ENDCHAR
STARTCHAR uring
ENCODING 367
SWIDTH 615 0
DWIDTH 8 0
BBX 7 10 0 0
BITMAP
18
24
18
C6
C6
C6
C6
C6
CE
76
ENDCHAR
STARTCHAR Uhungarumlaut
ENCODING 368
SWIDTH 615 0
DWIDTH 8 0
BBX 7 11 0 0
BITMAP
66
CC
00
C6
C6
C6
C6
C6
C6
C6
7C
ENDCHAR
STARTCHAR uhungarumlaut
ENCODING 369
SWIDTH 615 0
DWIDTH 8 0
BBX 7 10 0 0
BITMAP
66
CC
00
C6
C6
C6
C6
C6
CE
76
ENDCHAR
STARTCHAR Uogonek
ENCODING 370
SWIDTH 615 0
DWIDTH 8 0
BBX 7 12 0 -2
BITMAP
C6
C6
C6
C6
C6
C6
C6
C6
C6
7C
30
3C
ENDCHAR
STARTCHAR uogonek
ENCODING 371
SWIDTH 615 0
DWIDTH 8 0
BBX 7 9 0 -2
BITMAP
C6
C6
C6
C6
C6
CE
76
30
3C
ENDCHAR
STARTCHAR Wcircumflex
ENCODING 372
SWIDTH 615 0
DWIDTH 8 0
BBX 7 11 0 0
BITMAP
38
6C
00
C6
C6
C6
C6
D6
D6
FE
6C
ENDCHAR
STARTCHAR wcircumflex
ENCODING 373
SWIDTH 615 0
DWIDTH 8 0
BBX 7 10 0 0
BITMAP
38
6C
00
C6
C6
C6
D6
D6
FE
6C
ENDCHAR
STARTCHAR Ycircumflex
ENCODING 374
SWIDTH 615 0
DWIDTH 8 0
BBX 6 11 1 0
BITMAP
70
D8
00
CC
CC
CC
78
78
30
30
30
ENDCHAR
STARTCHAR ycircumflex
ENCODING 375
SWIDTH 615 0
DWIDTH 8 0
BBX 7 12 0 -2
BITMAP
38
6C
00
C6
C6
C6
C6
CE
76
06
C6
7C
ENDCHAR
STARTCHAR Ydieresis
ENCODING 376
SWIDTH 615 0
DWIDTH 8 0
BBX 6 11 1 0
BITMAP
CC
CC
00
CC
CC
CC
78
78
30
30
30
ENDCHAR
STARTCHAR Zacute
ENCODING 377
SWIDTH 615 0
DWIDTH 8 0
BBX 7 10 0 0
BITMAP
18
30
00
FE
0C
18
30
60
C0
FE
ENDCHAR
STARTCHAR zacute
ENCODING 378
SWIDTH 615 0
DWIDTH 8 0
BBX 7 9 0 0
BITMAP
18
30
00
FE
0C
18
30
60
FE
ENDCHAR
STARTCHAR Zdotaccent
ENCODING 379
SWIDTH 615 0
DWIDTH 8 0
BBX 7 10 0 0
BITMAP
18
18
00
FE
0C
18
30
60
C0
FE
ENDCHAR
STARTCHAR zdotaccent
ENCODING 380
SWIDTH 615 0
DWIDTH 8 0
BBX 7 9 0 0
BITMAP
18
18
00
FE
0C
18
30
60
FE
ENDCHAR
STARTCHAR Zcaron
ENCODING 381
SWIDTH 615 0
DWIDTH 8 0
BBX 7 10 0 0
BITMAP
6C
38
00
FE
0C
18
30
60
C0
FE
ENDCHAR
STARTCHAR zcaron
ENCODING 382
SWIDTH 615 0
DWIDTH 8 0
BBX 7 9 0 0
BITMAP
6C
38
00
FE
0C
18
30
60
FE
ENDCHAR
STARTCHAR longs
ENCODING 383
SWIDTH 615 0
DWIDTH 8 0
BBX 7 10 0 0
BITMAP
3C
66
60
60
E0
60
60
60
60
60
ENDCHAR
STARTCHAR uni0180
ENCODING 384
SWIDTH 615 0
DWIDTH 8 0
BBX 7 10 0 0
BITMAP
60
F0
60
6C
76
66
66
66
6C
38
ENDCHAR
STARTCHAR uni0181
ENCODING 385
SWIDTH 615 0
DWIDTH 8 0
BBX 7 10 0 0
BITMAP
FC
B6
B6
36
3C
36
36
36
36
7C
ENDCHAR
STARTCHAR uni0182
ENCODING 386
SWIDTH 615 0
DWIDTH 8 0
BBX 7 10 0 0
BITMAP
FC
C0
C0
C0
FC
C6
C6
C6
C6
FC
ENDCHAR
STARTCHAR uni0183
ENCODING 387
SWIDTH 615 0
DWIDTH 8 0
BBX 6 10 1 0
BITMAP
F8
C0
C0
D8
EC
CC
CC
CC
D8
70
ENDCHAR
STARTCHAR uni0184
ENCODING 388
SWIDTH 615 0
DWIDTH 8 0
BBX 7 10 0 0
BITMAP
60
E0
E0
60
7C
66
66
66
66
7C
ENDCHAR
STARTCHAR uni0185
ENCODING 389
SWIDTH 615 0
DWIDTH 8 0
BBX 7 10 0 0
BITMAP
60
E0
E0
6C
76
66
66
66
6C
38
ENDCHAR
STARTCHAR uni0186
ENCODING 390
SWIDTH 615 0
DWIDTH 8 0
BBX 7 10 0 0
BITMAP
7C
CE
C6
06
06
06
06
C6
CE
7C
ENDCHAR
STARTCHAR uni0187
ENCODING 391
SWIDTH 692 0
DWIDTH 9 0
BBX 8 11 0 0
BITMAP
01
7D
E6
C6
C0
C0
C0
C0
C6
E6
7C
ENDCHAR
STARTCHAR uni0188
ENCODING 392
SWIDTH 692 0
DWIDTH 9 0
BBX 8 8 0 0
BITMAP
01
7D
E6
C0
C0
C0
E6
7C
ENDCHAR
STARTCHAR uni0189
ENCODING 393
SWIDTH 615 0
DWIDTH 8 0
BBX 7 10 0 0
BITMAP
FC
66
66
66
F6
66
66
66
66
FC
ENDCHAR
STARTCHAR uni018A
ENCODING 394
SWIDTH 615 0
DWIDTH 8 0
BBX 7 10 0 0
BITMAP
FC
B6
B6
36
36
36
36
36
36
7C
ENDCHAR
STARTCHAR uni018B
ENCODING 395
SWIDTH 615 0
DWIDTH 8 0
BBX 7 10 0 0
BITMAP
7E
06
06
06
7E
C6
C6
C6
C6
7E
ENDCHAR
STARTCHAR uni018C
ENCODING 396
SWIDTH 615 0
DWIDTH 8 0
BBX 6 10 1 0
BITMAP
7C
0C
0C
6C
DC
CC
CC
CC
6C
38
ENDCHAR
STARTCHAR uni018D
ENCODING 397
SWIDTH 615 0
DWIDTH 8 0
BBX 7 9 0 -2
BITMAP
7C
C6
C6
C6
C6
C6
7C
18
70
ENDCHAR
STARTCHAR uni018E
ENCODING 398
SWIDTH 615 0
DWIDTH 8 0
BBX 7 10 0 0
BITMAP
FE
06
06
06
3E
06
06
06
06
FE
ENDCHAR
STARTCHAR uni018F
ENCODING 399
SWIDTH 615 0
DWIDTH 8 0
BBX 7 9 0 0
BITMAP
7C
C6
06
06
FE
C6
C6
C6
7C
ENDCHAR
STARTCHAR uni0190
ENCODING 400
SWIDTH 615 0
DWIDTH 8 0
BBX 7 10 0 0
BITMAP
7C
C6
C0
60
30
60
C0
C0
C6
7C
ENDCHAR
STARTCHAR uni0191
ENCODING 401
SWIDTH 692 0
DWIDTH 9 0
BBX 8 12 0 -2
BITMAP
3F
30
30
30
3C
30
30
30
30
30
B0
60
ENDCHAR
STARTCHAR florin
ENCODING 402
SWIDTH 692 0
DWIDTH 9 0
BBX 8 11 0 -2
BITMAP
0E
1B
18
18
7E
18
18
18
18
D8
70
ENDCHAR
STARTCHAR uni0193
ENCODING 403
SWIDTH 692 0
DWIDTH 9 0
BBX 8 11 0 0
BITMAP
01
7D
C6
C6
C0
C0
C0
CE
C6
C6
7C
ENDCHAR
STARTCHAR uni0194
ENCODING 404
SWIDTH 615 0
DWIDTH 8 0
BBX 7 10 0 0
BITMAP
C6
C6
C6
C6
6C
6C
38
6C
6C
38
ENDCHAR
STARTCHAR uni0195
ENCODING 405
SWIDTH 615 0
DWIDTH 8 0
BBX 7 10 0 0
BITMAP
C0
C0
C0
F2
DA
DA
DA
DA
DA
CC
ENDCHAR
STARTCHAR uni0196
ENCODING 406
SWIDTH 615 0
DWIDTH 8 0
BBX 5 10 2 0
BITMAP
E0
60
60
60
60
60
60
60
68
30
ENDCHAR
STARTCHAR uni0197
ENCODING 407
SWIDTH 615 0
DWIDTH 8 0
BBX 6 10 1 0
BITMAP
78
30
30
30
FC
30
30
30
30
78
ENDCHAR
STARTCHAR uni0198
ENCODING 408
SWIDTH 615 0
DWIDTH 8 0
BBX 7 10 0 0
BITMAP
CC
CA
DA
F0
E0
F0
D8
CC
C6
C6
ENDCHAR
STARTCHAR uni0199
ENCODING 409
SWIDTH 615 0
DWIDTH 8 0
BBX 7 10 0 0
BITMAP
70
C8
C0
CC
D8
F0
F0
D8
CC
C6
ENDCHAR
STARTCHAR uni019A
ENCODING 410
SWIDTH 615 0
DWIDTH 8 0
BBX 6 10 1 0
BITMAP
70
30
30
30
FC
30
30
30
30
FC
ENDCHAR
STARTCHAR uni019B
ENCODING 411
SWIDTH 615 0
DWIDTH 8 0
BBX 7 10 0 0
BITMAP
D8
70
F0
98
38
6C
6C
C6
C6
C6
ENDCHAR
STARTCHAR uni019C
ENCODING 412
SWIDTH 692 0
DWIDTH 9 0
BBX 8 10 0 0
BITMAP
C6
C6
C6
D6
D6
D6
D6
D6
FE
6B
ENDCHAR
STARTCHAR uni019D
ENCODING 413
SWIDTH 615 0
DWIDTH 8 0
BBX 7 12 0 -2
BITMAP
66
66
66
76
76
7E
6E
66
66
66
60
C0
ENDCHAR
STARTCHAR uni019E
ENCODING 414
SWIDTH 615 0
DWIDTH 8 0
BBX 7 9 0 -2
BITMAP
DC
E6
C6
C6
C6
C6
C6
06
06
ENDCHAR
STARTCHAR uni019F
ENCODING 415
SWIDTH 615 0
DWIDTH 8 0
BBX 7 10 0 0
BITMAP
7C
C6
C6
C6
FE
C6
C6
C6
C6
7C
ENDCHAR
STARTCHAR Ohorn
ENCODING 416
SWIDTH 692 0
DWIDTH 9 0
BBX 8 10 0 0
BITMAP
79
CD
CE
CC
CC
CC
CC
CC
CC
78
ENDCHAR
STARTCHAR ohorn
ENCODING 417
SWIDTH 692 0
DWIDTH 9 0
BBX 8 7 0 0
BITMAP
79
CD
CE
CC
CC
CC
78
ENDCHAR
STARTCHAR uni01A2
ENCODING 418
SWIDTH 615 0
DWIDTH 8 0
BBX 7 12 0 -2
BITMAP
74
DA
DA
DA
DA
DA
DA
DA
DA
72
02
02
ENDCHAR
STARTCHAR uni01A3
ENCODING 419
SWIDTH 615 0
DWIDTH 8 0
BBX 7 9 0 -2
BITMAP
74
DA
DA
DA
DA
DA
72
02
02
ENDCHAR
STARTCHAR uni01A4
ENCODING 420
SWIDTH 615 0
DWIDTH 8 0
BBX 7 10 0 0
BITMAP
FC
B6
B6
36
36
3C
30
30
30
30
ENDCHAR
STARTCHAR uni01A5
ENCODING 421
SWIDTH 692 0
DWIDTH 9 0
BBX 8 9 0 -2
BITMAP
D9
ED
CE
CC
CC
EC
D8
C0
C0
ENDCHAR
STARTCHAR uni01A6
ENCODING 422
SWIDTH 615 0
DWIDTH 8 0
BBX 7 12 0 -2
BITMAP
C0
C0
FC
C6
C6
C6
FC
F8
CC
CC
06
06
ENDCHAR
STARTCHAR uni01A7
ENCODING 423
SWIDTH 615 0
DWIDTH 8 0
BBX 7 10 0 0
BITMAP
7C
C6
C6
06
7C
C0
C0
C6
C6
7C
ENDCHAR
STARTCHAR uni01A8
ENCODING 424
SWIDTH 615 0
DWIDTH 8 0
BBX 7 7 0 0
BITMAP
7C
C6
0C
38
60
C6
7C
ENDCHAR
STARTCHAR uni01A9
ENCODING 425
SWIDTH 615 0
DWIDTH 8 0
BBX 7 10 0 0
BITMAP
FE
C2
C0
60
30
30
60
C0
C2
FE
ENDCHAR
STARTCHAR uni01AA
ENCODING 426
SWIDTH 615 0
DWIDTH 8 0
BBX 7 11 0 -1
BITMAP
70
98
98
78
18
18
18
18
1A
1A
0C
ENDCHAR
STARTCHAR uni01AB
ENCODING 427
SWIDTH 615 0
DWIDTH 8 0
BBX 7 12 0 -2
BITMAP
60
60
60
60
FC
60
60
60
6C
36
06
0C
ENDCHAR
STARTCHAR uni01AC
ENCODING 428
SWIDTH 615 0
DWIDTH 8 0
BBX 7 10 0 0
BITMAP
FE
98
98
18
18
18
18
18
18
18
ENDCHAR
STARTCHAR uni01AD
ENCODING 429
SWIDTH 615 0
DWIDTH 8 0
BBX 7 10 0 0
BITMAP
38
64
60
60
FC
60
60
60
66
3C
ENDCHAR
STARTCHAR uni01AE
ENCODING 430
SWIDTH 615 0
DWIDTH 8 0
BBX 7 11 0 -1
BITMAP
FC
30
30
30
30
30
30
30
32
32
1C
ENDCHAR
STARTCHAR Uhorn
ENCODING 431
SWIDTH 692 0
DWIDTH 9 0
BBX 8 10 0 0
BITMAP
CD
CD
CE
CC
CC
CC
CC
CC
CC
78
ENDCHAR
STARTCHAR uhorn
ENCODING 432
SWIDTH 692 0
DWIDTH 9 0
BBX 8 7 0 0
BITMAP
CD
CD
CE
CC
CC
DC
6C
ENDCHAR
STARTCHAR uni01B1
ENCODING 433
SWIDTH 615 0
DWIDTH 8 0
BBX 7 10 0 0
BITMAP
C6
6C
6C
6C
C6
C6
C6
C6
C6
7C
ENDCHAR
STARTCHAR uni01B2
ENCODING 434
SWIDTH 615 0
DWIDTH 8 0
BBX 7 10 0 0
BITMAP
D8
CC
CC
C6
C6
C6
C6
C6
C6
7C
ENDCHAR
STARTCHAR uni01B3
ENCODING 435
SWIDTH 615 0
DWIDTH 8 0
BBX 7 9 0 0
BITMAP
E6
B6
B6
3C
1C
18
18
18
18
ENDCHAR
STARTCHAR uni01B4
ENCODING 436
SWIDTH 692 0
DWIDTH 9 0
BBX 8 10 0 -2
BITMAP
02
CD
CD
CC
CC
DC
6C
0C
CC
78
ENDCHAR
STARTCHAR uni01B5
ENCODING 437
SWIDTH 615 0
DWIDTH 8 0
BBX 7 10 0 0
BITMAP
FE
06
06
0C
FE
30
60
C0
C0
FE
ENDCHAR
STARTCHAR uni01B6
ENCODING 438
SWIDTH 615 0
DWIDTH 8 0
BBX 7 7 0 0
BITMAP
FE
0C
18
FC
60
C0
FE
ENDCHAR
STARTCHAR uni01B7
ENCODING 439
SWIDTH 615 0
DWIDTH 8 0
BBX 7 10 0 0
BITMAP
FE
06
0C
18
3C
06
06
86
CC
78
ENDCHAR
STARTCHAR uni01B8
ENCODING 440
SWIDTH 615 0
DWIDTH 8 0
BBX 7 10 0 0
BITMAP
FE
C0
60
30
78
C0
C0
C2
66
3C
ENDCHAR
STARTCHAR uni01B9
ENCODING 441
SWIDTH 615 0
DWIDTH 8 0
BBX 7 9 0 -2
BITMAP
FE
60
30
78
C0
C0
C2
66
3C
ENDCHAR
STARTCHAR uni01BA
ENCODING 442
SWIDTH 615 0
DWIDTH 8 0
BBX 6 10 1 -2
BITMAP
FC
18
30
78
0C
0C
18
70
C4
78
ENDCHAR
STARTCHAR uni01BB
ENCODING 443
SWIDTH 615 0
DWIDTH 8 0
BBX 7 10 0 0
BITMAP
7C
C6
C6
06
0C
FE
30
60
C0
FE
ENDCHAR
STARTCHAR uni01BC
ENCODING 444
SWIDTH 615 0
DWIDTH 8 0
BBX 7 10 0 0
BITMAP
FE
C2
C0
DC
E6
06
06
06
C6
7C
ENDCHAR
STARTCHAR uni01BD
ENCODING 445
SWIDTH 615 0
DWIDTH 8 0
BBX 6 9 1 0
BITMAP
FC
C4
C0
D8
EC
0C
0C
CC
78
ENDCHAR
STARTCHAR uni01BE
ENCODING 446
SWIDTH 615 0
DWIDTH 8 0
BBX 6 10 1 0
BITMAP
30
30
FC
30
38
0C
0C
0C
CC
78
ENDCHAR
STARTCHAR uni01BF
ENCODING 447
SWIDTH 615 0
DWIDTH 8 0
BBX 7 10 0 -2
BITMAP
1C
E6
C6
C6
C6
CC
D8
F0
C0
C0
ENDCHAR
STARTCHAR uni01C0
ENCODING 448
SWIDTH 462 0
DWIDTH 6 0
BBX 2 12 3 -2
BITMAP
C0
C0
C0
C0
C0
C0
C0
C0
C0
C0
C0
C0
ENDCHAR
STARTCHAR uni01C1
ENCODING 449
SWIDTH 538 0
DWIDTH 7 0
BBX 5 12 1 -2
BITMAP
D8
D8
D8
D8
D8
D8
D8
D8
D8
D8
D8
D8
ENDCHAR
STARTCHAR uni01C2
ENCODING 450
SWIDTH 615 0
DWIDTH 8 0
BBX 6 12 1 -2
BITMAP
30
30
30
30
FC
30
FC
30
30
30
30
30
ENDCHAR
STARTCHAR uni01C3
ENCODING 451
SWIDTH 538 0
DWIDTH 7 0
BBX 4 10 2 0
BITMAP
60
F0
F0
F0
60
60
00
00
60
60
ENDCHAR
STARTCHAR uni01C4
ENCODING 452
SWIDTH 692 0
DWIDTH 9 0
BBX 8 11 0 0
BITMAP
05
F2
DF
D9
D9
DA
DA
DA
DC
DC
F7
ENDCHAR
STARTCHAR uni01C5
ENCODING 453
SWIDTH 692 0
DWIDTH 9 0
BBX 8 11 0 0
BITMAP
05
F2
D8
D8
DF
D9
D9
DA
DC
DC
F7
ENDCHAR
STARTCHAR uni01C6
ENCODING 454
SWIDTH 692 0
DWIDTH 9 0
BBX 8 11 0 0
BITMAP
05
1A
18
18
7F
D9
D9
DA
DC
DC
7F
ENDCHAR
STARTCHAR uni01C7
ENCODING 455
SWIDTH 692 0
DWIDTH 9 0
BBX 8 12 0 -2
BITMAP
C7
C3
C3
C3
C3
C3
C3
C3
F3
03
63
3E
ENDCHAR
STARTCHAR uni01C8
ENCODING 456
SWIDTH 692 0
DWIDTH 9 0
BBX 8 12 0 -2
BITMAP
C0
C3
C3
C0
C7
C3
C3
C3
F3
03
63
3E
ENDCHAR
STARTCHAR uni01C9
ENCODING 457
SWIDTH 692 0
DWIDTH 9 0
BBX 8 12 0 -2
BITMAP
E0
63
63
60
67
63
63
63
F3
03
63
3E
ENDCHAR
STARTCHAR uni01CA
ENCODING 458
SWIDTH 692 0
DWIDTH 9 0
BBX 8 12 0 -2
BITMAP
F3
FB
DB
DB
DB
DB
DB
DB
DB
03
63
3E
ENDCHAR
STARTCHAR uni01CB
ENCODING 459
SWIDTH 692 0
DWIDTH 9 0
BBX 8 12 0 -2
BITMAP
F0
FB
DB
D8
DF
DB
DB
DB
DB
03
63
3E
ENDCHAR
STARTCHAR uni01CC
ENCODING 460
SWIDTH 692 0
DWIDTH 9 0
BBX 8 10 0 -2
BITMAP
B3
DB
D8
DB
DB
DB
DB
03
63
3E
ENDCHAR
STARTCHAR uni01CD
ENCODING 461
SWIDTH 615 0
DWIDTH 8 0
BBX 7 10 0 0
BITMAP
24
18
00
38
7C
C6
C6
FE
C6
C6
ENDCHAR
STARTCHAR uni01CE
ENCODING 462
SWIDTH 615 0
DWIDTH 8 0
BBX 7 10 0 0
BITMAP
24
18
00
7C
06
7E
C6
C6
CE
76
ENDCHAR
STARTCHAR uni01CF
ENCODING 463
SWIDTH 538 0
DWIDTH 7 0
BBX 4 11 2 0
BITMAP
90
60
00
F0
60
60
60
60
60
60
F0
ENDCHAR
STARTCHAR uni01D0
ENCODING 464
SWIDTH 538 0
DWIDTH 7 0
BBX 4 9 2 0
BITMAP
90
60
00
E0
60
60
60
60
F0
ENDCHAR
STARTCHAR uni01D1
ENCODING 465
SWIDTH 615 0
DWIDTH 8 0
BBX 7 11 0 0
BITMAP
24
18
00
7C
C6
C6
C6
C6
C6
C6
7C
ENDCHAR
STARTCHAR uni01D2
ENCODING 466
SWIDTH 615 0
DWIDTH 8 0
BBX 7 10 0 0
BITMAP
24
18
00
7C
C6
C6
C6
C6
C6
7C
ENDCHAR
STARTCHAR uni01D3
ENCODING 467
SWIDTH 615 0
DWIDTH 8 0
BBX 7 11 0 0
BITMAP
24
18
00
C6
C6
C6
C6
C6
C6
C6
7C
ENDCHAR
STARTCHAR uni01D4
ENCODING 468
SWIDTH 615 0
DWIDTH 8 0
BBX 7 10 0 0
BITMAP
24
18
00
C6
C6
C6
C6
C6
CE
76
ENDCHAR
STARTCHAR uni01D5
ENCODING 469
SWIDTH 615 0
DWIDTH 8 0
BBX 7 11 0 0
BITMAP
7C
00
C6
00
C6
C6
C6
C6
C6
C6
7C
ENDCHAR
STARTCHAR uni01D6
ENCODING 470
SWIDTH 615 0
DWIDTH 8 0
BBX 7 11 0 0
BITMAP
7C
00
44
44
00
C6
C6
C6
C6
CE
76
ENDCHAR
STARTCHAR uni01D7
ENCODING 471
SWIDTH 615 0
DWIDTH 8 0
BBX 7 11 0 0
BITMAP
08
10
C6
00
C6
C6
C6
C6
C6
C6
7C
ENDCHAR
STARTCHAR uni01D8
ENCODING 472
SWIDTH 615 0
DWIDTH 8 0
BBX 7 11 0 0
BITMAP
08
10
00
C6
00
C6
C6
C6
C6
CE
76
ENDCHAR
STARTCHAR uni01D9
ENCODING 473
SWIDTH 615 0
DWIDTH 8 0
BBX 7 11 0 0
BITMAP
28
10
C6
00
C6
C6
C6
C6
C6
C6
7C
ENDCHAR
STARTCHAR uni01DA
ENCODING 474
SWIDTH 615 0
DWIDTH 8 0
BBX 7 11 0 0
BITMAP
28
10
00
C6
00
C6
C6
C6
C6
CE
76
ENDCHAR
STARTCHAR uni01DB
ENCODING 475
SWIDTH 615 0
DWIDTH 8 0
BBX 7 11 0 0
BITMAP
20
10
C6
00
C6
C6
C6
C6
C6
C6
7C
ENDCHAR
STARTCHAR uni01DC
ENCODING 476
SWIDTH 615 0
DWIDTH 8 0
BBX 7 11 0 0
BITMAP
20
10
00
C6
00
C6
C6
C6
C6
CE
76
ENDCHAR
STARTCHAR uni01DD
ENCODING 477
SWIDTH 615 0
DWIDTH 8 0
BBX 7 7 0 0
BITMAP
7C
C6
06
FE
C6
C6
7C
ENDCHAR
STARTCHAR uni01DE
ENCODING 478
SWIDTH 615 0
DWIDTH 8 0
BBX 7 11 0 0
BITMAP
7C
00
6C
00
38
7C
C6
C6
FE
C6
C6
ENDCHAR
STARTCHAR uni01DF
ENCODING 479
SWIDTH 615 0
DWIDTH 8 0
BBX 7 11 0 0
BITMAP
7C
00
6C
00
7C
06
7E
C6
C6
CE
76
ENDCHAR
STARTCHAR uni01E0
ENCODING 480
SWIDTH 615 0
DWIDTH 8 0
BBX 7 11 0 0
BITMAP
7C
00
30
00
38
7C
C6
C6
FE
C6
C6
ENDCHAR
STARTCHAR uni01E1
ENCODING 481
SWIDTH 615 0
DWIDTH 8 0
BBX 7 11 0 0
BITMAP
7E
00
18
00
7C
06
7E
C6
C6
CE
76
ENDCHAR
STARTCHAR uni01E2
ENCODING 482
SWIDTH 615 0
DWIDTH 8 0
BBX 7 11 0 0
BITMAP
7E
00
7E
F8
D8
D8
D8
FC
D8
D8
DE
ENDCHAR
STARTCHAR uni01E3
ENCODING 483
SWIDTH 615 0
DWIDTH 8 0
BBX 7 9 0 0
BITMAP
7C
00
6C
DA
1A
7C
D8
DA
6C
ENDCHAR
STARTCHAR uni01E4
ENCODING 484
SWIDTH 692 0
DWIDTH 9 0
BBX 8 10 0 0
BITMAP
7C
C6
C6
C0
C0
CE
C6
CF
C6
7C
ENDCHAR
STARTCHAR uni01E5
ENCODING 485
SWIDTH 692 0
DWIDTH 9 0
BBX 8 10 0 -2
BITMAP
3E
6C
6C
38
70
3C
66
FF
66
3C
ENDCHAR
STARTCHAR Gcaron
ENCODING 486
SWIDTH 615 0
DWIDTH 8 0
BBX 7 11 0 0
BITMAP
24
18
00
7C
C6
C6
C0
CE
C6
C6
7C
ENDCHAR
STARTCHAR gcaron
ENCODING 487
SWIDTH 615 0
DWIDTH 8 0
BBX 7 12 0 -2
BITMAP
24
18
00
7E
CC
CC
CC
78
F0
7C
C6
7C
ENDCHAR
STARTCHAR uni01E8
ENCODING 488
SWIDTH 615 0
DWIDTH 8 0
BBX 7 11 0 0
BITMAP
24
18
00
C6
CC
D8
F0
F0
D8
CC
C6
ENDCHAR
STARTCHAR uni01E9
ENCODING 489
SWIDTH 615 0
DWIDTH 8 0
BBX 7 10 0 0
BITMAP
CA
C4
C0
CC
D8
F0
F0
D8
CC
C6
ENDCHAR
STARTCHAR uni01EA
ENCODING 490
SWIDTH 615 0
DWIDTH 8 0
BBX 7 12 0 -2
BITMAP
7C
C6
C6
C6
C6
C6
C6
C6
C6
7C
30
38
ENDCHAR
STARTCHAR uni01EB
ENCODING 491
SWIDTH 615 0
DWIDTH 8 0
BBX 7 9 0 -2
BITMAP
7C
C6
C6
C6
C6
C6
7C
30
38
ENDCHAR
STARTCHAR uni01EC
ENCODING 492
SWIDTH 615 0
DWIDTH 8 0
BBX 7 13 0 -2
BITMAP
7C
00
7C
C6
C6
C6
C6
C6
C6
C6
7C
30
38
ENDCHAR
STARTCHAR uni01ED
ENCODING 493
SWIDTH 615 0
DWIDTH 8 0
BBX 7 11 0 -2
BITMAP
7C
00
7C
C6
C6
C6
C6
C6
7C
30
38
ENDCHAR
STARTCHAR uni01EE
ENCODING 494
SWIDTH 615 0
DWIDTH 8 0
BBX 7 11 0 0
BITMAP
24
18
00
FE
0C
18
3C
06
86
CC
78
ENDCHAR
STARTCHAR uni01EF
ENCODING 495
SWIDTH 615 0
DWIDTH 8 0
BBX 7 12 0 -2
BITMAP
24
18
00
FE
0C
18
3C
06
06
86
CC
78
ENDCHAR
STARTCHAR uni01F0
ENCODING 496
SWIDTH 615 0
DWIDTH 8 0
BBX 7 11 0 -2
BITMAP
12
0C
00
0E
06
06
06
06
C6
C6
7C
ENDCHAR
STARTCHAR uni01F1
ENCODING 497
SWIDTH 692 0
DWIDTH 9 0
BBX 8 10 0 0
BITMAP
F7
D9
D9
D9
DA
DA
DA
DC
DC
F7
ENDCHAR
STARTCHAR uni01F2
ENCODING 498
SWIDTH 692 0
DWIDTH 9 0
BBX 8 10 0 0
BITMAP
F0
D8
D8
DF
D9
D9
DA
DC
DC
F7
ENDCHAR
STARTCHAR uni01F3
ENCODING 499
SWIDTH 692 0
DWIDTH 9 0
BBX 8 10 0 0
BITMAP
18
18
18
7F
D9
D9
DA
DC
DC
7F
ENDCHAR
STARTCHAR uni01F4
ENCODING 500
SWIDTH 615 0
DWIDTH 8 0
BBX 7 11 0 0
BITMAP
0C
18
00
7C
C6
C6
C0
CE
C6
C6
7C
ENDCHAR
STARTCHAR uni01F5
ENCODING 501
SWIDTH 615 0
DWIDTH 8 0
BBX 7 12 0 -2
BITMAP
0C
18
00
7E
CC
CC
CC
78
F0
7C
C6
7C
ENDCHAR
STARTCHAR uni01F6
ENCODING 502
SWIDTH 154 0
DWIDTH 2 0
BBX 1 1 0 0
BITMAP
00
ENDCHAR
STARTCHAR uni01F7
ENCODING 503
SWIDTH 154 0
DWIDTH 2 0
BBX 1 1 0 0
BITMAP
00
ENDCHAR
STARTCHAR uni01F8
ENCODING 504
SWIDTH 154 0
DWIDTH 2 0
BBX 1 1 0 0
BITMAP
00
ENDCHAR
STARTCHAR uni01F9
ENCODING 505
SWIDTH 154 0
DWIDTH 2 0
BBX 1 1 0 0
BITMAP
00
ENDCHAR
STARTCHAR Aringacute
ENCODING 506
SWIDTH 615 0
DWIDTH 8 0
BBX 7 11 0 0
BITMAP
18
30
38
44
38
7C
C6
C6
FE
C6
C6
ENDCHAR
STARTCHAR aringacute
ENCODING 507
SWIDTH 615 0
DWIDTH 8 0
BBX 7 11 0 0
BITMAP
0C
18
18
24
7C
06
7E
C6
C6
CE
76
ENDCHAR
STARTCHAR AEacute
ENCODING 508
SWIDTH 615 0
DWIDTH 8 0
BBX 7 11 0 0
BITMAP
0C
18
00
7E
F8
D8
D8
FC
D8
D8
DE
ENDCHAR
STARTCHAR aeacute
ENCODING 509
SWIDTH 615 0
DWIDTH 8 0
BBX 7 10 0 0
BITMAP
0C
18
00
6C
DA
1A
7C
D8
DA
6C
ENDCHAR
STARTCHAR Oslashacute
ENCODING 510
SWIDTH 615 0
DWIDTH 8 0
BBX 7 12 0 -1
BITMAP
0C
18
02
7C
CE
D6
D6
D6
D6
E6
7C
80
ENDCHAR
STARTCHAR oslashacute
ENCODING 511
SWIDTH 615 0
DWIDTH 8 0
BBX 7 11 0 -1
BITMAP
0C
18
02
7C
CE
D6
D6
D6
E6
7C
80
ENDCHAR
STARTCHAR uni0200
ENCODING 512
SWIDTH 154 0
DWIDTH 2 0
BBX 1 1 0 0
BITMAP
00
ENDCHAR
STARTCHAR uni0201
ENCODING 513
SWIDTH 154 0
DWIDTH 2 0
BBX 1 1 0 0
BITMAP
00
ENDCHAR
STARTCHAR uni0202
ENCODING 514
SWIDTH 154 0
DWIDTH 2 0
BBX 1 1 0 0
BITMAP
00
ENDCHAR
STARTCHAR uni0203
ENCODING 515
SWIDTH 154 0
DWIDTH 2 0
BBX 1 1 0 0
BITMAP
00
ENDCHAR
STARTCHAR uni0204
ENCODING 516
SWIDTH 154 0
DWIDTH 2 0
BBX 1 1 0 0
BITMAP
00
ENDCHAR
STARTCHAR uni0205
ENCODING 517
SWIDTH 154 0
DWIDTH 2 0
BBX 1 1 0 0
BITMAP
00
ENDCHAR
STARTCHAR uni0206
ENCODING 518
SWIDTH 154 0
DWIDTH 2 0
BBX 1 1 0 0
BITMAP
00
ENDCHAR
STARTCHAR uni0207
ENCODING 519
SWIDTH 154 0
DWIDTH 2 0
BBX 1 1 0 0
BITMAP
00
ENDCHAR
STARTCHAR uni0208
ENCODING 520
SWIDTH 154 0
DWIDTH 2 0
BBX 1 1 0 0
BITMAP
00
ENDCHAR
STARTCHAR uni0209
ENCODING 521
SWIDTH 154 0
DWIDTH 2 0
BBX 1 1 0 0
BITMAP
00
ENDCHAR
STARTCHAR uni020A
ENCODING 522
SWIDTH 154 0
DWIDTH 2 0
BBX 1 1 0 0
BITMAP
00
ENDCHAR
STARTCHAR uni020B
ENCODING 523
SWIDTH 154 0
DWIDTH 2 0
BBX 1 1 0 0
BITMAP
00
ENDCHAR
STARTCHAR uni020C
ENCODING 524
SWIDTH 154 0
DWIDTH 2 0
BBX 1 1 0 0
BITMAP
00
ENDCHAR
STARTCHAR uni020D
ENCODING 525
SWIDTH 154 0
DWIDTH 2 0
BBX 1 1 0 0
BITMAP
00
ENDCHAR
STARTCHAR uni020E
ENCODING 526
SWIDTH 154 0
DWIDTH 2 0
BBX 1 1 0 0
BITMAP
00
ENDCHAR
STARTCHAR uni020F
ENCODING 527
SWIDTH 154 0
DWIDTH 2 0
BBX 1 1 0 0
BITMAP
00
ENDCHAR
STARTCHAR uni0210
ENCODING 528
SWIDTH 154 0
DWIDTH 2 0
BBX 1 1 0 0
BITMAP
00
ENDCHAR
STARTCHAR uni0211
ENCODING 529
SWIDTH 154 0
DWIDTH 2 0
BBX 1 1 0 0
BITMAP
00
ENDCHAR
STARTCHAR uni0212
ENCODING 530
SWIDTH 154 0
DWIDTH 2 0
BBX 1 1 0 0
BITMAP
00
ENDCHAR
STARTCHAR uni0213
ENCODING 531
SWIDTH 154 0
DWIDTH 2 0
BBX 1 1 0 0
BITMAP
00
ENDCHAR
STARTCHAR uni0214
ENCODING 532
SWIDTH 154 0
DWIDTH 2 0
BBX 1 1 0 0
BITMAP
00
ENDCHAR
STARTCHAR uni0215
ENCODING 533
SWIDTH 154 0
DWIDTH 2 0
BBX 1 1 0 0
BITMAP
00
ENDCHAR
STARTCHAR uni0216
ENCODING 534
SWIDTH 154 0
DWIDTH 2 0
BBX 1 1 0 0
BITMAP
00
ENDCHAR
STARTCHAR uni0217
ENCODING 535
SWIDTH 154 0
DWIDTH 2 0
BBX 1 1 0 0
BITMAP
00
ENDCHAR
STARTCHAR Scommaaccent
ENCODING 536
SWIDTH 615 0
DWIDTH 8 0
BBX 7 12 0 -2
BITMAP
7C
C6
C6
C0
7C
06
06
C6
C6
7C
18
30
ENDCHAR
STARTCHAR scommaaccent
ENCODING 537
SWIDTH 615 0
DWIDTH 8 0
BBX 7 9 0 -2
BITMAP
7C
C6
60
38
0C
C6
7C
18
30
ENDCHAR
STARTCHAR Tcommaaccent
ENCODING 538
SWIDTH 615 0
DWIDTH 8 0
BBX 6 12 1 -2
BITMAP
FC
30
30
30
30
30
30
30
30
30
18
30
ENDCHAR
STARTCHAR tcommaaccent
ENCODING 539
SWIDTH 615 0
DWIDTH 8 0
BBX 7 12 0 -2
BITMAP
60
60
60
60
FC
60
60
60
66
3C
18
30
ENDCHAR
STARTCHAR uni021C
ENCODING 540
SWIDTH 154 0
DWIDTH 2 0
BBX 1 1 0 0
BITMAP
00
ENDCHAR
STARTCHAR uni021D
ENCODING 541
SWIDTH 154 0
DWIDTH 2 0
BBX 1 1 0 0
BITMAP
00
ENDCHAR
STARTCHAR uni021E
ENCODING 542
SWIDTH 154 0
DWIDTH 2 0
BBX 1 1 0 0
BITMAP
00
ENDCHAR
STARTCHAR uni021F
ENCODING 543
SWIDTH 154 0
DWIDTH 2 0
BBX 1 1 0 0
BITMAP
00
ENDCHAR
STARTCHAR uni0220
ENCODING 544
SWIDTH 154 0
DWIDTH 2 0
BBX 1 1 0 0
BITMAP
00
ENDCHAR
STARTCHAR uni0221
ENCODING 545
SWIDTH 154 0
DWIDTH 2 0
BBX 1 1 0 0
BITMAP
00
ENDCHAR
STARTCHAR uni0222
ENCODING 546
SWIDTH 154 0
DWIDTH 2 0
BBX 1 1 0 0
BITMAP
00
ENDCHAR
STARTCHAR uni0223
ENCODING 547
SWIDTH 154 0
DWIDTH 2 0
BBX 1 1 0 0
BITMAP
00
ENDCHAR
STARTCHAR uni0224
ENCODING 548
SWIDTH 154 0
DWIDTH 2 0
BBX 1 1 0 0
BITMAP
00
ENDCHAR
STARTCHAR uni0225
ENCODING 549
SWIDTH 154 0
DWIDTH 2 0
BBX 1 1 0 0
BITMAP
00
ENDCHAR
STARTCHAR uni0226
ENCODING 550
SWIDTH 154 0
DWIDTH 2 0
BBX 1 1 0 0
BITMAP
00
ENDCHAR
STARTCHAR uni0227
ENCODING 551
SWIDTH 154 0
DWIDTH 2 0
BBX 1 1 0 0
BITMAP
00
ENDCHAR
STARTCHAR uni0228
ENCODING 552
SWIDTH 154 0
DWIDTH 2 0
BBX 1 1 0 0
BITMAP
00
ENDCHAR
STARTCHAR uni0229
ENCODING 553
SWIDTH 154 0
DWIDTH 2 0
BBX 1 1 0 0
BITMAP
00
ENDCHAR
STARTCHAR uni022A
ENCODING 554
SWIDTH 154 0
DWIDTH 2 0
BBX 1 1 0 0
BITMAP
00
ENDCHAR
STARTCHAR uni022B
ENCODING 555
SWIDTH 154 0
DWIDTH 2 0
BBX 1 1 0 0
BITMAP
00
ENDCHAR
STARTCHAR uni022C
ENCODING 556
SWIDTH 154 0
DWIDTH 2 0
BBX 1 1 0 0
BITMAP
00
ENDCHAR
STARTCHAR uni022D
ENCODING 557
SWIDTH 154 0
DWIDTH 2 0
BBX 1 1 0 0
BITMAP
00
ENDCHAR
STARTCHAR uni022E
ENCODING 558
SWIDTH 154 0
DWIDTH 2 0
BBX 1 1 0 0
BITMAP
00
ENDCHAR
STARTCHAR uni022F
ENCODING 559
SWIDTH 154 0
DWIDTH 2 0
BBX 1 1 0 0
BITMAP
00
ENDCHAR
STARTCHAR uni0230
ENCODING 560
SWIDTH 154 0
DWIDTH 2 0
BBX 1 1 0 0
BITMAP
00
ENDCHAR
STARTCHAR uni0231
ENCODING 561
SWIDTH 154 0
DWIDTH 2 0
BBX 1 1 0 0
BITMAP
00
ENDCHAR
STARTCHAR uni0232
ENCODING 562
SWIDTH 154 0
DWIDTH 2 0
BBX 1 1 0 0
BITMAP
00
ENDCHAR
STARTCHAR uni0233
ENCODING 563
SWIDTH 154 0
DWIDTH 2 0
BBX 1 1 0 0
BITMAP
00
ENDCHAR
STARTCHAR uni0234
ENCODING 564
SWIDTH 154 0
DWIDTH 2 0
BBX 1 1 0 0
BITMAP
00
ENDCHAR
STARTCHAR uni0235
ENCODING 565
SWIDTH 154 0
DWIDTH 2 0
BBX 1 1 0 0
BITMAP
00
ENDCHAR
STARTCHAR uni0236
ENCODING 566
SWIDTH 154 0
DWIDTH 2 0
BBX 1 1 0 0
BITMAP
00
ENDCHAR
STARTCHAR uni0237
ENCODING 567
SWIDTH 154 0
DWIDTH 2 0
BBX 1 1 0 0
BITMAP
00
ENDCHAR
STARTCHAR uni0238
ENCODING 568
SWIDTH 154 0
DWIDTH 2 0
BBX 1 1 0 0
BITMAP
00
ENDCHAR
STARTCHAR uni0239
ENCODING 569
SWIDTH 154 0
DWIDTH 2 0
BBX 1 1 0 0
BITMAP
00
ENDCHAR
STARTCHAR uni023A
ENCODING 570
SWIDTH 154 0
DWIDTH 2 0
BBX 1 1 0 0
BITMAP
00
ENDCHAR
STARTCHAR uni023B
ENCODING 571
SWIDTH 154 0
DWIDTH 2 0
BBX 1 1 0 0
BITMAP
00
ENDCHAR
STARTCHAR uni023C
ENCODING 572
SWIDTH 154 0
DWIDTH 2 0
BBX 1 1 0 0
BITMAP
00
ENDCHAR
STARTCHAR uni023D
ENCODING 573
SWIDTH 154 0
DWIDTH 2 0
BBX 1 1 0 0
BITMAP
00
ENDCHAR
STARTCHAR uni023E
ENCODING 574
SWIDTH 154 0
DWIDTH 2 0
BBX 1 1 0 0
BITMAP
00
ENDCHAR
STARTCHAR uni023F
ENCODING 575
SWIDTH 154 0
DWIDTH 2 0
BBX 1 1 0 0
BITMAP
00
ENDCHAR
STARTCHAR uni0240
ENCODING 576
SWIDTH 154 0
DWIDTH 2 0
BBX 1 1 0 0
BITMAP
00
ENDCHAR
STARTCHAR uni0241
ENCODING 577
SWIDTH 154 0
DWIDTH 2 0
BBX 1 1 0 0
BITMAP
00
ENDCHAR
STARTCHAR uni0242
ENCODING 578
SWIDTH 154 0
DWIDTH 2 0
BBX 1 1 0 0
BITMAP
00
ENDCHAR
STARTCHAR uni0243
ENCODING 579
SWIDTH 154 0
DWIDTH 2 0
BBX 1 1 0 0
BITMAP
00
ENDCHAR
STARTCHAR uni0244
ENCODING 580
SWIDTH 154 0
DWIDTH 2 0
BBX 1 1 0 0
BITMAP
00
ENDCHAR
STARTCHAR uni0245
ENCODING 581
SWIDTH 154 0
DWIDTH 2 0
BBX 1 1 0 0
BITMAP
00
ENDCHAR
STARTCHAR uni0246
ENCODING 582
SWIDTH 154 0
DWIDTH 2 0
BBX 1 1 0 0
BITMAP
00
ENDCHAR
STARTCHAR uni0247
ENCODING 583
SWIDTH 154 0
DWIDTH 2 0
BBX 1 1 0 0
BITMAP
00
ENDCHAR
STARTCHAR uni0248
ENCODING 584
SWIDTH 154 0
DWIDTH 2 0
BBX 1 1 0 0
BITMAP
00
ENDCHAR
STARTCHAR uni0249
ENCODING 585
SWIDTH 154 0
DWIDTH 2 0
BBX 1 1 0 0
BITMAP
00
ENDCHAR
STARTCHAR uni024A
ENCODING 586
SWIDTH 154 0
DWIDTH 2 0
BBX 1 1 0 0
BITMAP
00
ENDCHAR
STARTCHAR uni024B
ENCODING 587
SWIDTH 154 0
DWIDTH 2 0
BBX 1 1 0 0
BITMAP
00
ENDCHAR
STARTCHAR uni024C
ENCODING 588
SWIDTH 154 0
DWIDTH 2 0
BBX 1 1 0 0
BITMAP
00
ENDCHAR
STARTCHAR uni024D
ENCODING 589
SWIDTH 154 0
DWIDTH 2 0
BBX 1 1 0 0
BITMAP
00
ENDCHAR
STARTCHAR uni024E
ENCODING 590
SWIDTH 154 0
DWIDTH 2 0
BBX 1 1 0 0
BITMAP
00
ENDCHAR
STARTCHAR uni024F
ENCODING 591
SWIDTH 154 0
DWIDTH 2 0
BBX 1 1 0 0
BITMAP
00
ENDCHAR
STARTCHAR uni0250
ENCODING 592
SWIDTH 154 0
DWIDTH 2 0
BBX 1 1 0 0
BITMAP
00
ENDCHAR
STARTCHAR uni0251
ENCODING 593
SWIDTH 154 0
DWIDTH 2 0
BBX 1 1 0 0
BITMAP
00
ENDCHAR
STARTCHAR uni0252
ENCODING 594
SWIDTH 154 0
DWIDTH 2 0
BBX 1 1 0 0
BITMAP
00
ENDCHAR
STARTCHAR uni0253
ENCODING 595
SWIDTH 154 0
DWIDTH 2 0
BBX 1 1 0 0
BITMAP
00
ENDCHAR
STARTCHAR uni0254
ENCODING 596
SWIDTH 154 0
DWIDTH 2 0
BBX 1 1 0 0
BITMAP
00
ENDCHAR
STARTCHAR uni0255
ENCODING 597
SWIDTH 154 0
DWIDTH 2 0
BBX 1 1 0 0
BITMAP
00
ENDCHAR
STARTCHAR uni0256
ENCODING 598
SWIDTH 154 0
DWIDTH 2 0
BBX 1 1 0 0
BITMAP
00
ENDCHAR
STARTCHAR uni0257
ENCODING 599
SWIDTH 154 0
DWIDTH 2 0
BBX 1 1 0 0
BITMAP
00
ENDCHAR
STARTCHAR uni0258
ENCODING 600
SWIDTH 154 0
DWIDTH 2 0
BBX 1 1 0 0
BITMAP
00
ENDCHAR
STARTCHAR uni0259
ENCODING 601
SWIDTH 615 0
DWIDTH 8 0
BBX 7 7 0 0
BITMAP
7C
C6
06
FE
C6
C6
7C
ENDCHAR
STARTCHAR uni025A
ENCODING 602
SWIDTH 154 0
DWIDTH 2 0
BBX 1 1 0 0
BITMAP
00
ENDCHAR
STARTCHAR uni025B
ENCODING 603
SWIDTH 154 0
DWIDTH 2 0
BBX 1 1 0 0
BITMAP
00
ENDCHAR
STARTCHAR uni025C
ENCODING 604
SWIDTH 154 0
DWIDTH 2 0
BBX 1 1 0 0
BITMAP
00
ENDCHAR
STARTCHAR uni025D
ENCODING 605
SWIDTH 154 0
DWIDTH 2 0
BBX 1 1 0 0
BITMAP
00
ENDCHAR
STARTCHAR uni025E
ENCODING 606
SWIDTH 154 0
DWIDTH 2 0
BBX 1 1 0 0
BITMAP
00
ENDCHAR
STARTCHAR uni025F
ENCODING 607
SWIDTH 154 0
DWIDTH 2 0
BBX 1 1 0 0
BITMAP
00
ENDCHAR
STARTCHAR uni0260
ENCODING 608
SWIDTH 154 0
DWIDTH 2 0
BBX 1 1 0 0
BITMAP
00
ENDCHAR
STARTCHAR uni0261
ENCODING 609
SWIDTH 154 0
DWIDTH 2 0
BBX 1 1 0 0
BITMAP
00
ENDCHAR
STARTCHAR uni0262
ENCODING 610
SWIDTH 154 0
DWIDTH 2 0
BBX 1 1 0 0
BITMAP
00
ENDCHAR
STARTCHAR uni0263
ENCODING 611
SWIDTH 154 0
DWIDTH 2 0
BBX 1 1 0 0
BITMAP
00
ENDCHAR
STARTCHAR uni0264
ENCODING 612
SWIDTH 154 0
DWIDTH 2 0
BBX 1 1 0 0
BITMAP
00
ENDCHAR
STARTCHAR uni0265
ENCODING 613
SWIDTH 154 0
DWIDTH 2 0
BBX 1 1 0 0
BITMAP
00
ENDCHAR
STARTCHAR uni0266
ENCODING 614
SWIDTH 154 0
DWIDTH 2 0
BBX 1 1 0 0
BITMAP
00
ENDCHAR
STARTCHAR uni0267
ENCODING 615
SWIDTH 154 0
DWIDTH 2 0
BBX 1 1 0 0
BITMAP
00
ENDCHAR
STARTCHAR uni0268
ENCODING 616
SWIDTH 154 0
DWIDTH 2 0
BBX 1 1 0 0
BITMAP
00
ENDCHAR
STARTCHAR uni0269
ENCODING 617
SWIDTH 154 0
DWIDTH 2 0
BBX 1 1 0 0
BITMAP
00
ENDCHAR
STARTCHAR uni026A
ENCODING 618
SWIDTH 154 0
DWIDTH 2 0
BBX 1 1 0 0
BITMAP
00
ENDCHAR
STARTCHAR uni026B
ENCODING 619
SWIDTH 154 0
DWIDTH 2 0
BBX 1 1 0 0
BITMAP
00
ENDCHAR
STARTCHAR uni026C
ENCODING 620
SWIDTH 154 0
DWIDTH 2 0
BBX 1 1 0 0
BITMAP
00
ENDCHAR
STARTCHAR uni026D
ENCODING 621
SWIDTH 154 0
DWIDTH 2 0
BBX 1 1 0 0
BITMAP
00
ENDCHAR
STARTCHAR uni026E
ENCODING 622
SWIDTH 154 0
DWIDTH 2 0
BBX 1 1 0 0
BITMAP
00
ENDCHAR
STARTCHAR uni026F
ENCODING 623
SWIDTH 154 0
DWIDTH 2 0
BBX 1 1 0 0
BITMAP
00
ENDCHAR
STARTCHAR uni0270
ENCODING 624
SWIDTH 154 0
DWIDTH 2 0
BBX 1 1 0 0
BITMAP
00
ENDCHAR
STARTCHAR uni0271
ENCODING 625
SWIDTH 154 0
DWIDTH 2 0
BBX 1 1 0 0
BITMAP
00
ENDCHAR
STARTCHAR uni0272
ENCODING 626
SWIDTH 154 0
DWIDTH 2 0
BBX 1 1 0 0
BITMAP
00
ENDCHAR
STARTCHAR uni0273
ENCODING 627
SWIDTH 154 0
DWIDTH 2 0
BBX 1 1 0 0
BITMAP
00
ENDCHAR
STARTCHAR uni0274
ENCODING 628
SWIDTH 154 0
DWIDTH 2 0
BBX 1 1 0 0
BITMAP
00
ENDCHAR
STARTCHAR uni0275
ENCODING 629
SWIDTH 154 0
DWIDTH 2 0
BBX 1 1 0 0
BITMAP
00
ENDCHAR
STARTCHAR uni0276
ENCODING 630
SWIDTH 154 0
DWIDTH 2 0
BBX 1 1 0 0
BITMAP
00
ENDCHAR
STARTCHAR uni0277
ENCODING 631
SWIDTH 154 0
DWIDTH 2 0
BBX 1 1 0 0
BITMAP
00
ENDCHAR
STARTCHAR uni0278
ENCODING 632
SWIDTH 154 0
DWIDTH 2 0
BBX 1 1 0 0
BITMAP
00
ENDCHAR
STARTCHAR uni0279
ENCODING 633
SWIDTH 154 0
DWIDTH 2 0
BBX 1 1 0 0
BITMAP
00
ENDCHAR
STARTCHAR uni027A
ENCODING 634
SWIDTH 154 0
DWIDTH 2 0
BBX 1 1 0 0
BITMAP
00
ENDCHAR
STARTCHAR uni027B
ENCODING 635
SWIDTH 154 0
DWIDTH 2 0
BBX 1 1 0 0
BITMAP
00
ENDCHAR
STARTCHAR uni027C
ENCODING 636
SWIDTH 154 0
DWIDTH 2 0
BBX 1 1 0 0
BITMAP
00
ENDCHAR
STARTCHAR uni027D
ENCODING 637
SWIDTH 154 0
DWIDTH 2 0
BBX 1 1 0 0
BITMAP
00
ENDCHAR
STARTCHAR uni027E
ENCODING 638
SWIDTH 154 0
DWIDTH 2 0
BBX 1 1 0 0
BITMAP
00
ENDCHAR
STARTCHAR uni027F
ENCODING 639
SWIDTH 154 0
DWIDTH 2 0
BBX 1 1 0 0
BITMAP
00
ENDCHAR
STARTCHAR uni0280
ENCODING 640
SWIDTH 154 0
DWIDTH 2 0
BBX 1 1 0 0
BITMAP
00
ENDCHAR
STARTCHAR uni0281
ENCODING 641
SWIDTH 154 0
DWIDTH 2 0
BBX 1 1 0 0
BITMAP
00
ENDCHAR
STARTCHAR uni0282
ENCODING 642
SWIDTH 154 0
DWIDTH 2 0
BBX 1 1 0 0
BITMAP
00
ENDCHAR
STARTCHAR uni0283
ENCODING 643
SWIDTH 154 0
DWIDTH 2 0
BBX 1 1 0 0
BITMAP
00
ENDCHAR
STARTCHAR uni0284
ENCODING 644
SWIDTH 154 0
DWIDTH 2 0
BBX 1 1 0 0
BITMAP
00
ENDCHAR
STARTCHAR uni0285
ENCODING 645
SWIDTH 154 0
DWIDTH 2 0
BBX 1 1 0 0
BITMAP
00
ENDCHAR
STARTCHAR uni0286
ENCODING 646
SWIDTH 154 0
DWIDTH 2 0
BBX 1 1 0 0
BITMAP
00
ENDCHAR
STARTCHAR uni0287
ENCODING 647
SWIDTH 154 0
DWIDTH 2 0
BBX 1 1 0 0
BITMAP
00
ENDCHAR
STARTCHAR uni0288
ENCODING 648
SWIDTH 154 0
DWIDTH 2 0
BBX 1 1 0 0
BITMAP
00
ENDCHAR
STARTCHAR uni0289
ENCODING 649
SWIDTH 154 0
DWIDTH 2 0
BBX 1 1 0 0
BITMAP
00
ENDCHAR
STARTCHAR uni028A
ENCODING 650
SWIDTH 154 0
DWIDTH 2 0
BBX 1 1 0 0
BITMAP
00
ENDCHAR
STARTCHAR uni028B
ENCODING 651
SWIDTH 154 0
DWIDTH 2 0
BBX 1 1 0 0
BITMAP
00
ENDCHAR
STARTCHAR uni028C
ENCODING 652
SWIDTH 154 0
DWIDTH 2 0
BBX 1 1 0 0
BITMAP
00
ENDCHAR
STARTCHAR uni028D
ENCODING 653
SWIDTH 154 0
DWIDTH 2 0
BBX 1 1 0 0
BITMAP
00
ENDCHAR
STARTCHAR uni028E
ENCODING 654
SWIDTH 154 0
DWIDTH 2 0
BBX 1 1 0 0
BITMAP
00
ENDCHAR
STARTCHAR uni028F
ENCODING 655
SWIDTH 154 0
DWIDTH 2 0
BBX 1 1 0 0
BITMAP
00
ENDCHAR
STARTCHAR uni0290
ENCODING 656
SWIDTH 154 0
DWIDTH 2 0
BBX 1 1 0 0
BITMAP
00
ENDCHAR
STARTCHAR uni0291
ENCODING 657
SWIDTH 154 0
DWIDTH 2 0
BBX 1 1 0 0
BITMAP
00
ENDCHAR
STARTCHAR uni0292
ENCODING 658
SWIDTH 154 0
DWIDTH 2 0
BBX 1 1 0 0
BITMAP
00
ENDCHAR
STARTCHAR uni0293
ENCODING 659
SWIDTH 154 0
DWIDTH 2 0
BBX 1 1 0 0
BITMAP
00
ENDCHAR
STARTCHAR uni0294
ENCODING 660
SWIDTH 154 0
DWIDTH 2 0
BBX 1 1 0 0
BITMAP
00
ENDCHAR
STARTCHAR uni0295
ENCODING 661
SWIDTH 154 0
DWIDTH 2 0
BBX 1 1 0 0
BITMAP
00
ENDCHAR
STARTCHAR uni0296
ENCODING 662
SWIDTH 154 0
DWIDTH 2 0
BBX 1 1 0 0
BITMAP
00
ENDCHAR
STARTCHAR uni0297
ENCODING 663
SWIDTH 154 0
DWIDTH 2 0
BBX 1 1 0 0
BITMAP
00
ENDCHAR
STARTCHAR uni0298
ENCODING 664
SWIDTH 154 0
DWIDTH 2 0
BBX 1 1 0 0
BITMAP
00
ENDCHAR
STARTCHAR uni0299
ENCODING 665
SWIDTH 154 0
DWIDTH 2 0
BBX 1 1 0 0
BITMAP
00
ENDCHAR
STARTCHAR uni029A
ENCODING 666
SWIDTH 154 0
DWIDTH 2 0
BBX 1 1 0 0
BITMAP
00
ENDCHAR
STARTCHAR uni029B
ENCODING 667
SWIDTH 154 0
DWIDTH 2 0
BBX 1 1 0 0
BITMAP
00
ENDCHAR
STARTCHAR uni029C
ENCODING 668
SWIDTH 154 0
DWIDTH 2 0
BBX 1 1 0 0
BITMAP
00
ENDCHAR
STARTCHAR uni029D
ENCODING 669
SWIDTH 154 0
DWIDTH 2 0
BBX 1 1 0 0
BITMAP
00
ENDCHAR
STARTCHAR uni029E
ENCODING 670
SWIDTH 154 0
DWIDTH 2 0
BBX 1 1 0 0
BITMAP
00
ENDCHAR
STARTCHAR uni029F
ENCODING 671
SWIDTH 154 0
DWIDTH 2 0
BBX 1 1 0 0
BITMAP
00
ENDCHAR
STARTCHAR uni02A0
ENCODING 672
SWIDTH 154 0
DWIDTH 2 0
BBX 1 1 0 0
BITMAP
00
ENDCHAR
STARTCHAR uni02A1
ENCODING 673
SWIDTH 154 0
DWIDTH 2 0
BBX 1 1 0 0
BITMAP
00
ENDCHAR
STARTCHAR uni02A2
ENCODING 674
SWIDTH 154 0
DWIDTH 2 0
BBX 1 1 0 0
BITMAP
00
ENDCHAR
STARTCHAR uni02A3
ENCODING 675
SWIDTH 154 0
DWIDTH 2 0
BBX 1 1 0 0
BITMAP
00
ENDCHAR
STARTCHAR uni02A4
ENCODING 676
SWIDTH 154 0
DWIDTH 2 0
BBX 1 1 0 0
BITMAP
00
ENDCHAR
STARTCHAR uni02A5
ENCODING 677
SWIDTH 154 0
DWIDTH 2 0
BBX 1 1 0 0
BITMAP
00
ENDCHAR
STARTCHAR uni02A6
ENCODING 678
SWIDTH 154 0
DWIDTH 2 0
BBX 1 1 0 0
BITMAP
00
ENDCHAR
STARTCHAR uni02A7
ENCODING 679
SWIDTH 154 0
DWIDTH 2 0
BBX 1 1 0 0
BITMAP
00
ENDCHAR
STARTCHAR uni02A8
ENCODING 680
SWIDTH 154 0
DWIDTH 2 0
BBX 1 1 0 0
BITMAP
00
ENDCHAR
STARTCHAR uni02A9
ENCODING 681
SWIDTH 154 0
DWIDTH 2 0
BBX 1 1 0 0
BITMAP
00
ENDCHAR
STARTCHAR uni02AA
ENCODING 682
SWIDTH 154 0
DWIDTH 2 0
BBX 1 1 0 0
BITMAP
00
ENDCHAR
STARTCHAR uni02AB
ENCODING 683
SWIDTH 154 0
DWIDTH 2 0
BBX 1 1 0 0
BITMAP
00
ENDCHAR
STARTCHAR uni02AC
ENCODING 684
SWIDTH 154 0
DWIDTH 2 0
BBX 1 1 0 0
BITMAP
00
ENDCHAR
STARTCHAR uni02AD
ENCODING 685
SWIDTH 154 0
DWIDTH 2 0
BBX 1 1 0 0
BITMAP
00
ENDCHAR
STARTCHAR uni02AE
ENCODING 686
SWIDTH 154 0
DWIDTH 2 0
BBX 1 1 0 0
BITMAP
00
ENDCHAR
STARTCHAR uni02AF
ENCODING 687
SWIDTH 154 0
DWIDTH 2 0
BBX 1 1 0 0
BITMAP
00
ENDCHAR
STARTCHAR uni02B0
ENCODING 688
SWIDTH 154 0
DWIDTH 2 0
BBX 1 1 0 0
BITMAP
00
ENDCHAR
STARTCHAR uni02B1
ENCODING 689
SWIDTH 154 0
DWIDTH 2 0
BBX 1 1 0 0
BITMAP
00
ENDCHAR
STARTCHAR uni02B2
ENCODING 690
SWIDTH 154 0
DWIDTH 2 0
BBX 1 1 0 0
BITMAP
00
ENDCHAR
STARTCHAR uni02B3
ENCODING 691
SWIDTH 154 0
DWIDTH 2 0
BBX 1 1 0 0
BITMAP
00
ENDCHAR
STARTCHAR uni02B4
ENCODING 692
SWIDTH 154 0
DWIDTH 2 0
BBX 1 1 0 0
BITMAP
00
ENDCHAR
STARTCHAR uni02B5
ENCODING 693
SWIDTH 154 0
DWIDTH 2 0
BBX 1 1 0 0
BITMAP
00
ENDCHAR
STARTCHAR uni02B6
ENCODING 694
SWIDTH 154 0
DWIDTH 2 0
BBX 1 1 0 0
BITMAP
00
ENDCHAR
STARTCHAR uni02B7
ENCODING 695
SWIDTH 154 0
DWIDTH 2 0
BBX 1 1 0 0
BITMAP
00
ENDCHAR
STARTCHAR uni02B8
ENCODING 696
SWIDTH 154 0
DWIDTH 2 0
BBX 1 1 0 0
BITMAP
00
ENDCHAR
STARTCHAR uni02B9
ENCODING 697
SWIDTH 154 0
DWIDTH 2 0
BBX 1 1 0 0
BITMAP
00
ENDCHAR
STARTCHAR uni02BA
ENCODING 698
SWIDTH 154 0
DWIDTH 2 0
BBX 1 1 0 0
BITMAP
00
ENDCHAR
STARTCHAR uni02BB
ENCODING 699
SWIDTH 154 0
DWIDTH 2 0
BBX 1 1 0 0
BITMAP
00
ENDCHAR
STARTCHAR afii57929
ENCODING 700
SWIDTH 462 0
DWIDTH 6 0
BBX 3 3 2 7
BITMAP
E0
60
C0
ENDCHAR
STARTCHAR afii64937
ENCODING 701
SWIDTH 462 0
DWIDTH 6 0
BBX 3 3 2 7
BITMAP
E0
C0
60
ENDCHAR
STARTCHAR uni02BE
ENCODING 702
SWIDTH 154 0
DWIDTH 2 0
BBX 1 1 0 0
BITMAP
00
ENDCHAR
STARTCHAR uni02BF
ENCODING 703
SWIDTH 154 0
DWIDTH 2 0
BBX 1 1 0 0
BITMAP
00
ENDCHAR
STARTCHAR uni02C0
ENCODING 704
SWIDTH 154 0
DWIDTH 2 0
BBX 1 1 0 0
BITMAP
00
ENDCHAR
STARTCHAR uni02C1
ENCODING 705
SWIDTH 154 0
DWIDTH 2 0
BBX 1 1 0 0
BITMAP
00
ENDCHAR
STARTCHAR uni02C2
ENCODING 706
SWIDTH 154 0
DWIDTH 2 0
BBX 1 1 0 0
BITMAP
00
ENDCHAR
STARTCHAR uni02C3
ENCODING 707
SWIDTH 154 0
DWIDTH 2 0
BBX 1 1 0 0
BITMAP
00
ENDCHAR
STARTCHAR uni02C4
ENCODING 708
SWIDTH 154 0
DWIDTH 2 0
BBX 1 1 0 0
BITMAP
00
ENDCHAR
STARTCHAR uni02C5
ENCODING 709
SWIDTH 154 0
DWIDTH 2 0
BBX 1 1 0 0
BITMAP
00
ENDCHAR
STARTCHAR circumflex
ENCODING 710
SWIDTH 538 0
DWIDTH 7 0
BBX 5 2 1 8
BITMAP
70
D8
ENDCHAR
STARTCHAR caron
ENCODING 711
SWIDTH 538 0
DWIDTH 7 0
BBX 5 2 1 8
BITMAP
D8
70
ENDCHAR
STARTCHAR uni02C8
ENCODING 712
SWIDTH 154 0
DWIDTH 2 0
BBX 1 1 0 0
BITMAP
00
ENDCHAR
STARTCHAR uni02C9
ENCODING 713
SWIDTH 154 0
DWIDTH 2 0
BBX 1 1 0 0
BITMAP
00
ENDCHAR
STARTCHAR uni02CA
ENCODING 714
SWIDTH 154 0
DWIDTH 2 0
BBX 1 1 0 0
BITMAP
00
ENDCHAR
STARTCHAR uni02CB
ENCODING 715
SWIDTH 154 0
DWIDTH 2 0
BBX 1 1 0 0
BITMAP
00
ENDCHAR
STARTCHAR uni02CC
ENCODING 716
SWIDTH 154 0
DWIDTH 2 0
BBX 1 1 0 0
BITMAP
00
ENDCHAR
STARTCHAR uni02CD
ENCODING 717
SWIDTH 154 0
DWIDTH 2 0
BBX 1 1 0 0
BITMAP
00
ENDCHAR
STARTCHAR uni02CE
ENCODING 718
SWIDTH 154 0
DWIDTH 2 0
BBX 1 1 0 0
BITMAP
00
ENDCHAR
STARTCHAR uni02CF
ENCODING 719
SWIDTH 154 0
DWIDTH 2 0
BBX 1 1 0 0
BITMAP
00
ENDCHAR
STARTCHAR uni02D0
ENCODING 720
SWIDTH 154 0
DWIDTH 2 0
BBX 1 1 0 0
BITMAP
00
ENDCHAR
STARTCHAR uni02D1
ENCODING 721
SWIDTH 154 0
DWIDTH 2 0
BBX 1 1 0 0
BITMAP
00
ENDCHAR
STARTCHAR uni02D2
ENCODING 722
SWIDTH 154 0
DWIDTH 2 0
BBX 1 1 0 0
BITMAP
00
ENDCHAR
STARTCHAR uni02D3
ENCODING 723
SWIDTH 154 0
DWIDTH 2 0
BBX 1 1 0 0
BITMAP
00
ENDCHAR
STARTCHAR uni02D4
ENCODING 724
SWIDTH 154 0
DWIDTH 2 0
BBX 1 1 0 0
BITMAP
00
ENDCHAR
STARTCHAR uni02D5
ENCODING 725
SWIDTH 154 0
DWIDTH 2 0
BBX 1 1 0 0
BITMAP
00
ENDCHAR
STARTCHAR uni02D6
ENCODING 726
SWIDTH 154 0
DWIDTH 2 0
BBX 1 1 0 0
BITMAP
00
ENDCHAR
STARTCHAR uni02D7
ENCODING 727
SWIDTH 154 0
DWIDTH 2 0
BBX 1 1 0 0
BITMAP
00
ENDCHAR
STARTCHAR breve
ENCODING 728
SWIDTH 615 0
DWIDTH 8 0
BBX 6 2 1 8
BITMAP
CC
78
ENDCHAR
STARTCHAR dotaccent
ENCODING 729
SWIDTH 462 0
DWIDTH 6 0
BBX 2 1 3 9
BITMAP
C0
ENDCHAR
STARTCHAR ring
ENCODING 730
SWIDTH 615 0
DWIDTH 8 0
BBX 6 3 1 8
BITMAP
78
CC
78
ENDCHAR
STARTCHAR ogonek
ENCODING 731
SWIDTH 615 0
DWIDTH 8 0
BBX 4 2 3 -2
BITMAP
C0
F0
ENDCHAR
STARTCHAR tilde
ENCODING 732
SWIDTH 615 0
DWIDTH 8 0
BBX 6 2 1 8
BITMAP
6C
D8
ENDCHAR
STARTCHAR hungarumlaut
ENCODING 733
SWIDTH 615 0
DWIDTH 8 0
BBX 7 2 0 8
BITMAP
66
CC
ENDCHAR
STARTCHAR uni02DE
ENCODING 734
SWIDTH 154 0
DWIDTH 2 0
BBX 1 1 0 0
BITMAP
00
ENDCHAR
STARTCHAR uni02DF
ENCODING 735
SWIDTH 154 0
DWIDTH 2 0
BBX 1 1 0 0
BITMAP
00
ENDCHAR
STARTCHAR uni02E0
ENCODING 736
SWIDTH 154 0
DWIDTH 2 0
BBX 1 1 0 0
BITMAP
00
ENDCHAR
STARTCHAR uni02E1
ENCODING 737
SWIDTH 154 0
DWIDTH 2 0
BBX 1 1 0 0
BITMAP
00
ENDCHAR
STARTCHAR uni02E2
ENCODING 738
SWIDTH 154 0
DWIDTH 2 0
BBX 1 1 0 0
BITMAP
00
ENDCHAR
STARTCHAR uni02E3
ENCODING 739
SWIDTH 154 0
DWIDTH 2 0
BBX 1 1 0 0
BITMAP
00
ENDCHAR
STARTCHAR uni02E4
ENCODING 740
SWIDTH 154 0
DWIDTH 2 0
BBX 1 1 0 0
BITMAP
00
ENDCHAR
STARTCHAR uni02E5
ENCODING 741
SWIDTH 154 0
DWIDTH 2 0
BBX 1 1 0 0
BITMAP
00
ENDCHAR
STARTCHAR uni02E6
ENCODING 742
SWIDTH 154 0
DWIDTH 2 0
BBX 1 1 0 0
BITMAP
00
ENDCHAR
STARTCHAR uni02E7
ENCODING 743
SWIDTH 154 0
DWIDTH 2 0
BBX 1 1 0 0
BITMAP
00
ENDCHAR
STARTCHAR uni02E8
ENCODING 744
SWIDTH 154 0
DWIDTH 2 0
BBX 1 1 0 0
BITMAP
00
ENDCHAR
STARTCHAR uni02E9
ENCODING 745
SWIDTH 154 0
DWIDTH 2 0
BBX 1 1 0 0
BITMAP
00
ENDCHAR
STARTCHAR uni02EA
ENCODING 746
SWIDTH 154 0
DWIDTH 2 0
BBX 1 1 0 0
BITMAP
00
ENDCHAR
STARTCHAR uni02EB
ENCODING 747
SWIDTH 154 0
DWIDTH 2 0
BBX 1 1 0 0
BITMAP
00
ENDCHAR
STARTCHAR uni02EC
ENCODING 748
SWIDTH 154 0
DWIDTH 2 0
BBX 1 1 0 0
BITMAP
00
ENDCHAR
STARTCHAR uni02ED
ENCODING 749
SWIDTH 154 0
DWIDTH 2 0
BBX 1 1 0 0
BITMAP
00
ENDCHAR
STARTCHAR uni02EE
ENCODING 750
SWIDTH 154 0
DWIDTH 2 0
BBX 1 1 0 0
BITMAP
00
ENDCHAR
STARTCHAR uni02EF
ENCODING 751
SWIDTH 154 0
DWIDTH 2 0
BBX 1 1 0 0
BITMAP
00
ENDCHAR
STARTCHAR uni02F0
ENCODING 752
SWIDTH 154 0
DWIDTH 2 0
BBX 1 1 0 0
BITMAP
00
ENDCHAR
STARTCHAR uni02F1
ENCODING 753
SWIDTH 154 0
DWIDTH 2 0
BBX 1 1 0 0
BITMAP
00
ENDCHAR
STARTCHAR uni02F2
ENCODING 754
SWIDTH 154 0
DWIDTH 2 0
BBX 1 1 0 0
BITMAP
00
ENDCHAR
STARTCHAR uni02F3
ENCODING 755
SWIDTH 154 0
DWIDTH 2 0
BBX 1 1 0 0
BITMAP
00
ENDCHAR
STARTCHAR uni02F4
ENCODING 756
SWIDTH 154 0
DWIDTH 2 0
BBX 1 1 0 0
BITMAP
00
ENDCHAR
STARTCHAR uni02F5
ENCODING 757
SWIDTH 154 0
DWIDTH 2 0
BBX 1 1 0 0
BITMAP
00
ENDCHAR
STARTCHAR uni02F6
ENCODING 758
SWIDTH 154 0
DWIDTH 2 0
BBX 1 1 0 0
BITMAP
00
ENDCHAR
STARTCHAR uni02F7
ENCODING 759
SWIDTH 154 0
DWIDTH 2 0
BBX 1 1 0 0
BITMAP
00
ENDCHAR
STARTCHAR uni02F8
ENCODING 760
SWIDTH 154 0
DWIDTH 2 0
BBX 1 1 0 0
BITMAP
00
ENDCHAR
STARTCHAR uni02F9
ENCODING 761
SWIDTH 154 0
DWIDTH 2 0
BBX 1 1 0 0
BITMAP
00
ENDCHAR
STARTCHAR uni02FA
ENCODING 762
SWIDTH 154 0
DWIDTH 2 0
BBX 1 1 0 0
BITMAP
00
ENDCHAR
STARTCHAR uni02FB
ENCODING 763
SWIDTH 154 0
DWIDTH 2 0
BBX 1 1 0 0
BITMAP
00
ENDCHAR
STARTCHAR uni02FC
ENCODING 764
SWIDTH 154 0
DWIDTH 2 0
BBX 1 1 0 0
BITMAP
00
ENDCHAR
STARTCHAR uni02FD
ENCODING 765
SWIDTH 154 0
DWIDTH 2 0
BBX 1 1 0 0
BITMAP
00
ENDCHAR
STARTCHAR uni02FE
ENCODING 766
SWIDTH 154 0
DWIDTH 2 0
BBX 1 1 0 0
BITMAP
00
ENDCHAR
STARTCHAR uni02FF
ENCODING 767
SWIDTH 154 0
DWIDTH 2 0
BBX 1 1 0 0
BITMAP
00
ENDCHAR
STARTCHAR gravecomb
ENCODING 768
SWIDTH 462 0
DWIDTH 6 0
BBX 3 2 2 8
BITMAP
C0
60
ENDCHAR
STARTCHAR acutecomb
ENCODING 769
SWIDTH 462 0
DWIDTH 6 0
BBX 3 2 2 8
BITMAP
60
C0
ENDCHAR
STARTCHAR uni0302
ENCODING 770
SWIDTH 538 0
DWIDTH 7 0
BBX 5 2 1 8
BITMAP
70
D8
ENDCHAR
STARTCHAR tildecomb
ENCODING 771
SWIDTH 538 0
DWIDTH 7 0
BBX 5 2 1 8
BITMAP
68
B0
ENDCHAR
STARTCHAR uni0304
ENCODING 772
SWIDTH 538 0
DWIDTH 7 0
BBX 4 1 2 10
BITMAP
F0
ENDCHAR
STARTCHAR uni0305
ENCODING 773
SWIDTH 692 0
DWIDTH 9 0
BBX 8 1 0 10
BITMAP
FF
ENDCHAR
STARTCHAR uni0306
ENCODING 774
SWIDTH 615 0
DWIDTH 8 0
BBX 6 2 1 8
BITMAP
CC
78
ENDCHAR
STARTCHAR uni0307
ENCODING 775
SWIDTH 462 0
DWIDTH 6 0
BBX 2 2 3 8
BITMAP
C0
C0
ENDCHAR
STARTCHAR uni0308
ENCODING 776
SWIDTH 538 0
DWIDTH 7 0
BBX 5 2 1 8
BITMAP
D8
D8
ENDCHAR
STARTCHAR hookabovecomb
ENCODING 777
SWIDTH 538 0
DWIDTH 7 0
BBX 5 4 1 7
BITMAP
70
D8
18
30
ENDCHAR
STARTCHAR uni030A
ENCODING 778
SWIDTH 538 0
DWIDTH 7 0
BBX 4 3 2 8
BITMAP
60
90
60
ENDCHAR
STARTCHAR uni030B
ENCODING 779
SWIDTH 615 0
DWIDTH 8 0
BBX 7 2 0 8
BITMAP
66
CC
ENDCHAR
STARTCHAR uni030C
ENCODING 780
SWIDTH 538 0
DWIDTH 7 0
BBX 5 2 1 8
BITMAP
D8
70
ENDCHAR
STARTCHAR uni030D
ENCODING 781
SWIDTH 462 0
DWIDTH 6 0
BBX 2 3 3 8
BITMAP
C0
C0
C0
ENDCHAR
STARTCHAR uni030E
ENCODING 782
SWIDTH 615 0
DWIDTH 8 0
BBX 6 3 1 8
BITMAP
CC
CC
CC
ENDCHAR
STARTCHAR uni030F
ENCODING 783
SWIDTH 615 0
DWIDTH 8 0
BBX 7 2 0 8
BITMAP
CC
66
ENDCHAR
STARTCHAR uni0310
ENCODING 784
SWIDTH 154 0
DWIDTH 2 0
BBX 1 1 0 0
BITMAP
00
ENDCHAR
STARTCHAR uni0311
ENCODING 785
SWIDTH 615 0
DWIDTH 8 0
BBX 6 2 1 8
BITMAP
78
CC
ENDCHAR
STARTCHAR uni0312
ENCODING 786
SWIDTH 154 0
DWIDTH 2 0
BBX 1 1 0 0
BITMAP
00
ENDCHAR
STARTCHAR uni0313
ENCODING 787
SWIDTH 154 0
DWIDTH 2 0
BBX 1 1 0 0
BITMAP
00
ENDCHAR
STARTCHAR uni0314
ENCODING 788
SWIDTH 154 0
DWIDTH 2 0
BBX 1 1 0 0
BITMAP
00
ENDCHAR
STARTCHAR uni0315
ENCODING 789
SWIDTH 154 0
DWIDTH 2 0
BBX 1 1 0 0
BITMAP
00
ENDCHAR
STARTCHAR uni0316
ENCODING 790
SWIDTH 154 0
DWIDTH 2 0
BBX 1 1 0 0
BITMAP
00
ENDCHAR
STARTCHAR uni0317
ENCODING 791
SWIDTH 154 0
DWIDTH 2 0
BBX 1 1 0 0
BITMAP
00
ENDCHAR
STARTCHAR uni0318
ENCODING 792
SWIDTH 154 0
DWIDTH 2 0
BBX 1 1 0 0
BITMAP
00
ENDCHAR
STARTCHAR uni0319
ENCODING 793
SWIDTH 154 0
DWIDTH 2 0
BBX 1 1 0 0
BITMAP
00
ENDCHAR
STARTCHAR uni031A
ENCODING 794
SWIDTH 154 0
DWIDTH 2 0
BBX 1 1 0 0
BITMAP
00
ENDCHAR
STARTCHAR uni031B
ENCODING 795
SWIDTH 154 0
DWIDTH 2 0
BBX 1 1 0 0
BITMAP
00
ENDCHAR
STARTCHAR uni031C
ENCODING 796
SWIDTH 154 0
DWIDTH 2 0
BBX 1 1 0 0
BITMAP
00
ENDCHAR
STARTCHAR uni031D
ENCODING 797
SWIDTH 154 0
DWIDTH 2 0
BBX 1 1 0 0
BITMAP
00
ENDCHAR
STARTCHAR uni031E
ENCODING 798
SWIDTH 154 0
DWIDTH 2 0
BBX 1 1 0 0
BITMAP
00
ENDCHAR
STARTCHAR uni031F
ENCODING 799
SWIDTH 154 0
DWIDTH 2 0
BBX 1 1 0 0
BITMAP
00
ENDCHAR
STARTCHAR uni0320
ENCODING 800
SWIDTH 154 0
DWIDTH 2 0
BBX 1 1 0 0
BITMAP
00
ENDCHAR
STARTCHAR uni0321
ENCODING 801
SWIDTH 154 0
DWIDTH 2 0
BBX 1 1 0 0
BITMAP
00
ENDCHAR
STARTCHAR uni0322
ENCODING 802
SWIDTH 154 0
DWIDTH 2 0
BBX 1 1 0 0
BITMAP
00
ENDCHAR
STARTCHAR dotbelowcomb
ENCODING 803
SWIDTH 462 0
DWIDTH 6 0
BBX 2 2 3 -2
BITMAP
C0
C0
ENDCHAR
STARTCHAR uni0324
ENCODING 804
SWIDTH 538 0
DWIDTH 7 0
BBX 5 2 1 -2
BITMAP
D8
D8
ENDCHAR
STARTCHAR uni0325
ENCODING 805
SWIDTH 154 0
DWIDTH 2 0
BBX 1 1 0 0
BITMAP
00
ENDCHAR
STARTCHAR uni0326
ENCODING 806
SWIDTH 154 0
DWIDTH 2 0
BBX 1 1 0 0
BITMAP
00
ENDCHAR
STARTCHAR uni0327
ENCODING 807
SWIDTH 154 0
DWIDTH 2 0
BBX 1 1 0 0
BITMAP
00
ENDCHAR
STARTCHAR uni0328
ENCODING 808
SWIDTH 154 0
DWIDTH 2 0
BBX 1 1 0 0
BITMAP
00
ENDCHAR
STARTCHAR uni0329
ENCODING 809
SWIDTH 154 0
DWIDTH 2 0
BBX 1 1 0 0
BITMAP
00
ENDCHAR
STARTCHAR uni032A
ENCODING 810
SWIDTH 154 0
DWIDTH 2 0
BBX 1 1 0 0
BITMAP
00
ENDCHAR
STARTCHAR uni032B
ENCODING 811
SWIDTH 154 0
DWIDTH 2 0
BBX 1 1 0 0
BITMAP
00
ENDCHAR
STARTCHAR uni032C
ENCODING 812
SWIDTH 154 0
DWIDTH 2 0
BBX 1 1 0 0
BITMAP
00
ENDCHAR
STARTCHAR uni032D
ENCODING 813
SWIDTH 154 0
DWIDTH 2 0
BBX 1 1 0 0
BITMAP
00
ENDCHAR
STARTCHAR uni032E
ENCODING 814
SWIDTH 154 0
DWIDTH 2 0
BBX 1 1 0 0
BITMAP
00
ENDCHAR
STARTCHAR uni032F
ENCODING 815
SWIDTH 154 0
DWIDTH 2 0
BBX 1 1 0 0
BITMAP
00
ENDCHAR
STARTCHAR uni0330
ENCODING 816
SWIDTH 154 0
DWIDTH 2 0
BBX 1 1 0 0
BITMAP
00
ENDCHAR
STARTCHAR uni0331
ENCODING 817
SWIDTH 154 0
DWIDTH 2 0
BBX 1 1 0 0
BITMAP
00
ENDCHAR
STARTCHAR uni0332
ENCODING 818
SWIDTH 154 0
DWIDTH 2 0
BBX 1 1 0 0
BITMAP
00
ENDCHAR
STARTCHAR uni0333
ENCODING 819
SWIDTH 154 0
DWIDTH 2 0
BBX 1 1 0 0
BITMAP
00
ENDCHAR
STARTCHAR uni0334
ENCODING 820
SWIDTH 154 0
DWIDTH 2 0
BBX 1 1 0 0
BITMAP
00
ENDCHAR
STARTCHAR uni0335
ENCODING 821
SWIDTH 154 0
DWIDTH 2 0
BBX 1 1 0 0
BITMAP
00
ENDCHAR
STARTCHAR uni0336
ENCODING 822
SWIDTH 154 0
DWIDTH 2 0
BBX 1 1 0 0
BITMAP
00
ENDCHAR
STARTCHAR uni0337
ENCODING 823
SWIDTH 154 0
DWIDTH 2 0
BBX 1 1 0 0
BITMAP
00
ENDCHAR
STARTCHAR uni0338
ENCODING 824
SWIDTH 154 0
DWIDTH 2 0
BBX 1 1 0 0
BITMAP
00
ENDCHAR
STARTCHAR uni0339
ENCODING 825
SWIDTH 154 0
DWIDTH 2 0
BBX 1 1 0 0
BITMAP
00
ENDCHAR
STARTCHAR uni033A
ENCODING 826
SWIDTH 154 0
DWIDTH 2 0
BBX 1 1 0 0
BITMAP
00
ENDCHAR
STARTCHAR uni033B
ENCODING 827
SWIDTH 154 0
DWIDTH 2 0
BBX 1 1 0 0
BITMAP
00
ENDCHAR
STARTCHAR uni033C
ENCODING 828
SWIDTH 154 0
DWIDTH 2 0
BBX 1 1 0 0
BITMAP
00
ENDCHAR
STARTCHAR uni033D
ENCODING 829
SWIDTH 154 0
DWIDTH 2 0
BBX 1 1 0 0
BITMAP
00
ENDCHAR
STARTCHAR uni033E
ENCODING 830
SWIDTH 154 0
DWIDTH 2 0
BBX 1 1 0 0
BITMAP
00
ENDCHAR
STARTCHAR uni033F
ENCODING 831
SWIDTH 154 0
DWIDTH 2 0
BBX 1 1 0 0
BITMAP
00
ENDCHAR
STARTCHAR uni0340
ENCODING 832
SWIDTH 154 0
DWIDTH 2 0
BBX 1 1 0 0
BITMAP
00
ENDCHAR
STARTCHAR uni0341
ENCODING 833
SWIDTH 154 0
DWIDTH 2 0
BBX 1 1 0 0
BITMAP
00
ENDCHAR
STARTCHAR uni0342
ENCODING 834
SWIDTH 154 0
DWIDTH 2 0
BBX 1 1 0 0
BITMAP
00
ENDCHAR
STARTCHAR uni0343
ENCODING 835
SWIDTH 154 0
DWIDTH 2 0
BBX 1 1 0 0
BITMAP
00
ENDCHAR
STARTCHAR uni0344
ENCODING 836
SWIDTH 154 0
DWIDTH 2 0
BBX 1 1 0 0
BITMAP
00
ENDCHAR
STARTCHAR uni0345
ENCODING 837
SWIDTH 154 0
DWIDTH 2 0
BBX 1 1 0 0
BITMAP
00
ENDCHAR
STARTCHAR uni0346
ENCODING 838
SWIDTH 154 0
DWIDTH 2 0
BBX 1 1 0 0
BITMAP
00
ENDCHAR
STARTCHAR uni0347
ENCODING 839
SWIDTH 154 0
DWIDTH 2 0
BBX 1 1 0 0
BITMAP
00
ENDCHAR
STARTCHAR uni0348
ENCODING 840
SWIDTH 154 0
DWIDTH 2 0
BBX 1 1 0 0
BITMAP
00
ENDCHAR
STARTCHAR uni0349
ENCODING 841
SWIDTH 154 0
DWIDTH 2 0
BBX 1 1 0 0
BITMAP
00
ENDCHAR
STARTCHAR uni034A
ENCODING 842
SWIDTH 154 0
DWIDTH 2 0
BBX 1 1 0 0
BITMAP
00
ENDCHAR
STARTCHAR uni034B
ENCODING 843
SWIDTH 154 0
DWIDTH 2 0
BBX 1 1 0 0
BITMAP
00
ENDCHAR
STARTCHAR uni034C
ENCODING 844
SWIDTH 154 0
DWIDTH 2 0
BBX 1 1 0 0
BITMAP
00
ENDCHAR
STARTCHAR uni034D
ENCODING 845
SWIDTH 154 0
DWIDTH 2 0
BBX 1 1 0 0
BITMAP
00
ENDCHAR
STARTCHAR uni034E
ENCODING 846
SWIDTH 154 0
DWIDTH 2 0
BBX 1 1 0 0
BITMAP
00
ENDCHAR
STARTCHAR uni034F
ENCODING 847
SWIDTH 154 0
DWIDTH 2 0
BBX 1 1 0 0
BITMAP
00
ENDCHAR
STARTCHAR uni0350
ENCODING 848
SWIDTH 154 0
DWIDTH 2 0
BBX 1 1 0 0
BITMAP
00
ENDCHAR
STARTCHAR uni0351
ENCODING 849
SWIDTH 154 0
DWIDTH 2 0
BBX 1 1 0 0
BITMAP
00
ENDCHAR
STARTCHAR uni0352
ENCODING 850
SWIDTH 154 0
DWIDTH 2 0
BBX 1 1 0 0
BITMAP
00
ENDCHAR
STARTCHAR uni0353
ENCODING 851
SWIDTH 154 0
DWIDTH 2 0
BBX 1 1 0 0
BITMAP
00
ENDCHAR
STARTCHAR uni0354
ENCODING 852
SWIDTH 154 0
DWIDTH 2 0
BBX 1 1 0 0
BITMAP
00
ENDCHAR
STARTCHAR uni0355
ENCODING 853
SWIDTH 154 0
DWIDTH 2 0
BBX 1 1 0 0
BITMAP
00
ENDCHAR
STARTCHAR uni0356
ENCODING 854
SWIDTH 154 0
DWIDTH 2 0
BBX 1 1 0 0
BITMAP
00
ENDCHAR
STARTCHAR uni0357
ENCODING 855
SWIDTH 154 0
DWIDTH 2 0
BBX 1 1 0 0
BITMAP
00
ENDCHAR
STARTCHAR uni0358
ENCODING 856
SWIDTH 154 0
DWIDTH 2 0
BBX 1 1 0 0
BITMAP
00
ENDCHAR
STARTCHAR uni0359
ENCODING 857
SWIDTH 154 0
DWIDTH 2 0
BBX 1 1 0 0
BITMAP
00
ENDCHAR
STARTCHAR uni035A
ENCODING 858
SWIDTH 154 0
DWIDTH 2 0
BBX 1 1 0 0
BITMAP
00
ENDCHAR
STARTCHAR uni035B
ENCODING 859
SWIDTH 154 0
DWIDTH 2 0
BBX 1 1 0 0
BITMAP
00
ENDCHAR
STARTCHAR uni035C
ENCODING 860
SWIDTH 154 0
DWIDTH 2 0
BBX 1 1 0 0
BITMAP
00
ENDCHAR
STARTCHAR uni035D
ENCODING 861
SWIDTH 154 0
DWIDTH 2 0
BBX 1 1 0 0
BITMAP
00
ENDCHAR
STARTCHAR uni035E
ENCODING 862
SWIDTH 154 0
DWIDTH 2 0
BBX 1 1 0 0
BITMAP
00
ENDCHAR
STARTCHAR uni035F
ENCODING 863
SWIDTH 154 0
DWIDTH 2 0
BBX 1 1 0 0
BITMAP
00
ENDCHAR
STARTCHAR uni0360
ENCODING 864
SWIDTH 154 0
DWIDTH 2 0
BBX 1 1 0 0
BITMAP
00
ENDCHAR
STARTCHAR uni0361
ENCODING 865
SWIDTH 154 0
DWIDTH 2 0
BBX 1 1 0 0
BITMAP
00
ENDCHAR
STARTCHAR uni0362
ENCODING 866
SWIDTH 154 0
DWIDTH 2 0
BBX 1 1 0 0
BITMAP
00
ENDCHAR
STARTCHAR uni0363
ENCODING 867
SWIDTH 154 0
DWIDTH 2 0
BBX 1 1 0 0
BITMAP
00
ENDCHAR
STARTCHAR uni0364
ENCODING 868
SWIDTH 154 0
DWIDTH 2 0
BBX 1 1 0 0
BITMAP
00
ENDCHAR
STARTCHAR uni0365
ENCODING 869
SWIDTH 154 0
DWIDTH 2 0
BBX 1 1 0 0
BITMAP
00
ENDCHAR
STARTCHAR uni0366
ENCODING 870
SWIDTH 154 0
DWIDTH 2 0
BBX 1 1 0 0
BITMAP
00
ENDCHAR
STARTCHAR uni0367
ENCODING 871
SWIDTH 154 0
DWIDTH 2 0
BBX 1 1 0 0
BITMAP
00
ENDCHAR
STARTCHAR uni0368
ENCODING 872
SWIDTH 154 0
DWIDTH 2 0
BBX 1 1 0 0
BITMAP
00
ENDCHAR
STARTCHAR uni0369
ENCODING 873
SWIDTH 154 0
DWIDTH 2 0
BBX 1 1 0 0
BITMAP
00
ENDCHAR
STARTCHAR uni036A
ENCODING 874
SWIDTH 154 0
DWIDTH 2 0
BBX 1 1 0 0
BITMAP
00
ENDCHAR
STARTCHAR uni036B
ENCODING 875
SWIDTH 154 0
DWIDTH 2 0
BBX 1 1 0 0
BITMAP
00
ENDCHAR
STARTCHAR uni036C
ENCODING 876
SWIDTH 154 0
DWIDTH 2 0
BBX 1 1 0 0
BITMAP
00
ENDCHAR
STARTCHAR uni036D
ENCODING 877
SWIDTH 154 0
DWIDTH 2 0
BBX 1 1 0 0
BITMAP
00
ENDCHAR
STARTCHAR uni036E
ENCODING 878
SWIDTH 154 0
DWIDTH 2 0
BBX 1 1 0 0
BITMAP
00
ENDCHAR
STARTCHAR uni036F
ENCODING 879
SWIDTH 154 0
DWIDTH 2 0
BBX 1 1 0 0
BITMAP
00
ENDCHAR
STARTCHAR uni0370
ENCODING 880
SWIDTH 154 0
DWIDTH 2 0
BBX 1 1 0 0
BITMAP
00
ENDCHAR
STARTCHAR uni0371
ENCODING 881
SWIDTH 154 0
DWIDTH 2 0
BBX 1 1 0 0
BITMAP
00
ENDCHAR
STARTCHAR uni0372
ENCODING 882
SWIDTH 154 0
DWIDTH 2 0
BBX 1 1 0 0
BITMAP
00
ENDCHAR
STARTCHAR uni0373
ENCODING 883
SWIDTH 154 0
DWIDTH 2 0
BBX 1 1 0 0
BITMAP
00
ENDCHAR
STARTCHAR uni0374
ENCODING 884
SWIDTH 462 0
DWIDTH 6 0
BBX 3 2 2 8
BITMAP
60
C0
ENDCHAR
STARTCHAR uni0375
ENCODING 885
SWIDTH 462 0
DWIDTH 6 0
BBX 3 2 2 -2
BITMAP
60
C0
ENDCHAR
STARTCHAR uni0376
ENCODING 886
SWIDTH 154 0
DWIDTH 2 0
BBX 1 1 0 0
BITMAP
00
ENDCHAR
STARTCHAR uni0377
ENCODING 887
SWIDTH 154 0
DWIDTH 2 0
BBX 1 1 0 0
BITMAP
00
ENDCHAR
STARTCHAR uni0378
ENCODING 888
SWIDTH 154 0
DWIDTH 2 0
BBX 1 1 0 0
BITMAP
00
ENDCHAR
STARTCHAR uni0379
ENCODING 889
SWIDTH 154 0
DWIDTH 2 0
BBX 1 1 0 0
BITMAP
00
ENDCHAR
STARTCHAR uni037A
ENCODING 890
SWIDTH 462 0
DWIDTH 6 0
BBX 3 2 2 -2
BITMAP
C0
E0
ENDCHAR
STARTCHAR uni037B
ENCODING 891
SWIDTH 154 0
DWIDTH 2 0
BBX 1 1 0 0
BITMAP
00
ENDCHAR
STARTCHAR uni037C
ENCODING 892
SWIDTH 154 0
DWIDTH 2 0
BBX 1 1 0 0
BITMAP
00
ENDCHAR
STARTCHAR uni037D
ENCODING 893
SWIDTH 154 0
DWIDTH 2 0
BBX 1 1 0 0
BITMAP
00
ENDCHAR
STARTCHAR uni037E
ENCODING 894
SWIDTH 538 0
DWIDTH 7 0
BBX 4 9 2 -1
BITMAP
60
F0
60
00
F0
70
70
60
C0
ENDCHAR
STARTCHAR uni037F
ENCODING 895
SWIDTH 154 0
DWIDTH 2 0
BBX 1 1 0 0
BITMAP
00
ENDCHAR
STARTCHAR uni0380
ENCODING 896
SWIDTH 154 0
DWIDTH 2 0
BBX 1 1 0 0
BITMAP
00
ENDCHAR
STARTCHAR uni0381
ENCODING 897
SWIDTH 154 0
DWIDTH 2 0
BBX 1 1 0 0
BITMAP
00
ENDCHAR
STARTCHAR uni0382
ENCODING 898
SWIDTH 154 0
DWIDTH 2 0
BBX 1 1 0 0
BITMAP
00
ENDCHAR
STARTCHAR uni0383
ENCODING 899
SWIDTH 154 0
DWIDTH 2 0
BBX 1 1 0 0
BITMAP
00
ENDCHAR
STARTCHAR tonos
ENCODING 900
SWIDTH 462 0
DWIDTH 6 0
BBX 3 2 2 8
BITMAP
60
C0
ENDCHAR
STARTCHAR dieresistonos
ENCODING 901
SWIDTH 615 0
DWIDTH 8 0
BBX 7 2 0 8
BITMAP
DE
F6
ENDCHAR
STARTCHAR Alphatonos
ENCODING 902
SWIDTH 615 0
DWIDTH 8 0
BBX 7 10 0 0
BITMAP
C8
9C
36
36
36
3E
36
36
36
36
ENDCHAR
STARTCHAR anoteleia
ENCODING 903
SWIDTH 462 0
DWIDTH 6 0
BBX 2 2 3 5
BITMAP
C0
C0
ENDCHAR
STARTCHAR Epsilontonos
ENCODING 904
SWIDTH 615 0
DWIDTH 8 0
BBX 7 10 0 0
BITMAP
FE
B0
30
30
3C
30
30
30
30
3E
ENDCHAR
STARTCHAR Etatonos
ENCODING 905
SWIDTH 615 0
DWIDTH 8 0
BBX 7 10 0 0
BITMAP
F6
B6
36
36
3E
36
36
36
36
36
ENDCHAR
STARTCHAR Iotatonos
ENCODING 906
SWIDTH 615 0
DWIDTH 8 0
BBX 7 10 0 0
BITMAP
DE
8C
0C
0C
0C
0C
0C
0C
0C
1E
ENDCHAR
STARTCHAR uni038B
ENCODING 907
SWIDTH 154 0
DWIDTH 2 0
BBX 1 1 0 0
BITMAP
00
ENDCHAR
STARTCHAR Omicrontonos
ENCODING 908
SWIDTH 615 0
DWIDTH 8 0
BBX 7 10 0 0
BITMAP
DC
B6
36
36
36
36
36
36
36
1C
ENDCHAR
STARTCHAR uni038D
ENCODING 909
SWIDTH 154 0
DWIDTH 2 0
BBX 1 1 0 0
BITMAP
00
ENDCHAR
STARTCHAR Upsilontonos
ENCODING 910
SWIDTH 692 0
DWIDTH 9 0
BBX 8 10 0 0
BITMAP
F3
B3
33
1E
1E
0C
0C
0C
0C
0C
ENDCHAR
STARTCHAR Omegatonos
ENCODING 911
SWIDTH 615 0
DWIDTH 8 0
BBX 7 10 0 0
BITMAP
DC
B6
36
36
36
36
36
1C
1C
36
ENDCHAR
STARTCHAR iotadieresistonos
ENCODING 912
SWIDTH 615 0
DWIDTH 8 0
BBX 7 10 0 0
BITMAP
DE
F6
00
30
30
30
30
30
36
1C
ENDCHAR
STARTCHAR Alpha
ENCODING 913
SWIDTH 615 0
DWIDTH 8 0
BBX 7 10 0 0
BITMAP
38
7C
C6
C6
C6
FE
C6
C6
C6
C6
ENDCHAR
STARTCHAR Beta
ENCODING 914
SWIDTH 615 0
DWIDTH 8 0
BBX 7 10 0 0
BITMAP
FC
C6
C6
C6
FC
C6
C6
C6
C6
FC
ENDCHAR
STARTCHAR Gamma
ENCODING 915
SWIDTH 615 0
DWIDTH 8 0
BBX 7 10 0 0
BITMAP
FE
C0
C0
C0
C0
C0
C0
C0
C0
C0
ENDCHAR
STARTCHAR Delta
ENCODING 916
SWIDTH 615 0
DWIDTH 8 0
BBX 7 10 0 0
BITMAP
10
38
38
6C
6C
44
C6
C6
C6
FE
ENDCHAR
STARTCHAR Epsilon
ENCODING 917
SWIDTH 615 0
DWIDTH 8 0
BBX 7 10 0 0
BITMAP
FE
C0
C0
C0
F8
C0
C0
C0
C0
FE
ENDCHAR
STARTCHAR Zeta
ENCODING 918
SWIDTH 615 0
DWIDTH 8 0
BBX 7 10 0 0
BITMAP
FE
06
06
0C
18
30
60
C0
C0
FE
ENDCHAR
STARTCHAR Eta
ENCODING 919
SWIDTH 615 0
DWIDTH 8 0
BBX 7 10 0 0
BITMAP
C6
C6
C6
C6
FE
C6
C6
C6
C6
C6
ENDCHAR
STARTCHAR Theta
ENCODING 920
SWIDTH 615 0
DWIDTH 8 0
BBX 7 10 0 0
BITMAP
7C
C6
C6
C6
FE
C6
C6
C6
C6
7C
ENDCHAR
STARTCHAR Iota
ENCODING 921
SWIDTH 538 0
DWIDTH 7 0
BBX 4 10 2 0
BITMAP
F0
60
60
60
60
60
60
60
60
F0
ENDCHAR
STARTCHAR Kappa
ENCODING 922
SWIDTH 615 0
DWIDTH 8 0
BBX 7 10 0 0
BITMAP
C6
C6
CC
D8
F0
F0
D8
CC
C6
C6
ENDCHAR
STARTCHAR Lambda
ENCODING 923
SWIDTH 615 0
DWIDTH 8 0
BBX 7 10 0 0
BITMAP
10
38
38
6C
6C
44
C6
C6
C6
C6
ENDCHAR
STARTCHAR Mu
ENCODING 924
SWIDTH 615 0
DWIDTH 8 0
BBX 7 10 0 0
BITMAP
C6
C6
EE
FE
D6
C6
C6
C6
C6
C6
ENDCHAR
STARTCHAR Nu
ENCODING 925
SWIDTH 615 0
DWIDTH 8 0
BBX 7 10 0 0
BITMAP
C6
C6
E6
E6
F6
DE
CE
CE
C6
C6
ENDCHAR
STARTCHAR Xi
ENCODING 926
SWIDTH 615 0
DWIDTH 8 0
BBX 7 10 0 0
BITMAP
FE
00
00
00
7C
00
00
00
00
FE
ENDCHAR
STARTCHAR Omicron
ENCODING 927
SWIDTH 615 0
DWIDTH 8 0
BBX 7 10 0 0
BITMAP
7C
C6
C6
C6
C6
C6
C6
C6
C6
7C
ENDCHAR
STARTCHAR Pi
ENCODING 928
SWIDTH 615 0
DWIDTH 8 0
BBX 7 10 0 0
BITMAP
FE
6C
6C
6C
6C
6C
6C
6C
6C
6C
ENDCHAR
STARTCHAR Rho
ENCODING 929
SWIDTH 615 0
DWIDTH 8 0
BBX 7 10 0 0
BITMAP
FC
C6
C6
C6
C6
FC
C0
C0
C0
C0
ENDCHAR
STARTCHAR uni03A2
ENCODING 930
SWIDTH 154 0
DWIDTH 2 0
BBX 1 1 0 0
BITMAP
00
ENDCHAR
STARTCHAR Sigma
ENCODING 931
SWIDTH 615 0
DWIDTH 8 0
BBX 7 10 0 0
BITMAP
FE
C0
60
30
18
18
30
60
C0
FE
ENDCHAR
STARTCHAR Tau
ENCODING 932
SWIDTH 615 0
DWIDTH 8 0
BBX 6 10 1 0
BITMAP
FC
30
30
30
30
30
30
30
30
30
ENDCHAR
STARTCHAR Upsilon
ENCODING 933
SWIDTH 615 0
DWIDTH 8 0
BBX 6 10 1 0
BITMAP
CC
CC
CC
78
78
30
30
30
30
30
ENDCHAR
STARTCHAR Phi
ENCODING 934
SWIDTH 615 0
DWIDTH 8 0
BBX 7 10 0 0
BITMAP
10
7C
D6
D6
D6
D6
D6
D6
7C
10
ENDCHAR
STARTCHAR Chi
ENCODING 935
SWIDTH 615 0
DWIDTH 8 0
BBX 7 10 0 0
BITMAP
C6
C6
6C
6C
38
38
6C
6C
C6
C6
ENDCHAR
STARTCHAR Psi
ENCODING 936
SWIDTH 615 0
DWIDTH 8 0
BBX 7 10 0 0
BITMAP
D6
D6
D6
D6
D6
D6
7C
10
10
10
ENDCHAR
STARTCHAR Omega
ENCODING 937
SWIDTH 615 0
DWIDTH 8 0
BBX 7 10 0 0
BITMAP
7C
C6
C6
C6
C6
C6
C6
6C
6C
EE
ENDCHAR
STARTCHAR Iotadieresis
ENCODING 938
SWIDTH 615 0
DWIDTH 8 0
BBX 6 11 1 0
BITMAP
CC
CC
00
78
30
30
30
30
30
30
78
ENDCHAR
STARTCHAR Upsilondieresis
ENCODING 939
SWIDTH 615 0
DWIDTH 8 0
BBX 6 11 1 0
BITMAP
CC
CC
00
CC
48
78
30
30
30
30
30
ENDCHAR
STARTCHAR alphatonos
ENCODING 940
SWIDTH 615 0
DWIDTH 8 0
BBX 7 10 0 0
BITMAP
0C
18
00
76
CE
C6
C6
CE
D6
66
ENDCHAR
STARTCHAR epsilontonos
ENCODING 941
SWIDTH 615 0
DWIDTH 8 0
BBX 7 10 0 0
BITMAP
0C
18
00
7C
C6
C0
78
C0
C6
7C
ENDCHAR
STARTCHAR etatonos
ENCODING 942
SWIDTH 615 0
DWIDTH 8 0
BBX 7 12 0 -2
BITMAP
0C
18
00
FC
E6
C6
C6
C6
C6
C6
06
06
ENDCHAR
STARTCHAR iotatonos
ENCODING 943
SWIDTH 538 0
DWIDTH 7 0
BBX 5 10 1 0
BITMAP
60
C0
00
C0
C0
C0
C0
C0
D8
70
ENDCHAR
STARTCHAR upsilondieresistonos
ENCODING 944
SWIDTH 615 0
DWIDTH 8 0
BBX 7 10 0 0
BITMAP
DE
F6
00
C6
C6
C6
C6
C6
C6
7C
ENDCHAR
STARTCHAR alpha
ENCODING 945
SWIDTH 615 0
DWIDTH 8 0
BBX 7 7 0 0
BITMAP
76
CE
C6
C6
CE
D6
66
ENDCHAR
STARTCHAR beta
ENCODING 946
SWIDTH 615 0
DWIDTH 8 0
BBX 7 12 0 -2
BITMAP
78
CC
CC
CC
FE
C6
C6
C6
E6
FC
C0
C0
ENDCHAR
STARTCHAR gamma
ENCODING 947
SWIDTH 538 0
DWIDTH 7 0
BBX 6 9 0 -2
BITMAP
CC
CC
CC
78
78
30
30
30
30
ENDCHAR
STARTCHAR delta
ENCODING 948
SWIDTH 615 0
DWIDTH 8 0
BBX 7 10 0 0
BITMAP
7C
C6
60
7C
C6
C6
C6
C6
C6
7C
ENDCHAR
STARTCHAR epsilon
ENCODING 949
SWIDTH 615 0
DWIDTH 8 0
BBX 7 7 0 0
BITMAP
7C
C6
C0
78
C0
C6
7C
ENDCHAR
STARTCHAR zeta
ENCODING 950
SWIDTH 615 0
DWIDTH 8 0
BBX 7 12 0 -2
BITMAP
FE
30
60
60
C0
C0
C0
C0
C0
7C
06
1C
ENDCHAR
STARTCHAR eta
ENCODING 951
SWIDTH 615 0
DWIDTH 8 0
BBX 7 9 0 -2
BITMAP
FC
E6
C6
C6
C6
C6
C6
06
06
ENDCHAR
STARTCHAR theta
ENCODING 952
SWIDTH 615 0
DWIDTH 8 0
BBX 6 10 1 0
BITMAP
78
CC
CC
CC
FC
CC
CC
CC
CC
78
ENDCHAR
STARTCHAR iota
ENCODING 953
SWIDTH 538 0
DWIDTH 7 0
BBX 5 7 1 0
BITMAP
C0
C0
C0
C0
C0
D8
70
ENDCHAR
STARTCHAR kappa
ENCODING 954
SWIDTH 615 0
DWIDTH 8 0
BBX 7 7 0 0
BITMAP
C6
CC
D8
F0
F8
CC
C6
ENDCHAR
STARTCHAR lambda
ENCODING 955
SWIDTH 615 0
DWIDTH 8 0
BBX 7 10 0 0
BITMAP
7C
C6
06
7E
CE
C6
C6
C6
C6
C6
ENDCHAR
STARTCHAR mu
ENCODING 956
SWIDTH 615 0
DWIDTH 8 0
BBX 7 9 0 -2
BITMAP
C6
C6
C6
C6
C6
EE
FE
C0
C0
ENDCHAR
STARTCHAR nu
ENCODING 957
SWIDTH 615 0
DWIDTH 8 0
BBX 7 7 0 0
BITMAP
C6
C6
C6
C6
6C
6C
38
ENDCHAR
STARTCHAR xi
ENCODING 958
SWIDTH 615 0
DWIDTH 8 0
BBX 7 12 0 -2
BITMAP
FE
30
60
60
3C
60
C0
C0
C0
7C
06
1C
ENDCHAR
STARTCHAR omicron
ENCODING 959
SWIDTH 615 0
DWIDTH 8 0
BBX 7 7 0 0
BITMAP
7C
C6
C6
C6
C6
C6
7C
ENDCHAR
STARTCHAR pi
ENCODING 960
SWIDTH 615 0
DWIDTH 8 0
BBX 7 7 0 0
BITMAP
FE
6C
6C
6C
6C
6C
6C
ENDCHAR
STARTCHAR rho
ENCODING 961
SWIDTH 615 0
DWIDTH 8 0
BBX 7 9 0 -2
BITMAP
7C
C6
C6
C6
C6
E6
FC
C0
C0
ENDCHAR
STARTCHAR sigma1
ENCODING 962
SWIDTH 615 0
DWIDTH 8 0
BBX 7 9 0 -2
BITMAP
7C
C6
C0
C0
C0
C0
7C
06
1C
ENDCHAR
STARTCHAR sigma
ENCODING 963
SWIDTH 615 0
DWIDTH 8 0
BBX 7 7 0 0
BITMAP
7E
D8
CC
C6
C6
C6
7C
ENDCHAR
STARTCHAR tau
ENCODING 964
SWIDTH 615 0
DWIDTH 8 0
BBX 7 7 0 0
BITMAP
FE
30
30
30
30
36
1C
ENDCHAR
STARTCHAR upsilon
ENCODING 965
SWIDTH 615 0
DWIDTH 8 0
BBX 7 7 0 0
BITMAP
C6
C6
C6
C6
C6
C6
7C
ENDCHAR
STARTCHAR phi
ENCODING 966
SWIDTH 615 0
DWIDTH 8 0
BBX 7 9 0 -2
BITMAP
6C
D6
D6
D6
D6
D6
7C
10
10
ENDCHAR
STARTCHAR chi
ENCODING 967
SWIDTH 615 0
DWIDTH 8 0
BBX 7 9 0 -2
BITMAP
C6
C6
6C
6C
38
6C
6C
C6
C6
ENDCHAR
STARTCHAR psi
ENCODING 968
SWIDTH 615 0
DWIDTH 8 0
BBX 7 9 0 -2
BITMAP
D6
D6
D6
D6
D6
D6
7C
10
10
ENDCHAR
STARTCHAR omega
ENCODING 969
SWIDTH 615 0
DWIDTH 8 0
BBX 7 7 0 0
BITMAP
C6
C6
D6
D6
D6
FE
6C
ENDCHAR
STARTCHAR iotadieresis
ENCODING 970
SWIDTH 615 0
DWIDTH 8 0
BBX 7 10 0 0
BITMAP
C6
C6
00
30
30
30
30
30
36
1C
ENDCHAR
STARTCHAR upsilondieresis
ENCODING 971
SWIDTH 615 0
DWIDTH 8 0
BBX 7 10 0 0
BITMAP
C6
C6
00
C6
C6
C6
C6
C6
C6
7C
ENDCHAR
STARTCHAR omicrontonos
ENCODING 972
SWIDTH 615 0
DWIDTH 8 0
BBX 7 10 0 0
BITMAP
0C
18
00
7C
C6
C6
C6
C6
C6
7C
ENDCHAR
STARTCHAR upsilontonos
ENCODING 973
SWIDTH 615 0
DWIDTH 8 0
BBX 7 10 0 0
BITMAP
0C
18
00
C6
C6
C6
C6
C6
C6
7C
ENDCHAR
STARTCHAR omegatonos
ENCODING 974
SWIDTH 615 0
DWIDTH 8 0
BBX 7 10 0 0
BITMAP
0C
18
00
C6
C6
D6
D6
D6
FE
6C
ENDCHAR
STARTCHAR uni03CF
ENCODING 975
SWIDTH 154 0
DWIDTH 2 0
BBX 1 1 0 0
BITMAP
00
ENDCHAR
STARTCHAR uni03D0
ENCODING 976
SWIDTH 615 0
DWIDTH 8 0
BBX 7 10 0 0
BITMAP
38
6C
CC
D8
FC
C6
C6
C6
6C
38
ENDCHAR
STARTCHAR theta1
ENCODING 977
SWIDTH 615 0
DWIDTH 8 0
BBX 7 10 0 0
BITMAP
78
CC
CC
7E
0C
CC
CC
CC
CC
78
ENDCHAR
STARTCHAR Upsilon1
ENCODING 978
SWIDTH 615 0
DWIDTH 8 0
BBX 6 10 1 0
BITMAP
48
FC
B4
30
30
30
30
30
30
30
ENDCHAR
STARTCHAR uni03D3
ENCODING 979
SWIDTH 615 0
DWIDTH 8 0
BBX 6 10 1 0
BITMAP
48
FC
B4
30
B0
B0
30
30
30
30
ENDCHAR
STARTCHAR uni03D4
ENCODING 980
SWIDTH 615 0
DWIDTH 8 0
BBX 6 10 1 0
BITMAP
CC
CC
00
48
FC
30
30
30
30
30
ENDCHAR
STARTCHAR phi1
ENCODING 981
SWIDTH 615 0
DWIDTH 8 0
BBX 7 11 0 -2
BITMAP
10
10
7C
D6
D6
D6
D6
D6
7C
10
10
ENDCHAR
STARTCHAR omega1
ENCODING 982
SWIDTH 615 0
DWIDTH 8 0
BBX 7 7 0 0
BITMAP
FE
C6
D6
D6
D6
FE
6C
ENDCHAR
STARTCHAR uni03D7
ENCODING 983
SWIDTH 615 0
DWIDTH 8 0
BBX 7 12 0 -2
BITMAP
30
18
00
C6
6C
38
30
70
DA
CE
06
3C
ENDCHAR
STARTCHAR uni03D8
ENCODING 984
SWIDTH 154 0
DWIDTH 2 0
BBX 1 1 0 0
BITMAP
00
ENDCHAR
STARTCHAR uni03D9
ENCODING 985
SWIDTH 154 0
DWIDTH 2 0
BBX 1 1 0 0
BITMAP
00
ENDCHAR
STARTCHAR uni03DA
ENCODING 986
SWIDTH 615 0
DWIDTH 8 0
BBX 7 11 0 -1
BITMAP
3C
66
C0
C0
C0
C0
C0
C0
7C
06
0C
ENDCHAR
STARTCHAR uni03DB
ENCODING 987
SWIDTH 615 0
DWIDTH 8 0
BBX 7 10 0 -2
BITMAP
06
7C
C0
C0
C0
C0
C0
7C
06
1C
ENDCHAR
STARTCHAR uni03DC
ENCODING 988
SWIDTH 615 0
DWIDTH 8 0
BBX 7 10 0 0
BITMAP
FE
C0
C0
C0
F8
C0
C0
C0
C0
C0
ENDCHAR
STARTCHAR uni03DD
ENCODING 989
SWIDTH 538 0
DWIDTH 7 0
BBX 6 9 0 -2
BITMAP
FC
C0
C0
F8
C0
C0
C0
C0
C0
ENDCHAR
STARTCHAR uni03DE
ENCODING 990
SWIDTH 615 0
DWIDTH 8 0
BBX 7 10 0 0
BITMAP
C0
C0
C6
CE
DE
F6
E6
C6
06
06
ENDCHAR
STARTCHAR uni03DF
ENCODING 991
SWIDTH 615 0
DWIDTH 8 0
BBX 7 11 0 -2
BITMAP
30
30
60
60
C0
FE
06
0C
0C
18
18
ENDCHAR
STARTCHAR uni03E0
ENCODING 992
SWIDTH 615 0
DWIDTH 8 0
BBX 7 10 0 0
BITMAP
10
38
38
6C
6C
4C
DE
D6
D6
D6
ENDCHAR
STARTCHAR uni03E1
ENCODING 993
SWIDTH 615 0
DWIDTH 8 0
BBX 7 11 0 -2
BITMAP
E0
30
18
0C
3C
66
1E
36
06
06
06
ENDCHAR
STARTCHAR uni03E2
ENCODING 994
SWIDTH 154 0
DWIDTH 2 0
BBX 1 1 0 0
BITMAP
00
ENDCHAR
STARTCHAR uni03E3
ENCODING 995
SWIDTH 154 0
DWIDTH 2 0
BBX 1 1 0 0
BITMAP
00
ENDCHAR
STARTCHAR uni03E4
ENCODING 996
SWIDTH 154 0
DWIDTH 2 0
BBX 1 1 0 0
BITMAP
00
ENDCHAR
STARTCHAR uni03E5
ENCODING 997
SWIDTH 154 0
DWIDTH 2 0
BBX 1 1 0 0
BITMAP
00
ENDCHAR
STARTCHAR uni03E6
ENCODING 998
SWIDTH 154 0
DWIDTH 2 0
BBX 1 1 0 0
BITMAP
00
ENDCHAR
STARTCHAR uni03E7
ENCODING 999
SWIDTH 154 0
DWIDTH 2 0
BBX 1 1 0 0
BITMAP
00
ENDCHAR
STARTCHAR uni03E8
ENCODING 1000
SWIDTH 154 0
DWIDTH 2 0
BBX 1 1 0 0
BITMAP
00
ENDCHAR
STARTCHAR uni03E9
ENCODING 1001
SWIDTH 154 0
DWIDTH 2 0
BBX 1 1 0 0
BITMAP
00
ENDCHAR
STARTCHAR uni03EA
ENCODING 1002
SWIDTH 154 0
DWIDTH 2 0
BBX 1 1 0 0
BITMAP
00
ENDCHAR
STARTCHAR uni03EB
ENCODING 1003
SWIDTH 154 0
DWIDTH 2 0
BBX 1 1 0 0
BITMAP
00
ENDCHAR
STARTCHAR uni03EC
ENCODING 1004
SWIDTH 154 0
DWIDTH 2 0
BBX 1 1 0 0
BITMAP
00
ENDCHAR
STARTCHAR uni03ED
ENCODING 1005
SWIDTH 154 0
DWIDTH 2 0
BBX 1 1 0 0
BITMAP
00
ENDCHAR
STARTCHAR uni03EE
ENCODING 1006
SWIDTH 154 0
DWIDTH 2 0
BBX 1 1 0 0
BITMAP
00
ENDCHAR
STARTCHAR uni03EF
ENCODING 1007
SWIDTH 154 0
DWIDTH 2 0
BBX 1 1 0 0
BITMAP
00
ENDCHAR
STARTCHAR uni03F0
ENCODING 1008
SWIDTH 615 0
DWIDTH 8 0
BBX 7 7 0 0
BITMAP
C6
6C
38
30
70
D8
CE
ENDCHAR
STARTCHAR uni03F1
ENCODING 1009
SWIDTH 615 0
DWIDTH 8 0
BBX 7 9 0 -2
BITMAP
7C
C6
C6
C6
C6
E6
FC
C0
7C
ENDCHAR
STARTCHAR uni03F2
ENCODING 1010
SWIDTH 615 0
DWIDTH 8 0
BBX 7 7 0 0
BITMAP
7C
E6
C0
C0
C0
E6
7C
ENDCHAR
STARTCHAR uni03F3
ENCODING 1011
SWIDTH 615 0
DWIDTH 8 0
BBX 7 11 0 -2
BITMAP
06
06
00
0E
06
06
06
06
C6
C6
7C
ENDCHAR
STARTCHAR uni03F4
ENCODING 1012
SWIDTH 615 0
DWIDTH 8 0
BBX 7 10 0 0
BITMAP
7C
C6
C6
C6
FE
C6
C6
C6
C6
7C
ENDCHAR
STARTCHAR uni03F5
ENCODING 1013
SWIDTH 615 0
DWIDTH 8 0
BBX 6 7 1 0
BITMAP
7C
C0
C0
F8
C0
C0
7C
ENDCHAR
STARTCHAR uni03F6
ENCODING 1014
SWIDTH 154 0
DWIDTH 2 0
BBX 1 1 0 0
BITMAP
00
ENDCHAR
STARTCHAR uni03F7
ENCODING 1015
SWIDTH 154 0
DWIDTH 2 0
BBX 1 1 0 0
BITMAP
00
ENDCHAR
STARTCHAR uni03F8
ENCODING 1016
SWIDTH 154 0
DWIDTH 2 0
BBX 1 1 0 0
BITMAP
00
ENDCHAR
STARTCHAR uni03F9
ENCODING 1017
SWIDTH 154 0
DWIDTH 2 0
BBX 1 1 0 0
BITMAP
00
ENDCHAR
STARTCHAR uni03FA
ENCODING 1018
SWIDTH 154 0
DWIDTH 2 0
BBX 1 1 0 0
BITMAP
00
ENDCHAR
STARTCHAR uni03FB
ENCODING 1019
SWIDTH 154 0
DWIDTH 2 0
BBX 1 1 0 0
BITMAP
00
ENDCHAR
STARTCHAR uni03FC
ENCODING 1020
SWIDTH 154 0
DWIDTH 2 0
BBX 1 1 0 0
BITMAP
00
ENDCHAR
STARTCHAR uni03FD
ENCODING 1021
SWIDTH 154 0
DWIDTH 2 0
BBX 1 1 0 0
BITMAP
00
ENDCHAR
STARTCHAR uni03FE
ENCODING 1022
SWIDTH 154 0
DWIDTH 2 0
BBX 1 1 0 0
BITMAP
00
ENDCHAR
STARTCHAR uni03FF
ENCODING 1023
SWIDTH 154 0
DWIDTH 2 0
BBX 1 1 0 0
BITMAP
00
ENDCHAR
STARTCHAR uni0400
ENCODING 1024
SWIDTH 154 0
DWIDTH 2 0
BBX 1 1 0 0
BITMAP
00
ENDCHAR
STARTCHAR afii10023
ENCODING 1025
SWIDTH 615 0
DWIDTH 8 0
BBX 6 10 1 0
BITMAP
6C
6C
00
FC
C0
C0
F8
C0
C0
FC
ENDCHAR
STARTCHAR afii10051
ENCODING 1026
SWIDTH 615 0
DWIDTH 8 0
BBX 7 11 0 -2
BITMAP
FC
30
30
3C
36
36
36
36
36
06
0C
ENDCHAR
STARTCHAR afii10052
ENCODING 1027
SWIDTH 615 0
DWIDTH 8 0
BBX 6 10 1 0
BITMAP
10
20
00
FC
CC
C0
C0
C0
C0
C0
ENDCHAR
STARTCHAR afii10053
ENCODING 1028
SWIDTH 615 0
DWIDTH 8 0
BBX 6 9 1 0
BITMAP
3C
6C
C0
C0
F8
C0
C0
6C
38
ENDCHAR
STARTCHAR afii10054
ENCODING 1029
SWIDTH 615 0
DWIDTH 8 0
BBX 6 9 1 0
BITMAP
78
CC
C0
C0
78
0C
0C
CC
78
ENDCHAR
STARTCHAR afii10055
ENCODING 1030
SWIDTH 538 0
DWIDTH 7 0
BBX 4 9 2 0
BITMAP
F0
60
60
60
60
60
60
60
F0
ENDCHAR
STARTCHAR afii10056
ENCODING 1031
SWIDTH 615 0
DWIDTH 8 0
BBX 6 10 1 0
BITMAP
CC
CC
00
78
30
30
30
30
30
78
ENDCHAR
STARTCHAR afii10057
ENCODING 1032
SWIDTH 615 0
DWIDTH 8 0
BBX 6 9 1 0
BITMAP
3C
18
18
18
18
18
18
D8
70
ENDCHAR
STARTCHAR afii10058
ENCODING 1033
SWIDTH 692 0
DWIDTH 9 0
BBX 8 9 0 0
BITMAP
78
D8
D8
D8
DE
DB
DB
DB
DE
ENDCHAR
STARTCHAR afii10059
ENCODING 1034
SWIDTH 692 0
DWIDTH 9 0
BBX 8 9 0 0
BITMAP
D8
D8
D8
D8
FE
DB
DB
DB
DE
ENDCHAR
STARTCHAR afii10060
ENCODING 1035
SWIDTH 615 0
DWIDTH 8 0
BBX 7 9 0 0
BITMAP
FC
30
30
3C
36
36
36
36
36
ENDCHAR
STARTCHAR afii10061
ENCODING 1036
SWIDTH 615 0
DWIDTH 8 0
BBX 6 11 1 0
BITMAP
18
30
00
CC
D8
F0
C0
F0
D8
CC
CC
ENDCHAR
STARTCHAR uni040D
ENCODING 1037
SWIDTH 154 0
DWIDTH 2 0
BBX 1 1 0 0
BITMAP
00
ENDCHAR
STARTCHAR afii10062
ENCODING 1038
SWIDTH 615 0
DWIDTH 8 0
BBX 6 10 1 0
BITMAP
CC
78
00
CC
CC
CC
7C
0C
CC
78
ENDCHAR
STARTCHAR afii10145
ENCODING 1039
SWIDTH 615 0
DWIDTH 8 0
BBX 6 11 1 -2
BITMAP
CC
CC
CC
CC
CC
CC
CC
CC
FC
30
30
ENDCHAR
STARTCHAR afii10017
ENCODING 1040
SWIDTH 615 0
DWIDTH 8 0
BBX 6 9 1 0
BITMAP
30
78
CC
CC
CC
FC
CC
CC
CC
ENDCHAR
STARTCHAR afii10018
ENCODING 1041
SWIDTH 615 0
DWIDTH 8 0
BBX 6 9 1 0
BITMAP
F8
C0
C0
C0
F8
CC
CC
CC
F8
ENDCHAR
STARTCHAR afii10019
ENCODING 1042
SWIDTH 615 0
DWIDTH 8 0
BBX 6 9 1 0
BITMAP
F8
CC
CC
CC
F8
CC
CC
CC
F8
ENDCHAR
STARTCHAR afii10020
ENCODING 1043
SWIDTH 615 0
DWIDTH 8 0
BBX 6 9 1 0
BITMAP
FC
CC
C0
C0
C0
C0
C0
C0
C0
ENDCHAR
STARTCHAR afii10021
ENCODING 1044
SWIDTH 615 0
DWIDTH 8 0
BBX 7 10 0 -1
BITMAP
3E
36
36
66
66
66
C6
C6
FE
82
ENDCHAR
STARTCHAR afii10022
ENCODING 1045
SWIDTH 615 0
DWIDTH 8 0
BBX 6 9 1 0
BITMAP
FC
C0
C0
C0
F8
C0
C0
C0
FC
ENDCHAR
STARTCHAR afii10024
ENCODING 1046
SWIDTH 692 0
DWIDTH 9 0
BBX 8 9 0 0
BITMAP
DB
DB
DB
7E
3C
7E
DB
DB
DB
ENDCHAR
STARTCHAR afii10025
ENCODING 1047
SWIDTH 615 0
DWIDTH 8 0
BBX 6 9 1 0
BITMAP
78
CC
0C
0C
18
0C
0C
CC
78
ENDCHAR
STARTCHAR afii10026
ENCODING 1048
SWIDTH 615 0
DWIDTH 8 0
BBX 6 9 1 0
BITMAP
CC
CC
CC
DC
DC
EC
EC
CC
CC
ENDCHAR
STARTCHAR afii10027
ENCODING 1049
SWIDTH 615 0
DWIDTH 8 0
BBX 6 10 1 0
BITMAP
CC
78
CC
CC
CC
DC
EC
CC
CC
CC
ENDCHAR
STARTCHAR afii10028
ENCODING 1050
SWIDTH 615 0
DWIDTH 8 0
BBX 7 9 0 0
BITMAP
C6
CC
D8
F0
E0
F0
D8
CC
C6
ENDCHAR
STARTCHAR afii10029
ENCODING 1051
SWIDTH 615 0
DWIDTH 8 0
BBX 7 9 0 0
BITMAP
3E
66
66
66
66
66
66
C6
C6
ENDCHAR
STARTCHAR afii10030
ENCODING 1052
SWIDTH 692 0
DWIDTH 9 0
BBX 8 9 0 0
BITMAP
C3
E7
FF
DB
C3
C3
C3
C3
C3
ENDCHAR
STARTCHAR afii10031
ENCODING 1053
SWIDTH 615 0
DWIDTH 8 0
BBX 6 9 1 0
BITMAP
CC
CC
CC
CC
FC
CC
CC
CC
CC
ENDCHAR
STARTCHAR afii10032
ENCODING 1054
SWIDTH 615 0
DWIDTH 8 0
BBX 6 9 1 0
BITMAP
78
CC
CC
CC
CC
CC
CC
CC
78
ENDCHAR
STARTCHAR afii10033
ENCODING 1055
SWIDTH 615 0
DWIDTH 8 0
BBX 6 9 1 0
BITMAP
FC
CC
CC
CC
CC
CC
CC
CC
CC
ENDCHAR
STARTCHAR afii10034
ENCODING 1056
SWIDTH 615 0
DWIDTH 8 0
BBX 6 9 1 0
BITMAP
F8
CC
CC
CC
CC
F8
C0
C0
C0
ENDCHAR
STARTCHAR afii10035
ENCODING 1057
SWIDTH 615 0
DWIDTH 8 0
BBX 6 9 1 0
BITMAP
78
CC
C0
C0
C0
C0
C0
CC
78
ENDCHAR
STARTCHAR afii10036
ENCODING 1058
SWIDTH 615 0
DWIDTH 8 0
BBX 6 9 1 0
BITMAP
FC
30
30
30
30
30
30
30
30
ENDCHAR
STARTCHAR afii10037
ENCODING 1059
SWIDTH 615 0
DWIDTH 8 0
BBX 6 9 1 0
BITMAP
CC
CC
CC
CC
7C
38
30
60
C0
ENDCHAR
STARTCHAR afii10038
ENCODING 1060
SWIDTH 692 0
DWIDTH 9 0
BBX 8 10 0 0
BITMAP
18
18
7E
DB
DB
DB
DB
7E
18
18
ENDCHAR
STARTCHAR afii10039
ENCODING 1061
SWIDTH 615 0
DWIDTH 8 0
BBX 7 9 0 0
BITMAP
C6
C6
6C
6C
38
6C
6C
C6
C6
ENDCHAR
STARTCHAR afii10040
ENCODING 1062
SWIDTH 615 0
DWIDTH 8 0
BBX 7 11 0 -2
BITMAP
CC
CC
CC
CC
CC
CC
CC
CC
FE
06
06
ENDCHAR
STARTCHAR afii10041
ENCODING 1063
SWIDTH 615 0
DWIDTH 8 0
BBX 6 9 1 0
BITMAP
CC
CC
CC
CC
7C
0C
0C
0C
0C
ENDCHAR
STARTCHAR afii10042
ENCODING 1064
SWIDTH 692 0
DWIDTH 9 0
BBX 8 9 0 0
BITMAP
DB
DB
DB
DB
DB
DB
DB
DB
FF
ENDCHAR
STARTCHAR afii10043
ENCODING 1065
SWIDTH 692 0
DWIDTH 9 0
BBX 8 11 0 -2
BITMAP
DB
DB
DB
DB
DB
DB
DB
DB
FF
03
03
ENDCHAR
STARTCHAR afii10044
ENCODING 1066
SWIDTH 615 0
DWIDTH 8 0
BBX 7 9 0 0
BITMAP
E0
E0
60
60
7C
66
66
66
7C
ENDCHAR
STARTCHAR afii10045
ENCODING 1067
SWIDTH 615 0
DWIDTH 8 0
BBX 7 9 0 0
BITMAP
C6
C6
C6
F6
DE
DE
DE
DE
F6
ENDCHAR
STARTCHAR afii10046
ENCODING 1068
SWIDTH 615 0
DWIDTH 8 0
BBX 6 9 1 0
BITMAP
C0
C0
C0
C0
F8
CC
CC
CC
F8
ENDCHAR
STARTCHAR afii10047
ENCODING 1069
SWIDTH 615 0
DWIDTH 8 0
BBX 6 9 1 0
BITMAP
F0
18
0C
0C
7C
0C
0C
18
F0
ENDCHAR
STARTCHAR afii10048
ENCODING 1070
SWIDTH 692 0
DWIDTH 9 0
BBX 8 9 0 0
BITMAP
CE
DB
DB
DB
FB
DB
DB
DB
CE
ENDCHAR
STARTCHAR afii10049
ENCODING 1071
SWIDTH 615 0
DWIDTH 8 0
BBX 6 9 1 0
BITMAP
7C
CC
CC
CC
7C
3C
6C
CC
CC
ENDCHAR
STARTCHAR afii10065
ENCODING 1072
SWIDTH 615 0
DWIDTH 8 0
BBX 6 6 1 0
BITMAP
78
0C
7C
CC
CC
7C
ENDCHAR
STARTCHAR afii10066
ENCODING 1073
SWIDTH 615 0
DWIDTH 8 0
BBX 6 9 1 0
BITMAP
04
78
C0
F8
CC
CC
CC
CC
78
ENDCHAR
STARTCHAR afii10067
ENCODING 1074
SWIDTH 615 0
DWIDTH 8 0
BBX 6 6 1 0
BITMAP
F8
CC
F8
CC
CC
F8
ENDCHAR
STARTCHAR afii10068
ENCODING 1075
SWIDTH 615 0
DWIDTH 8 0
BBX 6 6 1 0
BITMAP
FC
CC
C0
C0
C0
C0
ENDCHAR
STARTCHAR afii10069
ENCODING 1076
SWIDTH 615 0
DWIDTH 8 0
BBX 6 7 1 -1
BITMAP
3C
6C
6C
CC
CC
FC
84
ENDCHAR
STARTCHAR afii10070
ENCODING 1077
SWIDTH 615 0
DWIDTH 8 0
BBX 6 6 1 0
BITMAP
78
CC
FC
C0
CC
78
ENDCHAR
STARTCHAR afii10072
ENCODING 1078
SWIDTH 615 0
DWIDTH 8 0
BBX 7 6 0 0
BITMAP
D6
D6
7C
7C
D6
D6
ENDCHAR
STARTCHAR afii10073
ENCODING 1079
SWIDTH 615 0
DWIDTH 8 0
BBX 6 6 1 0
BITMAP
78
CC
38
0C
CC
78
ENDCHAR
STARTCHAR afii10074
ENCODING 1080
SWIDTH 615 0
DWIDTH 8 0
BBX 6 6 1 0
BITMAP
CC
CC
DC
EC
CC
CC
ENDCHAR
STARTCHAR afii10075
ENCODING 1081
SWIDTH 615 0
DWIDTH 8 0
BBX 6 9 1 0
BITMAP
CC
78
00
CC
CC
DC
EC
CC
CC
ENDCHAR
STARTCHAR afii10076
ENCODING 1082
SWIDTH 615 0
DWIDTH 8 0
BBX 6 6 1 0
BITMAP
CC
D8
F0
D8
CC
CC
ENDCHAR
STARTCHAR afii10077
ENCODING 1083
SWIDTH 615 0
DWIDTH 8 0
BBX 6 6 1 0
BITMAP
3C
6C
6C
6C
6C
CC
ENDCHAR
STARTCHAR afii10078
ENCODING 1084
SWIDTH 615 0
DWIDTH 8 0
BBX 7 6 0 0
BITMAP
C6
EE
FE
D6
C6
C6
ENDCHAR
STARTCHAR afii10079
ENCODING 1085
SWIDTH 615 0
DWIDTH 8 0
BBX 6 6 1 0
BITMAP
CC
CC
FC
CC
CC
CC
ENDCHAR
STARTCHAR afii10080
ENCODING 1086
SWIDTH 615 0
DWIDTH 8 0
BBX 6 6 1 0
BITMAP
78
CC
CC
CC
CC
78
ENDCHAR
STARTCHAR afii10081
ENCODING 1087
SWIDTH 615 0
DWIDTH 8 0
BBX 6 6 1 0
BITMAP
FC
CC
CC
CC
CC
CC
ENDCHAR
STARTCHAR afii10082
ENCODING 1088
SWIDTH 615 0
DWIDTH 8 0
BBX 6 8 1 -2
BITMAP
F8
CC
CC
CC
CC
F8
C0
C0
ENDCHAR
STARTCHAR afii10083
ENCODING 1089
SWIDTH 615 0
DWIDTH 8 0
BBX 6 6 1 0
BITMAP
78
CC
C0
C0
CC
78
ENDCHAR
STARTCHAR afii10084
ENCODING 1090
SWIDTH 615 0
DWIDTH 8 0
BBX 6 6 1 0
BITMAP
FC
30
30
30
30
30
ENDCHAR
STARTCHAR afii10085
ENCODING 1091
SWIDTH 615 0
DWIDTH 8 0
BBX 6 8 1 -2
BITMAP
CC
CC
CC
CC
7C
0C
CC
78
ENDCHAR
STARTCHAR afii10086
ENCODING 1092
SWIDTH 692 0
DWIDTH 9 0
BBX 8 10 0 -2
BITMAP
18
18
7E
DB
DB
DB
DB
7E
18
18
ENDCHAR
STARTCHAR afii10087
ENCODING 1093
SWIDTH 615 0
DWIDTH 8 0
BBX 6 6 1 0
BITMAP
CC
78
30
78
CC
CC
ENDCHAR
STARTCHAR afii10088
ENCODING 1094
SWIDTH 615 0
DWIDTH 8 0
BBX 7 8 0 -2
BITMAP
CC
CC
CC
CC
CC
FE
06
06
ENDCHAR
STARTCHAR afii10089
ENCODING 1095
SWIDTH 615 0
DWIDTH 8 0
BBX 6 6 1 0
BITMAP
CC
CC
DC
7C
0C
0C
ENDCHAR
STARTCHAR afii10090
ENCODING 1096
SWIDTH 692 0
DWIDTH 9 0
BBX 8 6 0 0
BITMAP
DB
DB
DB
DB
DB
FF
ENDCHAR
STARTCHAR afii10091
ENCODING 1097
SWIDTH 692 0
DWIDTH 9 0
BBX 8 8 0 -2
BITMAP
DB
DB
DB
DB
DB
FF
03
03
ENDCHAR
STARTCHAR afii10092
ENCODING 1098
SWIDTH 615 0
DWIDTH 8 0
BBX 6 6 1 0
BITMAP
E0
E0
78
6C
6C
78
ENDCHAR
STARTCHAR afii10093
ENCODING 1099
SWIDTH 615 0
DWIDTH 8 0
BBX 7 6 0 0
BITMAP
C6
C6
F6
DE
DE
F6
ENDCHAR
STARTCHAR afii10094
ENCODING 1100
SWIDTH 615 0
DWIDTH 8 0
BBX 6 6 1 0
BITMAP
C0
C0
F8
CC
CC
F8
ENDCHAR
STARTCHAR afii10095
ENCODING 1101
SWIDTH 538 0
DWIDTH 7 0
BBX 5 6 1 0
BITMAP
F0
18
38
18
18
F0
ENDCHAR
STARTCHAR afii10096
ENCODING 1102
SWIDTH 692 0
DWIDTH 9 0
BBX 8 6 0 0
BITMAP
CE
DB
FB
DB
DB
CE
ENDCHAR
STARTCHAR afii10097
ENCODING 1103
SWIDTH 615 0
DWIDTH 8 0
BBX 6 6 1 0
BITMAP
7C
CC
CC
7C
6C
CC
ENDCHAR
STARTCHAR uni0450
ENCODING 1104
SWIDTH 154 0
DWIDTH 2 0
BBX 1 1 0 0
BITMAP
00
ENDCHAR
STARTCHAR afii10071
ENCODING 1105
SWIDTH 615 0
DWIDTH 8 0
BBX 6 9 1 0
BITMAP
6C
6C
00
78
CC
FC
C0
CC
78
ENDCHAR
STARTCHAR afii10099
ENCODING 1106
SWIDTH 615 0
DWIDTH 8 0
BBX 7 11 0 -2
BITMAP
60
FC
60
6C
76
66
66
66
66
06
0C
ENDCHAR
STARTCHAR afii10100
ENCODING 1107
SWIDTH 615 0
DWIDTH 8 0
BBX 6 9 1 0
BITMAP
18
30
00
FC
CC
C0
C0
C0
C0
ENDCHAR
STARTCHAR afii10101
ENCODING 1108
SWIDTH 615 0
DWIDTH 8 0
BBX 6 6 1 0
BITMAP
7C
C0
F0
C0
C0
7C
ENDCHAR
STARTCHAR afii10102
ENCODING 1109
SWIDTH 615 0
DWIDTH 8 0
BBX 6 6 1 0
BITMAP
78
CC
60
18
CC
78
ENDCHAR
STARTCHAR afii10103
ENCODING 1110
SWIDTH 538 0
DWIDTH 7 0
BBX 4 8 2 0
BITMAP
60
00
E0
60
60
60
60
F0
ENDCHAR
STARTCHAR afii10104
ENCODING 1111
SWIDTH 615 0
DWIDTH 8 0
BBX 6 9 1 0
BITMAP
D8
D8
00
70
30
30
30
30
FC
ENDCHAR
STARTCHAR afii10105
ENCODING 1112
SWIDTH 538 0
DWIDTH 7 0
BBX 5 10 1 -2
BITMAP
18
00
18
18
18
18
18
D8
D8
70
ENDCHAR
STARTCHAR afii10106
ENCODING 1113
SWIDTH 692 0
DWIDTH 9 0
BBX 8 6 0 0
BITMAP
78
D8
DE
DB
DB
DE
ENDCHAR
STARTCHAR afii10107
ENCODING 1114
SWIDTH 692 0
DWIDTH 9 0
BBX 8 6 0 0
BITMAP
D8
D8
FE
DB
DB
DE
ENDCHAR
STARTCHAR afii10108
ENCODING 1115
SWIDTH 615 0
DWIDTH 8 0
BBX 6 9 1 0
BITMAP
60
F8
60
78
6C
6C
6C
6C
6C
ENDCHAR
STARTCHAR afii10109
ENCODING 1116
SWIDTH 615 0
DWIDTH 8 0
BBX 6 9 1 0
BITMAP
30
60
00
CC
D8
F0
D8
CC
CC
ENDCHAR
STARTCHAR uni045D
ENCODING 1117
SWIDTH 154 0
DWIDTH 2 0
BBX 1 1 0 0
BITMAP
00
ENDCHAR
STARTCHAR afii10110
ENCODING 1118
SWIDTH 615 0
DWIDTH 8 0
BBX 6 11 1 -2
BITMAP
CC
78
00
CC
CC
CC
CC
7C
0C
CC
78
ENDCHAR
STARTCHAR afii10193
ENCODING 1119
SWIDTH 615 0
DWIDTH 8 0
BBX 6 8 1 -2
BITMAP
CC
CC
CC
CC
CC
FC
30
30
ENDCHAR
STARTCHAR uni0460
ENCODING 1120
SWIDTH 154 0
DWIDTH 2 0
BBX 1 1 0 0
BITMAP
00
ENDCHAR
STARTCHAR uni0461
ENCODING 1121
SWIDTH 154 0
DWIDTH 2 0
BBX 1 1 0 0
BITMAP
00
ENDCHAR
STARTCHAR afii10146
ENCODING 1122
SWIDTH 615 0
DWIDTH 8 0
BBX 7 10 0 0
BITMAP
60
60
F8
60
60
7C
66
66
66
7C
ENDCHAR
STARTCHAR afii10194
ENCODING 1123
SWIDTH 615 0
DWIDTH 8 0
BBX 6 9 1 0
BITMAP
60
60
60
F8
60
78
6C
6C
78
ENDCHAR
STARTCHAR uni0464
ENCODING 1124
SWIDTH 154 0
DWIDTH 2 0
BBX 1 1 0 0
BITMAP
00
ENDCHAR
STARTCHAR uni0465
ENCODING 1125
SWIDTH 154 0
DWIDTH 2 0
BBX 1 1 0 0
BITMAP
00
ENDCHAR
STARTCHAR uni0466
ENCODING 1126
SWIDTH 154 0
DWIDTH 2 0
BBX 1 1 0 0
BITMAP
00
ENDCHAR
STARTCHAR uni0467
ENCODING 1127
SWIDTH 154 0
DWIDTH 2 0
BBX 1 1 0 0
BITMAP
00
ENDCHAR
STARTCHAR uni0468
ENCODING 1128
SWIDTH 154 0
DWIDTH 2 0
BBX 1 1 0 0
BITMAP
00
ENDCHAR
STARTCHAR uni0469
ENCODING 1129
SWIDTH 154 0
DWIDTH 2 0
BBX 1 1 0 0
BITMAP
00
ENDCHAR
STARTCHAR uni046A
ENCODING 1130
SWIDTH 154 0
DWIDTH 2 0
BBX 1 1 0 0
BITMAP
00
ENDCHAR
STARTCHAR uni046B
ENCODING 1131
SWIDTH 154 0
DWIDTH 2 0
BBX 1 1 0 0
BITMAP
00
ENDCHAR
STARTCHAR uni046C
ENCODING 1132
SWIDTH 154 0
DWIDTH 2 0
BBX 1 1 0 0
BITMAP
00
ENDCHAR
STARTCHAR uni046D
ENCODING 1133
SWIDTH 154 0
DWIDTH 2 0
BBX 1 1 0 0
BITMAP
00
ENDCHAR
STARTCHAR uni046E
ENCODING 1134
SWIDTH 154 0
DWIDTH 2 0
BBX 1 1 0 0
BITMAP
00
ENDCHAR
STARTCHAR uni046F
ENCODING 1135
SWIDTH 154 0
DWIDTH 2 0
BBX 1 1 0 0
BITMAP
00
ENDCHAR
STARTCHAR uni0470
ENCODING 1136
SWIDTH 692 0
DWIDTH 9 0
BBX 8 9 0 0
BITMAP
DB
DB
DB
DB
DB
7E
18
18
18
ENDCHAR
STARTCHAR uni0471
ENCODING 1137
SWIDTH 692 0
DWIDTH 9 0
BBX 8 8 0 -2
BITMAP
DB
DB
DB
DB
DB
7E
18
18
ENDCHAR
STARTCHAR afii10147
ENCODING 1138
SWIDTH 615 0
DWIDTH 8 0
BBX 6 9 1 0
BITMAP
78
CC
CC
CC
FC
CC
CC
CC
78
ENDCHAR
STARTCHAR afii10195
ENCODING 1139
SWIDTH 615 0
DWIDTH 8 0
BBX 6 6 1 0
BITMAP
78
CC
FC
CC
CC
78
ENDCHAR
STARTCHAR afii10148
ENCODING 1140
SWIDTH 692 0
DWIDTH 9 0
BBX 8 9 0 0
BITMAP
C3
C6
C6
CC
6C
6C
6C
38
30
ENDCHAR
STARTCHAR afii10196
ENCODING 1141
SWIDTH 692 0
DWIDTH 9 0
BBX 8 6 0 0
BITMAP
C3
C6
CC
6C
6C
38
ENDCHAR
STARTCHAR uni0476
ENCODING 1142
SWIDTH 692 0
DWIDTH 9 0
BBX 8 10 0 0
BITMAP
48
24
00
C3
C6
CC
6C
6C
38
30
ENDCHAR
STARTCHAR uni0477
ENCODING 1143
SWIDTH 692 0
DWIDTH 9 0
BBX 8 9 0 0
BITMAP
48
24
00
C3
C6
CC
6C
6C
38
ENDCHAR
STARTCHAR uni0478
ENCODING 1144
SWIDTH 154 0
DWIDTH 2 0
BBX 1 1 0 0
BITMAP
00
ENDCHAR
STARTCHAR uni0479
ENCODING 1145
SWIDTH 154 0
DWIDTH 2 0
BBX 1 1 0 0
BITMAP
00
ENDCHAR
STARTCHAR uni047A
ENCODING 1146
SWIDTH 154 0
DWIDTH 2 0
BBX 1 1 0 0
BITMAP
00
ENDCHAR
STARTCHAR uni047B
ENCODING 1147
SWIDTH 154 0
DWIDTH 2 0
BBX 1 1 0 0
BITMAP
00
ENDCHAR
STARTCHAR uni047C
ENCODING 1148
SWIDTH 154 0
DWIDTH 2 0
BBX 1 1 0 0
BITMAP
00
ENDCHAR
STARTCHAR uni047D
ENCODING 1149
SWIDTH 154 0
DWIDTH 2 0
BBX 1 1 0 0
BITMAP
00
ENDCHAR
STARTCHAR uni047E
ENCODING 1150
SWIDTH 154 0
DWIDTH 2 0
BBX 1 1 0 0
BITMAP
00
ENDCHAR
STARTCHAR uni047F
ENCODING 1151
SWIDTH 154 0
DWIDTH 2 0
BBX 1 1 0 0
BITMAP
00
ENDCHAR
STARTCHAR uni0480
ENCODING 1152
SWIDTH 154 0
DWIDTH 2 0
BBX 1 1 0 0
BITMAP
00
ENDCHAR
STARTCHAR uni0481
ENCODING 1153
SWIDTH 154 0
DWIDTH 2 0
BBX 1 1 0 0
BITMAP
00
ENDCHAR
STARTCHAR uni0482
ENCODING 1154
SWIDTH 154 0
DWIDTH 2 0
BBX 1 1 0 0
BITMAP
00
ENDCHAR
STARTCHAR uni0483
ENCODING 1155
SWIDTH 154 0
DWIDTH 2 0
BBX 1 1 0 0
BITMAP
00
ENDCHAR
STARTCHAR uni0484
ENCODING 1156
SWIDTH 154 0
DWIDTH 2 0
BBX 1 1 0 0
BITMAP
00
ENDCHAR
STARTCHAR uni0485
ENCODING 1157
SWIDTH 154 0
DWIDTH 2 0
BBX 1 1 0 0
BITMAP
00
ENDCHAR
STARTCHAR uni0486
ENCODING 1158
SWIDTH 154 0
DWIDTH 2 0
BBX 1 1 0 0
BITMAP
00
ENDCHAR
STARTCHAR uni0487
ENCODING 1159
SWIDTH 154 0
DWIDTH 2 0
BBX 1 1 0 0
BITMAP
00
ENDCHAR
STARTCHAR uni0488
ENCODING 1160
SWIDTH 154 0
DWIDTH 2 0
BBX 1 1 0 0
BITMAP
00
ENDCHAR
STARTCHAR uni0489
ENCODING 1161
SWIDTH 154 0
DWIDTH 2 0
BBX 1 1 0 0
BITMAP
00
ENDCHAR
STARTCHAR uni048A
ENCODING 1162
SWIDTH 154 0
DWIDTH 2 0
BBX 1 1 0 0
BITMAP
00
ENDCHAR
STARTCHAR uni048B
ENCODING 1163
SWIDTH 154 0
DWIDTH 2 0
BBX 1 1 0 0
BITMAP
00
ENDCHAR
STARTCHAR uni048C
ENCODING 1164
SWIDTH 154 0
DWIDTH 2 0
BBX 1 1 0 0
BITMAP
00
ENDCHAR
STARTCHAR uni048D
ENCODING 1165
SWIDTH 154 0
DWIDTH 2 0
BBX 1 1 0 0
BITMAP
00
ENDCHAR
STARTCHAR uni048E
ENCODING 1166
SWIDTH 154 0
DWIDTH 2 0
BBX 1 1 0 0
BITMAP
00
ENDCHAR
STARTCHAR uni048F
ENCODING 1167
SWIDTH 154 0
DWIDTH 2 0
BBX 1 1 0 0
BITMAP
00
ENDCHAR
STARTCHAR afii10050
ENCODING 1168
SWIDTH 615 0
DWIDTH 8 0
BBX 6 10 1 0
BITMAP
0C
FC
C0
C0
C0
C0
C0
C0
C0
C0
ENDCHAR
STARTCHAR afii10098
ENCODING 1169
SWIDTH 615 0
DWIDTH 8 0
BBX 6 7 1 0
BITMAP
0C
FC
C0
C0
C0
C0
C0
ENDCHAR
STARTCHAR uni0492
ENCODING 1170
SWIDTH 154 0
DWIDTH 2 0
BBX 1 1 0 0
BITMAP
00
ENDCHAR
STARTCHAR uni0493
ENCODING 1171
SWIDTH 154 0
DWIDTH 2 0
BBX 1 1 0 0
BITMAP
00
ENDCHAR
STARTCHAR uni0494
ENCODING 1172
SWIDTH 154 0
DWIDTH 2 0
BBX 1 1 0 0
BITMAP
00
ENDCHAR
STARTCHAR uni0495
ENCODING 1173
SWIDTH 154 0
DWIDTH 2 0
BBX 1 1 0 0
BITMAP
00
ENDCHAR
STARTCHAR uni0496
ENCODING 1174
SWIDTH 154 0
DWIDTH 2 0
BBX 1 1 0 0
BITMAP
00
ENDCHAR
STARTCHAR uni0497
ENCODING 1175
SWIDTH 154 0
DWIDTH 2 0
BBX 1 1 0 0
BITMAP
00
ENDCHAR
STARTCHAR uni0498
ENCODING 1176
SWIDTH 154 0
DWIDTH 2 0
BBX 1 1 0 0
BITMAP
00
ENDCHAR
STARTCHAR uni0499
ENCODING 1177
SWIDTH 154 0
DWIDTH 2 0
BBX 1 1 0 0
BITMAP
00
ENDCHAR
STARTCHAR uni049A
ENCODING 1178
SWIDTH 154 0
DWIDTH 2 0
BBX 1 1 0 0
BITMAP
00
ENDCHAR
STARTCHAR uni049B
ENCODING 1179
SWIDTH 154 0
DWIDTH 2 0
BBX 1 1 0 0
BITMAP
00
ENDCHAR
STARTCHAR uni049C
ENCODING 1180
SWIDTH 154 0
DWIDTH 2 0
BBX 1 1 0 0
BITMAP
00
ENDCHAR
STARTCHAR uni049D
ENCODING 1181
SWIDTH 154 0
DWIDTH 2 0
BBX 1 1 0 0
BITMAP
00
ENDCHAR
STARTCHAR uni049E
ENCODING 1182
SWIDTH 154 0
DWIDTH 2 0
BBX 1 1 0 0
BITMAP
00
ENDCHAR
STARTCHAR uni049F
ENCODING 1183
SWIDTH 154 0
DWIDTH 2 0
BBX 1 1 0 0
BITMAP
00
ENDCHAR
STARTCHAR uni04A0
ENCODING 1184
SWIDTH 154 0
DWIDTH 2 0
BBX 1 1 0 0
BITMAP
00
ENDCHAR
STARTCHAR uni04A1
ENCODING 1185
SWIDTH 154 0
DWIDTH 2 0
BBX 1 1 0 0
BITMAP
00
ENDCHAR
STARTCHAR uni04A2
ENCODING 1186
SWIDTH 154 0
DWIDTH 2 0
BBX 1 1 0 0
BITMAP
00
ENDCHAR
STARTCHAR uni04A3
ENCODING 1187
SWIDTH 154 0
DWIDTH 2 0
BBX 1 1 0 0
BITMAP
00
ENDCHAR
STARTCHAR uni04A4
ENCODING 1188
SWIDTH 154 0
DWIDTH 2 0
BBX 1 1 0 0
BITMAP
00
ENDCHAR
STARTCHAR uni04A5
ENCODING 1189
SWIDTH 154 0
DWIDTH 2 0
BBX 1 1 0 0
BITMAP
00
ENDCHAR
STARTCHAR uni04A6
ENCODING 1190
SWIDTH 154 0
DWIDTH 2 0
BBX 1 1 0 0
BITMAP
00
ENDCHAR
STARTCHAR uni04A7
ENCODING 1191
SWIDTH 154 0
DWIDTH 2 0
BBX 1 1 0 0
BITMAP
00
ENDCHAR
STARTCHAR uni04A8
ENCODING 1192
SWIDTH 154 0
DWIDTH 2 0
BBX 1 1 0 0
BITMAP
00
ENDCHAR
STARTCHAR uni04A9
ENCODING 1193
SWIDTH 154 0
DWIDTH 2 0
BBX 1 1 0 0
BITMAP
00
ENDCHAR
STARTCHAR uni04AA
ENCODING 1194
SWIDTH 154 0
DWIDTH 2 0
BBX 1 1 0 0
BITMAP
00
ENDCHAR
STARTCHAR uni04AB
ENCODING 1195
SWIDTH 154 0
DWIDTH 2 0
BBX 1 1 0 0
BITMAP
00
ENDCHAR
STARTCHAR uni04AC
ENCODING 1196
SWIDTH 154 0
DWIDTH 2 0
BBX 1 1 0 0
BITMAP
00
ENDCHAR
STARTCHAR uni04AD
ENCODING 1197
SWIDTH 154 0
DWIDTH 2 0
BBX 1 1 0 0
BITMAP
00
ENDCHAR
STARTCHAR uni04AE
ENCODING 1198
SWIDTH 154 0
DWIDTH 2 0
BBX 1 1 0 0
BITMAP
00
ENDCHAR
STARTCHAR uni04AF
ENCODING 1199
SWIDTH 154 0
DWIDTH 2 0
BBX 1 1 0 0
BITMAP
00
ENDCHAR
STARTCHAR uni04B0
ENCODING 1200
SWIDTH 154 0
DWIDTH 2 0
BBX 1 1 0 0
BITMAP
00
ENDCHAR
STARTCHAR uni04B1
ENCODING 1201
SWIDTH 154 0
DWIDTH 2 0
BBX 1 1 0 0
BITMAP
00
ENDCHAR
STARTCHAR uni04B2
ENCODING 1202
SWIDTH 154 0
DWIDTH 2 0
BBX 1 1 0 0
BITMAP
00
ENDCHAR
STARTCHAR uni04B3
ENCODING 1203
SWIDTH 154 0
DWIDTH 2 0
BBX 1 1 0 0
BITMAP
00
ENDCHAR
STARTCHAR uni04B4
ENCODING 1204
SWIDTH 154 0
DWIDTH 2 0
BBX 1 1 0 0
BITMAP
00
ENDCHAR
STARTCHAR uni04B5
ENCODING 1205
SWIDTH 154 0
DWIDTH 2 0
BBX 1 1 0 0
BITMAP
00
ENDCHAR
STARTCHAR uni04B6
ENCODING 1206
SWIDTH 154 0
DWIDTH 2 0
BBX 1 1 0 0
BITMAP
00
ENDCHAR
STARTCHAR uni04B7
ENCODING 1207
SWIDTH 154 0
DWIDTH 2 0
BBX 1 1 0 0
BITMAP
00
ENDCHAR
STARTCHAR uni04B8
ENCODING 1208
SWIDTH 154 0
DWIDTH 2 0
BBX 1 1 0 0
BITMAP
00
ENDCHAR
STARTCHAR uni04B9
ENCODING 1209
SWIDTH 154 0
DWIDTH 2 0
BBX 1 1 0 0
BITMAP
00
ENDCHAR
STARTCHAR uni04BA
ENCODING 1210
SWIDTH 154 0
DWIDTH 2 0
BBX 1 1 0 0
BITMAP
00
ENDCHAR
STARTCHAR uni04BB
ENCODING 1211
SWIDTH 154 0
DWIDTH 2 0
BBX 1 1 0 0
BITMAP
00
ENDCHAR
STARTCHAR uni04BC
ENCODING 1212
SWIDTH 154 0
DWIDTH 2 0
BBX 1 1 0 0
BITMAP
00
ENDCHAR
STARTCHAR uni04BD
ENCODING 1213
SWIDTH 154 0
DWIDTH 2 0
BBX 1 1 0 0
BITMAP
00
ENDCHAR
STARTCHAR uni04BE
ENCODING 1214
SWIDTH 154 0
DWIDTH 2 0
BBX 1 1 0 0
BITMAP
00
ENDCHAR
STARTCHAR uni04BF
ENCODING 1215
SWIDTH 154 0
DWIDTH 2 0
BBX 1 1 0 0
BITMAP
00
ENDCHAR
STARTCHAR uni04C0
ENCODING 1216
SWIDTH 154 0
DWIDTH 2 0
BBX 1 1 0 0
BITMAP
00
ENDCHAR
STARTCHAR uni04C1
ENCODING 1217
SWIDTH 154 0
DWIDTH 2 0
BBX 1 1 0 0
BITMAP
00
ENDCHAR
STARTCHAR uni04C2
ENCODING 1218
SWIDTH 154 0
DWIDTH 2 0
BBX 1 1 0 0
BITMAP
00
ENDCHAR
STARTCHAR uni04C3
ENCODING 1219
SWIDTH 154 0
DWIDTH 2 0
BBX 1 1 0 0
BITMAP
00
ENDCHAR
STARTCHAR uni04C4
ENCODING 1220
SWIDTH 154 0
DWIDTH 2 0
BBX 1 1 0 0
BITMAP
00
ENDCHAR
STARTCHAR uni04C5
ENCODING 1221
SWIDTH 154 0
DWIDTH 2 0
BBX 1 1 0 0
BITMAP
00
ENDCHAR
STARTCHAR uni04C6
ENCODING 1222
SWIDTH 154 0
DWIDTH 2 0
BBX 1 1 0 0
BITMAP
00
ENDCHAR
STARTCHAR uni04C7
ENCODING 1223
SWIDTH 154 0
DWIDTH 2 0
BBX 1 1 0 0
BITMAP
00
ENDCHAR
STARTCHAR uni04C8
ENCODING 1224
SWIDTH 154 0
DWIDTH 2 0
BBX 1 1 0 0
BITMAP
00
ENDCHAR
STARTCHAR uni04C9
ENCODING 1225
SWIDTH 154 0
DWIDTH 2 0
BBX 1 1 0 0
BITMAP
00
ENDCHAR
STARTCHAR uni04CA
ENCODING 1226
SWIDTH 154 0
DWIDTH 2 0
BBX 1 1 0 0
BITMAP
00
ENDCHAR
STARTCHAR uni04CB
ENCODING 1227
SWIDTH 154 0
DWIDTH 2 0
BBX 1 1 0 0
BITMAP
00
ENDCHAR
STARTCHAR uni04CC
ENCODING 1228
SWIDTH 154 0
DWIDTH 2 0
BBX 1 1 0 0
BITMAP
00
ENDCHAR
STARTCHAR uni04CD
ENCODING 1229
SWIDTH 154 0
DWIDTH 2 0
BBX 1 1 0 0
BITMAP
00
ENDCHAR
STARTCHAR uni04CE
ENCODING 1230
SWIDTH 154 0
DWIDTH 2 0
BBX 1 1 0 0
BITMAP
00
ENDCHAR
STARTCHAR uni04CF
ENCODING 1231
SWIDTH 154 0
DWIDTH 2 0
BBX 1 1 0 0
BITMAP
00
ENDCHAR
STARTCHAR uni04D0
ENCODING 1232
SWIDTH 154 0
DWIDTH 2 0
BBX 1 1 0 0
BITMAP
00
ENDCHAR
STARTCHAR uni04D1
ENCODING 1233
SWIDTH 154 0
DWIDTH 2 0
BBX 1 1 0 0
BITMAP
00
ENDCHAR
STARTCHAR uni04D2
ENCODING 1234
SWIDTH 154 0
DWIDTH 2 0
BBX 1 1 0 0
BITMAP
00
ENDCHAR
STARTCHAR uni04D3
ENCODING 1235
SWIDTH 154 0
DWIDTH 2 0
BBX 1 1 0 0
BITMAP
00
ENDCHAR
STARTCHAR uni04D4
ENCODING 1236
SWIDTH 154 0
DWIDTH 2 0
BBX 1 1 0 0
BITMAP
00
ENDCHAR
STARTCHAR uni04D5
ENCODING 1237
SWIDTH 154 0
DWIDTH 2 0
BBX 1 1 0 0
BITMAP
00
ENDCHAR
STARTCHAR uni04D6
ENCODING 1238
SWIDTH 154 0
DWIDTH 2 0
BBX 1 1 0 0
BITMAP
00
ENDCHAR
STARTCHAR uni04D7
ENCODING 1239
SWIDTH 154 0
DWIDTH 2 0
BBX 1 1 0 0
BITMAP
00
ENDCHAR
STARTCHAR uni04D8
ENCODING 1240
SWIDTH 154 0
DWIDTH 2 0
BBX 1 1 0 0
BITMAP
00
ENDCHAR
STARTCHAR uni04D9
ENCODING 1241
SWIDTH 154 0
DWIDTH 2 0
BBX 1 1 0 0
BITMAP
00
ENDCHAR
STARTCHAR uni04DA
ENCODING 1242
SWIDTH 154 0
DWIDTH 2 0
BBX 1 1 0 0
BITMAP
00
ENDCHAR
STARTCHAR uni04DB
ENCODING 1243
SWIDTH 154 0
DWIDTH 2 0
BBX 1 1 0 0
BITMAP
00
ENDCHAR
STARTCHAR uni04DC
ENCODING 1244
SWIDTH 154 0
DWIDTH 2 0
BBX 1 1 0 0
BITMAP
00
ENDCHAR
STARTCHAR uni04DD
ENCODING 1245
SWIDTH 154 0
DWIDTH 2 0
BBX 1 1 0 0
BITMAP
00
ENDCHAR
STARTCHAR uni04DE
ENCODING 1246
SWIDTH 154 0
DWIDTH 2 0
BBX 1 1 0 0
BITMAP
00
ENDCHAR
STARTCHAR uni04DF
ENCODING 1247
SWIDTH 154 0
DWIDTH 2 0
BBX 1 1 0 0
BITMAP
00
ENDCHAR
STARTCHAR uni04E0
ENCODING 1248
SWIDTH 154 0
DWIDTH 2 0
BBX 1 1 0 0
BITMAP
00
ENDCHAR
STARTCHAR uni04E1
ENCODING 1249
SWIDTH 154 0
DWIDTH 2 0
BBX 1 1 0 0
BITMAP
00
ENDCHAR
STARTCHAR uni04E2
ENCODING 1250
SWIDTH 154 0
DWIDTH 2 0
BBX 1 1 0 0
BITMAP
00
ENDCHAR
STARTCHAR uni04E3
ENCODING 1251
SWIDTH 154 0
DWIDTH 2 0
BBX 1 1 0 0
BITMAP
00
ENDCHAR
STARTCHAR uni04E4
ENCODING 1252
SWIDTH 154 0
DWIDTH 2 0
BBX 1 1 0 0
BITMAP
00
ENDCHAR
STARTCHAR uni04E5
ENCODING 1253
SWIDTH 154 0
DWIDTH 2 0
BBX 1 1 0 0
BITMAP
00
ENDCHAR
STARTCHAR uni04E6
ENCODING 1254
SWIDTH 154 0
DWIDTH 2 0
BBX 1 1 0 0
BITMAP
00
ENDCHAR
STARTCHAR uni04E7
ENCODING 1255
SWIDTH 154 0
DWIDTH 2 0
BBX 1 1 0 0
BITMAP
00
ENDCHAR
STARTCHAR uni04E8
ENCODING 1256
SWIDTH 154 0
DWIDTH 2 0
BBX 1 1 0 0
BITMAP
00
ENDCHAR
STARTCHAR uni04E9
ENCODING 1257
SWIDTH 154 0
DWIDTH 2 0
BBX 1 1 0 0
BITMAP
00
ENDCHAR
STARTCHAR uni04EA
ENCODING 1258
SWIDTH 154 0
DWIDTH 2 0
BBX 1 1 0 0
BITMAP
00
ENDCHAR
STARTCHAR uni04EB
ENCODING 1259
SWIDTH 154 0
DWIDTH 2 0
BBX 1 1 0 0
BITMAP
00
ENDCHAR
STARTCHAR uni04EC
ENCODING 1260
SWIDTH 154 0
DWIDTH 2 0
BBX 1 1 0 0
BITMAP
00
ENDCHAR
STARTCHAR uni04ED
ENCODING 1261
SWIDTH 154 0
DWIDTH 2 0
BBX 1 1 0 0
BITMAP
00
ENDCHAR
STARTCHAR uni04EE
ENCODING 1262
SWIDTH 154 0
DWIDTH 2 0
BBX 1 1 0 0
BITMAP
00
ENDCHAR
STARTCHAR uni04EF
ENCODING 1263
SWIDTH 154 0
DWIDTH 2 0
BBX 1 1 0 0
BITMAP
00
ENDCHAR
STARTCHAR uni04F0
ENCODING 1264
SWIDTH 154 0
DWIDTH 2 0
BBX 1 1 0 0
BITMAP
00
ENDCHAR
STARTCHAR uni04F1
ENCODING 1265
SWIDTH 154 0
DWIDTH 2 0
BBX 1 1 0 0
BITMAP
00
ENDCHAR
STARTCHAR uni04F2
ENCODING 1266
SWIDTH 154 0
DWIDTH 2 0
BBX 1 1 0 0
BITMAP
00
ENDCHAR
STARTCHAR uni04F3
ENCODING 1267
SWIDTH 154 0
DWIDTH 2 0
BBX 1 1 0 0
BITMAP
00
ENDCHAR
STARTCHAR uni04F4
ENCODING 1268
SWIDTH 154 0
DWIDTH 2 0
BBX 1 1 0 0
BITMAP
00
ENDCHAR
STARTCHAR uni04F5
ENCODING 1269
SWIDTH 154 0
DWIDTH 2 0
BBX 1 1 0 0
BITMAP
00
ENDCHAR
STARTCHAR uni04F6
ENCODING 1270
SWIDTH 154 0
DWIDTH 2 0
BBX 1 1 0 0
BITMAP
00
ENDCHAR
STARTCHAR uni04F7
ENCODING 1271
SWIDTH 154 0
DWIDTH 2 0
BBX 1 1 0 0
BITMAP
00
ENDCHAR
STARTCHAR uni04F8
ENCODING 1272
SWIDTH 154 0
DWIDTH 2 0
BBX 1 1 0 0
BITMAP
00
ENDCHAR
STARTCHAR uni04F9
ENCODING 1273
SWIDTH 154 0
DWIDTH 2 0
BBX 1 1 0 0
BITMAP
00
ENDCHAR
STARTCHAR uni04FA
ENCODING 1274
SWIDTH 154 0
DWIDTH 2 0
BBX 1 1 0 0
BITMAP
00
ENDCHAR
STARTCHAR uni04FB
ENCODING 1275
SWIDTH 154 0
DWIDTH 2 0
BBX 1 1 0 0
BITMAP
00
ENDCHAR
STARTCHAR uni04FC
ENCODING 1276
SWIDTH 154 0
DWIDTH 2 0
BBX 1 1 0 0
BITMAP
00
ENDCHAR
STARTCHAR uni04FD
ENCODING 1277
SWIDTH 154 0
DWIDTH 2 0
BBX 1 1 0 0
BITMAP
00
ENDCHAR
STARTCHAR uni04FE
ENCODING 1278
SWIDTH 154 0
DWIDTH 2 0
BBX 1 1 0 0
BITMAP
00
ENDCHAR
STARTCHAR uni04FF
ENCODING 1279
SWIDTH 154 0
DWIDTH 2 0
BBX 1 1 0 0
BITMAP
00
ENDCHAR
STARTCHAR uni0500
ENCODING 1280
SWIDTH 154 0
DWIDTH 2 0
BBX 1 1 0 0
BITMAP
00
ENDCHAR
STARTCHAR uni0501
ENCODING 1281
SWIDTH 154 0
DWIDTH 2 0
BBX 1 1 0 0
BITMAP
00
ENDCHAR
STARTCHAR uni0502
ENCODING 1282
SWIDTH 154 0
DWIDTH 2 0
BBX 1 1 0 0
BITMAP
00
ENDCHAR
STARTCHAR uni0503
ENCODING 1283
SWIDTH 154 0
DWIDTH 2 0
BBX 1 1 0 0
BITMAP
00
ENDCHAR
STARTCHAR uni0504
ENCODING 1284
SWIDTH 154 0
DWIDTH 2 0
BBX 1 1 0 0
BITMAP
00
ENDCHAR
STARTCHAR uni0505
ENCODING 1285
SWIDTH 154 0
DWIDTH 2 0
BBX 1 1 0 0
BITMAP
00
ENDCHAR
STARTCHAR uni0506
ENCODING 1286
SWIDTH 154 0
DWIDTH 2 0
BBX 1 1 0 0
BITMAP
00
ENDCHAR
STARTCHAR uni0507
ENCODING 1287
SWIDTH 154 0
DWIDTH 2 0
BBX 1 1 0 0
BITMAP
00
ENDCHAR
STARTCHAR uni0508
ENCODING 1288
SWIDTH 154 0
DWIDTH 2 0
BBX 1 1 0 0
BITMAP
00
ENDCHAR
STARTCHAR uni0509
ENCODING 1289
SWIDTH 154 0
DWIDTH 2 0
BBX 1 1 0 0
BITMAP
00
ENDCHAR
STARTCHAR uni050A
ENCODING 1290
SWIDTH 154 0
DWIDTH 2 0
BBX 1 1 0 0
BITMAP
00
ENDCHAR
STARTCHAR uni050B
ENCODING 1291
SWIDTH 154 0
DWIDTH 2 0
BBX 1 1 0 0
BITMAP
00
ENDCHAR
STARTCHAR uni050C
ENCODING 1292
SWIDTH 154 0
DWIDTH 2 0
BBX 1 1 0 0
BITMAP
00
ENDCHAR
STARTCHAR uni050D
ENCODING 1293
SWIDTH 154 0
DWIDTH 2 0
BBX 1 1 0 0
BITMAP
00
ENDCHAR
STARTCHAR uni050E
ENCODING 1294
SWIDTH 154 0
DWIDTH 2 0
BBX 1 1 0 0
BITMAP
00
ENDCHAR
STARTCHAR uni050F
ENCODING 1295
SWIDTH 154 0
DWIDTH 2 0
BBX 1 1 0 0
BITMAP
00
ENDCHAR
STARTCHAR uni0510
ENCODING 1296
SWIDTH 154 0
DWIDTH 2 0
BBX 1 1 0 0
BITMAP
00
ENDCHAR
STARTCHAR uni0511
ENCODING 1297
SWIDTH 154 0
DWIDTH 2 0
BBX 1 1 0 0
BITMAP
00
ENDCHAR
STARTCHAR uni0512
ENCODING 1298
SWIDTH 154 0
DWIDTH 2 0
BBX 1 1 0 0
BITMAP
00
ENDCHAR
STARTCHAR uni0513
ENCODING 1299
SWIDTH 154 0
DWIDTH 2 0
BBX 1 1 0 0
BITMAP
00
ENDCHAR
STARTCHAR uni0514
ENCODING 1300
SWIDTH 154 0
DWIDTH 2 0
BBX 1 1 0 0
BITMAP
00
ENDCHAR
STARTCHAR uni0515
ENCODING 1301
SWIDTH 154 0
DWIDTH 2 0
BBX 1 1 0 0
BITMAP
00
ENDCHAR
STARTCHAR uni0516
ENCODING 1302
SWIDTH 154 0
DWIDTH 2 0
BBX 1 1 0 0
BITMAP
00
ENDCHAR
STARTCHAR uni0517
ENCODING 1303
SWIDTH 154 0
DWIDTH 2 0
BBX 1 1 0 0
BITMAP
00
ENDCHAR
STARTCHAR uni0518
ENCODING 1304
SWIDTH 154 0
DWIDTH 2 0
BBX 1 1 0 0
BITMAP
00
ENDCHAR
STARTCHAR uni0519
ENCODING 1305
SWIDTH 154 0
DWIDTH 2 0
BBX 1 1 0 0
BITMAP
00
ENDCHAR
STARTCHAR uni051A
ENCODING 1306
SWIDTH 154 0
DWIDTH 2 0
BBX 1 1 0 0
BITMAP
00
ENDCHAR
STARTCHAR uni051B
ENCODING 1307
SWIDTH 154 0
DWIDTH 2 0
BBX 1 1 0 0
BITMAP
00
ENDCHAR
STARTCHAR uni051C
ENCODING 1308
SWIDTH 154 0
DWIDTH 2 0
BBX 1 1 0 0
BITMAP
00
ENDCHAR
STARTCHAR uni051D
ENCODING 1309
SWIDTH 154 0
DWIDTH 2 0
BBX 1 1 0 0
BITMAP
00
ENDCHAR
STARTCHAR uni051E
ENCODING 1310
SWIDTH 154 0
DWIDTH 2 0
BBX 1 1 0 0
BITMAP
00
ENDCHAR
STARTCHAR uni051F
ENCODING 1311
SWIDTH 154 0
DWIDTH 2 0
BBX 1 1 0 0
BITMAP
00
ENDCHAR
STARTCHAR uni0520
ENCODING 1312
SWIDTH 154 0
DWIDTH 2 0
BBX 1 1 0 0
BITMAP
00
ENDCHAR
STARTCHAR uni0521
ENCODING 1313
SWIDTH 154 0
DWIDTH 2 0
BBX 1 1 0 0
BITMAP
00
ENDCHAR
STARTCHAR uni0522
ENCODING 1314
SWIDTH 154 0
DWIDTH 2 0
BBX 1 1 0 0
BITMAP
00
ENDCHAR
STARTCHAR uni0523
ENCODING 1315
SWIDTH 154 0
DWIDTH 2 0
BBX 1 1 0 0
BITMAP
00
ENDCHAR
STARTCHAR uni0524
ENCODING 1316
SWIDTH 154 0
DWIDTH 2 0
BBX 1 1 0 0
BITMAP
00
ENDCHAR
STARTCHAR uni0525
ENCODING 1317
SWIDTH 154 0
DWIDTH 2 0
BBX 1 1 0 0
BITMAP
00
ENDCHAR
STARTCHAR uni0526
ENCODING 1318
SWIDTH 154 0
DWIDTH 2 0
BBX 1 1 0 0
BITMAP
00
ENDCHAR
STARTCHAR uni0527
ENCODING 1319
SWIDTH 154 0
DWIDTH 2 0
BBX 1 1 0 0
BITMAP
00
ENDCHAR
STARTCHAR uni0528
ENCODING 1320
SWIDTH 154 0
DWIDTH 2 0
BBX 1 1 0 0
BITMAP
00
ENDCHAR
STARTCHAR uni0529
ENCODING 1321
SWIDTH 154 0
DWIDTH 2 0
BBX 1 1 0 0
BITMAP
00
ENDCHAR
STARTCHAR uni052A
ENCODING 1322
SWIDTH 154 0
DWIDTH 2 0
BBX 1 1 0 0
BITMAP
00
ENDCHAR
STARTCHAR uni052B
ENCODING 1323
SWIDTH 154 0
DWIDTH 2 0
BBX 1 1 0 0
BITMAP
00
ENDCHAR
STARTCHAR uni052C
ENCODING 1324
SWIDTH 154 0
DWIDTH 2 0
BBX 1 1 0 0
BITMAP
00
ENDCHAR
STARTCHAR uni052D
ENCODING 1325
SWIDTH 154 0
DWIDTH 2 0
BBX 1 1 0 0
BITMAP
00
ENDCHAR
STARTCHAR uni052E
ENCODING 1326
SWIDTH 154 0
DWIDTH 2 0
BBX 1 1 0 0
BITMAP
00
ENDCHAR
STARTCHAR uni052F
ENCODING 1327
SWIDTH 154 0
DWIDTH 2 0
BBX 1 1 0 0
BITMAP
00
ENDCHAR
STARTCHAR uni0530
ENCODING 1328
SWIDTH 154 0
DWIDTH 2 0
BBX 1 1 0 0
BITMAP
00
ENDCHAR
STARTCHAR uni0531
ENCODING 1329
SWIDTH 154 0
DWIDTH 2 0
BBX 1 1 0 0
BITMAP
00
ENDCHAR
STARTCHAR uni0532
ENCODING 1330
SWIDTH 154 0
DWIDTH 2 0
BBX 1 1 0 0
BITMAP
00
ENDCHAR
STARTCHAR uni0533
ENCODING 1331
SWIDTH 154 0
DWIDTH 2 0
BBX 1 1 0 0
BITMAP
00
ENDCHAR
STARTCHAR uni0534
ENCODING 1332
SWIDTH 154 0
DWIDTH 2 0
BBX 1 1 0 0
BITMAP
00
ENDCHAR
STARTCHAR uni0535
ENCODING 1333
SWIDTH 154 0
DWIDTH 2 0
BBX 1 1 0 0
BITMAP
00
ENDCHAR
STARTCHAR uni0536
ENCODING 1334
SWIDTH 154 0
DWIDTH 2 0
BBX 1 1 0 0
BITMAP
00
ENDCHAR
STARTCHAR uni0537
ENCODING 1335
SWIDTH 154 0
DWIDTH 2 0
BBX 1 1 0 0
BITMAP
00
ENDCHAR
STARTCHAR uni0538
ENCODING 1336
SWIDTH 154 0
DWIDTH 2 0
BBX 1 1 0 0
BITMAP
00
ENDCHAR
STARTCHAR uni0539
ENCODING 1337
SWIDTH 154 0
DWIDTH 2 0
BBX 1 1 0 0
BITMAP
00
ENDCHAR
STARTCHAR uni053A
ENCODING 1338
SWIDTH 154 0
DWIDTH 2 0
BBX 1 1 0 0
BITMAP
00
ENDCHAR
STARTCHAR uni053B
ENCODING 1339
SWIDTH 154 0
DWIDTH 2 0
BBX 1 1 0 0
BITMAP
00
ENDCHAR
STARTCHAR uni053C
ENCODING 1340
SWIDTH 154 0
DWIDTH 2 0
BBX 1 1 0 0
BITMAP
00
ENDCHAR
STARTCHAR uni053D
ENCODING 1341
SWIDTH 154 0
DWIDTH 2 0
BBX 1 1 0 0
BITMAP
00
ENDCHAR
STARTCHAR uni053E
ENCODING 1342
SWIDTH 154 0
DWIDTH 2 0
BBX 1 1 0 0
BITMAP
00
ENDCHAR
STARTCHAR uni053F
ENCODING 1343
SWIDTH 154 0
DWIDTH 2 0
BBX 1 1 0 0
BITMAP
00
ENDCHAR
STARTCHAR uni0540
ENCODING 1344
SWIDTH 154 0
DWIDTH 2 0
BBX 1 1 0 0
BITMAP
00
ENDCHAR
STARTCHAR uni0541
ENCODING 1345
SWIDTH 154 0
DWIDTH 2 0
BBX 1 1 0 0
BITMAP
00
ENDCHAR
STARTCHAR uni0542
ENCODING 1346
SWIDTH 154 0
DWIDTH 2 0
BBX 1 1 0 0
BITMAP
00
ENDCHAR
STARTCHAR uni0543
ENCODING 1347
SWIDTH 154 0
DWIDTH 2 0
BBX 1 1 0 0
BITMAP
00
ENDCHAR
STARTCHAR uni0544
ENCODING 1348
SWIDTH 154 0
DWIDTH 2 0
BBX 1 1 0 0
BITMAP
00
ENDCHAR
STARTCHAR uni0545
ENCODING 1349
SWIDTH 154 0
DWIDTH 2 0
BBX 1 1 0 0
BITMAP
00
ENDCHAR
STARTCHAR uni0546
ENCODING 1350
SWIDTH 154 0
DWIDTH 2 0
BBX 1 1 0 0
BITMAP
00
ENDCHAR
STARTCHAR uni0547
ENCODING 1351
SWIDTH 154 0
DWIDTH 2 0
BBX 1 1 0 0
BITMAP
00
ENDCHAR
STARTCHAR uni0548
ENCODING 1352
SWIDTH 154 0
DWIDTH 2 0
BBX 1 1 0 0
BITMAP
00
ENDCHAR
STARTCHAR uni0549
ENCODING 1353
SWIDTH 154 0
DWIDTH 2 0
BBX 1 1 0 0
BITMAP
00
ENDCHAR
STARTCHAR uni054A
ENCODING 1354
SWIDTH 154 0
DWIDTH 2 0
BBX 1 1 0 0
BITMAP
00
ENDCHAR
STARTCHAR uni054B
ENCODING 1355
SWIDTH 154 0
DWIDTH 2 0
BBX 1 1 0 0
BITMAP
00
ENDCHAR
STARTCHAR uni054C
ENCODING 1356
SWIDTH 154 0
DWIDTH 2 0
BBX 1 1 0 0
BITMAP
00
ENDCHAR
STARTCHAR uni054D
ENCODING 1357
SWIDTH 154 0
DWIDTH 2 0
BBX 1 1 0 0
BITMAP
00
ENDCHAR
STARTCHAR uni054E
ENCODING 1358
SWIDTH 154 0
DWIDTH 2 0
BBX 1 1 0 0
BITMAP
00
ENDCHAR
STARTCHAR uni054F
ENCODING 1359
SWIDTH 154 0
DWIDTH 2 0
BBX 1 1 0 0
BITMAP
00
ENDCHAR
STARTCHAR uni0550
ENCODING 1360
SWIDTH 154 0
DWIDTH 2 0
BBX 1 1 0 0
BITMAP
00
ENDCHAR
STARTCHAR uni0551
ENCODING 1361
SWIDTH 154 0
DWIDTH 2 0
BBX 1 1 0 0
BITMAP
00
ENDCHAR
STARTCHAR uni0552
ENCODING 1362
SWIDTH 154 0
DWIDTH 2 0
BBX 1 1 0 0
BITMAP
00
ENDCHAR
STARTCHAR uni0553
ENCODING 1363
SWIDTH 154 0
DWIDTH 2 0
BBX 1 1 0 0
BITMAP
00
ENDCHAR
STARTCHAR uni0554
ENCODING 1364
SWIDTH 154 0
DWIDTH 2 0
BBX 1 1 0 0
BITMAP
00
ENDCHAR
STARTCHAR uni0555
ENCODING 1365
SWIDTH 154 0
DWIDTH 2 0
BBX 1 1 0 0
BITMAP
00
ENDCHAR
STARTCHAR uni0556
ENCODING 1366
SWIDTH 154 0
DWIDTH 2 0
BBX 1 1 0 0
BITMAP
00
ENDCHAR
STARTCHAR uni0557
ENCODING 1367
SWIDTH 154 0
DWIDTH 2 0
BBX 1 1 0 0
BITMAP
00
ENDCHAR
STARTCHAR uni0558
ENCODING 1368
SWIDTH 154 0
DWIDTH 2 0
BBX 1 1 0 0
BITMAP
00
ENDCHAR
STARTCHAR uni0559
ENCODING 1369
SWIDTH 154 0
DWIDTH 2 0
BBX 1 1 0 0
BITMAP
00
ENDCHAR
STARTCHAR uni055A
ENCODING 1370
SWIDTH 154 0
DWIDTH 2 0
BBX 1 1 0 0
BITMAP
00
ENDCHAR
STARTCHAR uni055B
ENCODING 1371
SWIDTH 154 0
DWIDTH 2 0
BBX 1 1 0 0
BITMAP
00
ENDCHAR
STARTCHAR uni055C
ENCODING 1372
SWIDTH 154 0
DWIDTH 2 0
BBX 1 1 0 0
BITMAP
00
ENDCHAR
STARTCHAR uni055D
ENCODING 1373
SWIDTH 154 0
DWIDTH 2 0
BBX 1 1 0 0
BITMAP
00
ENDCHAR
STARTCHAR uni055E
ENCODING 1374
SWIDTH 154 0
DWIDTH 2 0
BBX 1 1 0 0
BITMAP
00
ENDCHAR
STARTCHAR uni055F
ENCODING 1375
SWIDTH 154 0
DWIDTH 2 0
BBX 1 1 0 0
BITMAP
00
ENDCHAR
STARTCHAR uni0560
ENCODING 1376
SWIDTH 154 0
DWIDTH 2 0
BBX 1 1 0 0
BITMAP
00
ENDCHAR
STARTCHAR uni0561
ENCODING 1377
SWIDTH 154 0
DWIDTH 2 0
BBX 1 1 0 0
BITMAP
00
ENDCHAR
STARTCHAR uni0562
ENCODING 1378
SWIDTH 154 0
DWIDTH 2 0
BBX 1 1 0 0
BITMAP
00
ENDCHAR
STARTCHAR uni0563
ENCODING 1379
SWIDTH 154 0
DWIDTH 2 0
BBX 1 1 0 0
BITMAP
00
ENDCHAR
STARTCHAR uni0564
ENCODING 1380
SWIDTH 154 0
DWIDTH 2 0
BBX 1 1 0 0
BITMAP
00
ENDCHAR
STARTCHAR uni0565
ENCODING 1381
SWIDTH 154 0
DWIDTH 2 0
BBX 1 1 0 0
BITMAP
00
ENDCHAR
STARTCHAR uni0566
ENCODING 1382
SWIDTH 154 0
DWIDTH 2 0
BBX 1 1 0 0
BITMAP
00
ENDCHAR
STARTCHAR uni0567
ENCODING 1383
SWIDTH 154 0
DWIDTH 2 0
BBX 1 1 0 0
BITMAP
00
ENDCHAR
STARTCHAR uni0568
ENCODING 1384
SWIDTH 154 0
DWIDTH 2 0
BBX 1 1 0 0
BITMAP
00
ENDCHAR
STARTCHAR uni0569
ENCODING 1385
SWIDTH 154 0
DWIDTH 2 0
BBX 1 1 0 0
BITMAP
00
ENDCHAR
STARTCHAR uni056A
ENCODING 1386
SWIDTH 154 0
DWIDTH 2 0
BBX 1 1 0 0
BITMAP
00
ENDCHAR
STARTCHAR uni056B
ENCODING 1387
SWIDTH 154 0
DWIDTH 2 0
BBX 1 1 0 0
BITMAP
00
ENDCHAR
STARTCHAR uni056C
ENCODING 1388
SWIDTH 154 0
DWIDTH 2 0
BBX 1 1 0 0
BITMAP
00
ENDCHAR
STARTCHAR uni056D
ENCODING 1389
SWIDTH 154 0
DWIDTH 2 0
BBX 1 1 0 0
BITMAP
00
ENDCHAR
STARTCHAR uni056E
ENCODING 1390
SWIDTH 154 0
DWIDTH 2 0
BBX 1 1 0 0
BITMAP
00
ENDCHAR
STARTCHAR uni056F
ENCODING 1391
SWIDTH 154 0
DWIDTH 2 0
BBX 1 1 0 0
BITMAP
00
ENDCHAR
STARTCHAR uni0570
ENCODING 1392
SWIDTH 154 0
DWIDTH 2 0
BBX 1 1 0 0
BITMAP
00
ENDCHAR
STARTCHAR uni0571
ENCODING 1393
SWIDTH 154 0
DWIDTH 2 0
BBX 1 1 0 0
BITMAP
00
ENDCHAR
STARTCHAR uni0572
ENCODING 1394
SWIDTH 154 0
DWIDTH 2 0
BBX 1 1 0 0
BITMAP
00
ENDCHAR
STARTCHAR uni0573
ENCODING 1395
SWIDTH 154 0
DWIDTH 2 0
BBX 1 1 0 0
BITMAP
00
ENDCHAR
STARTCHAR uni0574
ENCODING 1396
SWIDTH 154 0
DWIDTH 2 0
BBX 1 1 0 0
BITMAP
00
ENDCHAR
STARTCHAR uni0575
ENCODING 1397
SWIDTH 154 0
DWIDTH 2 0
BBX 1 1 0 0
BITMAP
00
ENDCHAR
STARTCHAR uni0576
ENCODING 1398
SWIDTH 154 0
DWIDTH 2 0
BBX 1 1 0 0
BITMAP
00
ENDCHAR
STARTCHAR uni0577
ENCODING 1399
SWIDTH 154 0
DWIDTH 2 0
BBX 1 1 0 0
BITMAP
00
ENDCHAR
STARTCHAR uni0578
ENCODING 1400
SWIDTH 154 0
DWIDTH 2 0
BBX 1 1 0 0
BITMAP
00
ENDCHAR
STARTCHAR uni0579
ENCODING 1401
SWIDTH 154 0
DWIDTH 2 0
BBX 1 1 0 0
BITMAP
00
ENDCHAR
STARTCHAR uni057A
ENCODING 1402
SWIDTH 154 0
DWIDTH 2 0
BBX 1 1 0 0
BITMAP
00
ENDCHAR
STARTCHAR uni057B
ENCODING 1403
SWIDTH 154 0
DWIDTH 2 0
BBX 1 1 0 0
BITMAP
00
ENDCHAR
STARTCHAR uni057C
ENCODING 1404
SWIDTH 154 0
DWIDTH 2 0
BBX 1 1 0 0
BITMAP
00
ENDCHAR
STARTCHAR uni057D
ENCODING 1405
SWIDTH 154 0
DWIDTH 2 0
BBX 1 1 0 0
BITMAP
00
ENDCHAR
STARTCHAR uni057E
ENCODING 1406
SWIDTH 154 0
DWIDTH 2 0
BBX 1 1 0 0
BITMAP
00
ENDCHAR
STARTCHAR uni057F
ENCODING 1407
SWIDTH 154 0
DWIDTH 2 0
BBX 1 1 0 0
BITMAP
00
ENDCHAR
STARTCHAR uni0580
ENCODING 1408
SWIDTH 154 0
DWIDTH 2 0
BBX 1 1 0 0
BITMAP
00
ENDCHAR
STARTCHAR uni0581
ENCODING 1409
SWIDTH 154 0
DWIDTH 2 0
BBX 1 1 0 0
BITMAP
00
ENDCHAR
STARTCHAR uni0582
ENCODING 1410
SWIDTH 154 0
DWIDTH 2 0
BBX 1 1 0 0
BITMAP
00
ENDCHAR
STARTCHAR uni0583
ENCODING 1411
SWIDTH 154 0
DWIDTH 2 0
BBX 1 1 0 0
BITMAP
00
ENDCHAR
STARTCHAR uni0584
ENCODING 1412
SWIDTH 154 0
DWIDTH 2 0
BBX 1 1 0 0
BITMAP
00
ENDCHAR
STARTCHAR uni0585
ENCODING 1413
SWIDTH 154 0
DWIDTH 2 0
BBX 1 1 0 0
BITMAP
00
ENDCHAR
STARTCHAR uni0586
ENCODING 1414
SWIDTH 154 0
DWIDTH 2 0
BBX 1 1 0 0
BITMAP
00
ENDCHAR
STARTCHAR uni0587
ENCODING 1415
SWIDTH 154 0
DWIDTH 2 0
BBX 1 1 0 0
BITMAP
00
ENDCHAR
STARTCHAR uni0588
ENCODING 1416
SWIDTH 154 0
DWIDTH 2 0
BBX 1 1 0 0
BITMAP
00
ENDCHAR
STARTCHAR uni0589
ENCODING 1417
SWIDTH 154 0
DWIDTH 2 0
BBX 1 1 0 0
BITMAP
00
ENDCHAR
STARTCHAR uni058A
ENCODING 1418
SWIDTH 154 0
DWIDTH 2 0
BBX 1 1 0 0
BITMAP
00
ENDCHAR
STARTCHAR uni058B
ENCODING 1419
SWIDTH 154 0
DWIDTH 2 0
BBX 1 1 0 0
BITMAP
00
ENDCHAR
STARTCHAR uni058C
ENCODING 1420
SWIDTH 154 0
DWIDTH 2 0
BBX 1 1 0 0
BITMAP
00
ENDCHAR
STARTCHAR uni058D
ENCODING 1421
SWIDTH 154 0
DWIDTH 2 0
BBX 1 1 0 0
BITMAP
00
ENDCHAR
STARTCHAR uni058E
ENCODING 1422
SWIDTH 154 0
DWIDTH 2 0
BBX 1 1 0 0
BITMAP
00
ENDCHAR
STARTCHAR uni058F
ENCODING 1423
SWIDTH 154 0
DWIDTH 2 0
BBX 1 1 0 0
BITMAP
00
ENDCHAR
STARTCHAR uni0590
ENCODING 1424
SWIDTH 154 0
DWIDTH 2 0
BBX 1 1 0 0
BITMAP
00
ENDCHAR
STARTCHAR uni0591
ENCODING 1425
SWIDTH 154 0
DWIDTH 2 0
BBX 1 1 0 0
BITMAP
00
ENDCHAR
STARTCHAR uni0592
ENCODING 1426
SWIDTH 154 0
DWIDTH 2 0
BBX 1 1 0 0
BITMAP
00
ENDCHAR
STARTCHAR uni0593
ENCODING 1427
SWIDTH 154 0
DWIDTH 2 0
BBX 1 1 0 0
BITMAP
00
ENDCHAR
STARTCHAR uni0594
ENCODING 1428
SWIDTH 154 0
DWIDTH 2 0
BBX 1 1 0 0
BITMAP
00
ENDCHAR
STARTCHAR uni0595
ENCODING 1429
SWIDTH 154 0
DWIDTH 2 0
BBX 1 1 0 0
BITMAP
00
ENDCHAR
STARTCHAR uni0596
ENCODING 1430
SWIDTH 154 0
DWIDTH 2 0
BBX 1 1 0 0
BITMAP
00
ENDCHAR
STARTCHAR uni0597
ENCODING 1431
SWIDTH 154 0
DWIDTH 2 0
BBX 1 1 0 0
BITMAP
00
ENDCHAR
STARTCHAR uni0598
ENCODING 1432
SWIDTH 154 0
DWIDTH 2 0
BBX 1 1 0 0
BITMAP
00
ENDCHAR
STARTCHAR uni0599
ENCODING 1433
SWIDTH 154 0
DWIDTH 2 0
BBX 1 1 0 0
BITMAP
00
ENDCHAR
STARTCHAR uni059A
ENCODING 1434
SWIDTH 154 0
DWIDTH 2 0
BBX 1 1 0 0
BITMAP
00
ENDCHAR
STARTCHAR uni059B
ENCODING 1435
SWIDTH 154 0
DWIDTH 2 0
BBX 1 1 0 0
BITMAP
00
ENDCHAR
STARTCHAR uni059C
ENCODING 1436
SWIDTH 154 0
DWIDTH 2 0
BBX 1 1 0 0
BITMAP
00
ENDCHAR
STARTCHAR uni059D
ENCODING 1437
SWIDTH 154 0
DWIDTH 2 0
BBX 1 1 0 0
BITMAP
00
ENDCHAR
STARTCHAR uni059E
ENCODING 1438
SWIDTH 154 0
DWIDTH 2 0
BBX 1 1 0 0
BITMAP
00
ENDCHAR
STARTCHAR uni059F
ENCODING 1439
SWIDTH 154 0
DWIDTH 2 0
BBX 1 1 0 0
BITMAP
00
ENDCHAR
STARTCHAR uni05A0
ENCODING 1440
SWIDTH 154 0
DWIDTH 2 0
BBX 1 1 0 0
BITMAP
00
ENDCHAR
STARTCHAR uni05A1
ENCODING 1441
SWIDTH 154 0
DWIDTH 2 0
BBX 1 1 0 0
BITMAP
00
ENDCHAR
STARTCHAR uni05A2
ENCODING 1442
SWIDTH 154 0
DWIDTH 2 0
BBX 1 1 0 0
BITMAP
00
ENDCHAR
STARTCHAR uni05A3
ENCODING 1443
SWIDTH 154 0
DWIDTH 2 0
BBX 1 1 0 0
BITMAP
00
ENDCHAR
STARTCHAR uni05A4
ENCODING 1444
SWIDTH 154 0
DWIDTH 2 0
BBX 1 1 0 0
BITMAP
00
ENDCHAR
STARTCHAR uni05A5
ENCODING 1445
SWIDTH 154 0
DWIDTH 2 0
BBX 1 1 0 0
BITMAP
00
ENDCHAR
STARTCHAR uni05A6
ENCODING 1446
SWIDTH 154 0
DWIDTH 2 0
BBX 1 1 0 0
BITMAP
00
ENDCHAR
STARTCHAR uni05A7
ENCODING 1447
SWIDTH 154 0
DWIDTH 2 0
BBX 1 1 0 0
BITMAP
00
ENDCHAR
STARTCHAR uni05A8
ENCODING 1448
SWIDTH 154 0
DWIDTH 2 0
BBX 1 1 0 0
BITMAP
00
ENDCHAR
STARTCHAR uni05A9
ENCODING 1449
SWIDTH 154 0
DWIDTH 2 0
BBX 1 1 0 0
BITMAP
00
ENDCHAR
STARTCHAR uni05AA
ENCODING 1450
SWIDTH 154 0
DWIDTH 2 0
BBX 1 1 0 0
BITMAP
00
ENDCHAR
STARTCHAR uni05AB
ENCODING 1451
SWIDTH 154 0
DWIDTH 2 0
BBX 1 1 0 0
BITMAP
00
ENDCHAR
STARTCHAR uni05AC
ENCODING 1452
SWIDTH 154 0
DWIDTH 2 0
BBX 1 1 0 0
BITMAP
00
ENDCHAR
STARTCHAR uni05AD
ENCODING 1453
SWIDTH 154 0
DWIDTH 2 0
BBX 1 1 0 0
BITMAP
00
ENDCHAR
STARTCHAR uni05AE
ENCODING 1454
SWIDTH 154 0
DWIDTH 2 0
BBX 1 1 0 0
BITMAP
00
ENDCHAR
STARTCHAR uni05AF
ENCODING 1455
SWIDTH 154 0
DWIDTH 2 0
BBX 1 1 0 0
BITMAP
00
ENDCHAR
STARTCHAR uni05B0
ENCODING 1456
SWIDTH 154 0
DWIDTH 2 0
BBX 1 1 0 0
BITMAP
00
ENDCHAR
STARTCHAR uni05B1
ENCODING 1457
SWIDTH 154 0
DWIDTH 2 0
BBX 1 1 0 0
BITMAP
00
ENDCHAR
STARTCHAR uni05B2
ENCODING 1458
SWIDTH 154 0
DWIDTH 2 0
BBX 1 1 0 0
BITMAP
00
ENDCHAR
STARTCHAR uni05B3
ENCODING 1459
SWIDTH 154 0
DWIDTH 2 0
BBX 1 1 0 0
BITMAP
00
ENDCHAR
STARTCHAR uni05B4
ENCODING 1460
SWIDTH 154 0
DWIDTH 2 0
BBX 1 1 0 0
BITMAP
00
ENDCHAR
STARTCHAR uni05B5
ENCODING 1461
SWIDTH 154 0
DWIDTH 2 0
BBX 1 1 0 0
BITMAP
00
ENDCHAR
STARTCHAR uni05B6
ENCODING 1462
SWIDTH 154 0
DWIDTH 2 0
BBX 1 1 0 0
BITMAP
00
ENDCHAR
STARTCHAR uni05B7
ENCODING 1463
SWIDTH 154 0
DWIDTH 2 0
BBX 1 1 0 0
BITMAP
00
ENDCHAR
STARTCHAR uni05B8
ENCODING 1464
SWIDTH 154 0
DWIDTH 2 0
BBX 1 1 0 0
BITMAP
00
ENDCHAR
STARTCHAR uni05B9
ENCODING 1465
SWIDTH 154 0
DWIDTH 2 0
BBX 1 1 0 0
BITMAP
00
ENDCHAR
STARTCHAR uni05BA
ENCODING 1466
SWIDTH 154 0
DWIDTH 2 0
BBX 1 1 0 0
BITMAP
00
ENDCHAR
STARTCHAR uni05BB
ENCODING 1467
SWIDTH 154 0
DWIDTH 2 0
BBX 1 1 0 0
BITMAP
00
ENDCHAR
STARTCHAR uni05BC
ENCODING 1468
SWIDTH 154 0
DWIDTH 2 0
BBX 1 1 0 0
BITMAP
00
ENDCHAR
STARTCHAR uni05BD
ENCODING 1469
SWIDTH 154 0
DWIDTH 2 0
BBX 1 1 0 0
BITMAP
00
ENDCHAR
STARTCHAR uni05BE
ENCODING 1470
SWIDTH 154 0
DWIDTH 2 0
BBX 1 1 0 0
BITMAP
00
ENDCHAR
STARTCHAR uni05BF
ENCODING 1471
SWIDTH 154 0
DWIDTH 2 0
BBX 1 1 0 0
BITMAP
00
ENDCHAR
STARTCHAR uni05C0
ENCODING 1472
SWIDTH 154 0
DWIDTH 2 0
BBX 1 1 0 0
BITMAP
00
ENDCHAR
STARTCHAR uni05C1
ENCODING 1473
SWIDTH 154 0
DWIDTH 2 0
BBX 1 1 0 0
BITMAP
00
ENDCHAR
STARTCHAR uni05C2
ENCODING 1474
SWIDTH 154 0
DWIDTH 2 0
BBX 1 1 0 0
BITMAP
00
ENDCHAR
STARTCHAR uni05C3
ENCODING 1475
SWIDTH 154 0
DWIDTH 2 0
BBX 1 1 0 0
BITMAP
00
ENDCHAR
STARTCHAR uni05C4
ENCODING 1476
SWIDTH 154 0
DWIDTH 2 0
BBX 1 1 0 0
BITMAP
00
ENDCHAR
STARTCHAR uni05C5
ENCODING 1477
SWIDTH 154 0
DWIDTH 2 0
BBX 1 1 0 0
BITMAP
00
ENDCHAR
STARTCHAR uni05C6
ENCODING 1478
SWIDTH 154 0
DWIDTH 2 0
BBX 1 1 0 0
BITMAP
00
ENDCHAR
STARTCHAR uni05C7
ENCODING 1479
SWIDTH 154 0
DWIDTH 2 0
BBX 1 1 0 0
BITMAP
00
ENDCHAR
STARTCHAR uni05C8
ENCODING 1480
SWIDTH 154 0
DWIDTH 2 0
BBX 1 1 0 0
BITMAP
00
ENDCHAR
STARTCHAR uni05C9
ENCODING 1481
SWIDTH 154 0
DWIDTH 2 0
BBX 1 1 0 0
BITMAP
00
ENDCHAR
STARTCHAR uni05CA
ENCODING 1482
SWIDTH 154 0
DWIDTH 2 0
BBX 1 1 0 0
BITMAP
00
ENDCHAR
STARTCHAR uni05CB
ENCODING 1483
SWIDTH 154 0
DWIDTH 2 0
BBX 1 1 0 0
BITMAP
00
ENDCHAR
STARTCHAR uni05CC
ENCODING 1484
SWIDTH 154 0
DWIDTH 2 0
BBX 1 1 0 0
BITMAP
00
ENDCHAR
STARTCHAR uni05CD
ENCODING 1485
SWIDTH 154 0
DWIDTH 2 0
BBX 1 1 0 0
BITMAP
00
ENDCHAR
STARTCHAR uni05CE
ENCODING 1486
SWIDTH 154 0
DWIDTH 2 0
BBX 1 1 0 0
BITMAP
00
ENDCHAR
STARTCHAR uni05CF
ENCODING 1487
SWIDTH 154 0
DWIDTH 2 0
BBX 1 1 0 0
BITMAP
00
ENDCHAR
STARTCHAR afii57664
ENCODING 1488
SWIDTH 615 0
DWIDTH 8 0
BBX 7 7 0 0
BITMAP
CC
66
36
58
CC
C6
C6
ENDCHAR
STARTCHAR afii57665
ENCODING 1489
SWIDTH 615 0
DWIDTH 8 0
BBX 7 7 0 0
BITMAP
FC
0C
0C
0C
0C
0C
FE
ENDCHAR
STARTCHAR afii57666
ENCODING 1490
SWIDTH 615 0
DWIDTH 8 0
BBX 7 7 0 0
BITMAP
70
18
18
0C
1C
36
E6
ENDCHAR
STARTCHAR afii57667
ENCODING 1491
SWIDTH 615 0
DWIDTH 8 0
BBX 7 7 0 0
BITMAP
FE
0C
0C
0C
0C
0C
0C
ENDCHAR
STARTCHAR afii57668
ENCODING 1492
SWIDTH 615 0
DWIDTH 8 0
BBX 6 7 1 0
BITMAP
FC
0C
0C
CC
CC
CC
CC
ENDCHAR
STARTCHAR afii57669
ENCODING 1493
SWIDTH 462 0
DWIDTH 6 0
BBX 3 7 2 0
BITMAP
E0
60
60
60
60
60
60
ENDCHAR
STARTCHAR afii57670
ENCODING 1494
SWIDTH 538 0
DWIDTH 7 0
BBX 5 7 1 0
BITMAP
F8
60
60
30
30
30
30
ENDCHAR
STARTCHAR afii57671
ENCODING 1495
SWIDTH 615 0
DWIDTH 8 0
BBX 7 7 0 0
BITMAP
FE
66
66
66
66
66
66
ENDCHAR
STARTCHAR afii57672
ENCODING 1496
SWIDTH 615 0
DWIDTH 8 0
BBX 6 7 1 0
BITMAP
DC
DC
CC
CC
CC
D8
F0
ENDCHAR
STARTCHAR afii57673
ENCODING 1497
SWIDTH 462 0
DWIDTH 6 0
BBX 3 4 2 3
BITMAP
E0
60
60
60
ENDCHAR
STARTCHAR afii57674
ENCODING 1498
SWIDTH 615 0
DWIDTH 8 0
BBX 6 9 1 -2
BITMAP
FC
0C
0C
0C
0C
0C
0C
0C
0C
ENDCHAR
STARTCHAR afii57675
ENCODING 1499
SWIDTH 615 0
DWIDTH 8 0
BBX 6 7 1 0
BITMAP
FC
0C
0C
0C
0C
18
F0
ENDCHAR
STARTCHAR afii57676
ENCODING 1500
SWIDTH 615 0
DWIDTH 8 0
BBX 6 9 1 0
BITMAP
C0
C0
FC
0C
0C
0C
18
30
60
ENDCHAR
STARTCHAR afii57677
ENCODING 1501
SWIDTH 615 0
DWIDTH 8 0
BBX 7 7 0 0
BITMAP
FE
66
66
66
66
66
7E
ENDCHAR
STARTCHAR afii57678
ENCODING 1502
SWIDTH 615 0
DWIDTH 8 0
BBX 7 7 0 0
BITMAP
DC
76
66
C6
C6
C6
DE
ENDCHAR
STARTCHAR afii57679
ENCODING 1503
SWIDTH 462 0
DWIDTH 6 0
BBX 3 9 2 -2
BITMAP
E0
60
60
60
60
60
60
60
60
ENDCHAR
STARTCHAR afii57680
ENCODING 1504
SWIDTH 538 0
DWIDTH 7 0
BBX 5 7 1 0
BITMAP
38
18
18
18
18
18
F8
ENDCHAR
STARTCHAR afii57681
ENCODING 1505
SWIDTH 615 0
DWIDTH 8 0
BBX 7 7 0 0
BITMAP
FE
66
66
66
66
6C
78
ENDCHAR
STARTCHAR afii57682
ENCODING 1506
SWIDTH 615 0
DWIDTH 8 0
BBX 7 7 0 0
BITMAP
E6
66
66
66
66
6C
F8
ENDCHAR
STARTCHAR afii57683
ENCODING 1507
SWIDTH 615 0
DWIDTH 8 0
BBX 7 9 0 -2
BITMAP
FE
66
66
66
06
06
06
06
06
ENDCHAR
STARTCHAR afii57684
ENCODING 1508
SWIDTH 615 0
DWIDTH 8 0
BBX 7 7 0 0
BITMAP
FE
66
66
66
06
0C
78
ENDCHAR
STARTCHAR afii57685
ENCODING 1509
SWIDTH 615 0
DWIDTH 8 0
BBX 7 9 0 -2
BITMAP
CC
66
66
66
6C
78
60
60
60
ENDCHAR
STARTCHAR afii57686
ENCODING 1510
SWIDTH 615 0
DWIDTH 8 0
BBX 7 7 0 0
BITMAP
CC
66
36
1C
0C
06
FE
ENDCHAR
STARTCHAR afii57687
ENCODING 1511
SWIDTH 615 0
DWIDTH 8 0
BBX 7 9 0 -2
BITMAP
FE
06
06
C6
C6
CC
D8
C0
C0
ENDCHAR
STARTCHAR afii57688
ENCODING 1512
SWIDTH 615 0
DWIDTH 8 0
BBX 6 7 1 0
BITMAP
FC
0C
0C
0C
0C
0C
0C
ENDCHAR
STARTCHAR afii57689
ENCODING 1513
SWIDTH 692 0
DWIDTH 9 0
BBX 8 7 0 0
BITMAP
DB
DB
DB
DB
F3
C6
FC
ENDCHAR
STARTCHAR afii57690
ENCODING 1514
SWIDTH 615 0
DWIDTH 8 0
BBX 7 7 0 0
BITMAP
FE
66
66
66
66
66
E6
ENDCHAR
STARTCHAR uni05EB
ENCODING 1515
SWIDTH 154 0
DWIDTH 2 0
BBX 1 1 0 0
BITMAP
00
ENDCHAR
STARTCHAR uni05EC
ENCODING 1516
SWIDTH 154 0
DWIDTH 2 0
BBX 1 1 0 0
BITMAP
00
ENDCHAR
STARTCHAR uni05ED
ENCODING 1517
SWIDTH 154 0
DWIDTH 2 0
BBX 1 1 0 0
BITMAP
00
ENDCHAR
STARTCHAR uni05EE
ENCODING 1518
SWIDTH 154 0
DWIDTH 2 0
BBX 1 1 0 0
BITMAP
00
ENDCHAR
STARTCHAR uni05EF
ENCODING 1519
SWIDTH 154 0
DWIDTH 2 0
BBX 1 1 0 0
BITMAP
00
ENDCHAR
STARTCHAR uni05F0
ENCODING 1520
SWIDTH 154 0
DWIDTH 2 0
BBX 1 1 0 0
BITMAP
00
ENDCHAR
STARTCHAR uni05F1
ENCODING 1521
SWIDTH 154 0
DWIDTH 2 0
BBX 1 1 0 0
BITMAP
00
ENDCHAR
STARTCHAR uni05F2
ENCODING 1522
SWIDTH 154 0
DWIDTH 2 0
BBX 1 1 0 0
BITMAP
00
ENDCHAR
STARTCHAR uni05F3
ENCODING 1523
SWIDTH 154 0
DWIDTH 2 0
BBX 1 1 0 0
BITMAP
00
ENDCHAR
STARTCHAR uni05F4
ENCODING 1524
SWIDTH 154 0
DWIDTH 2 0
BBX 1 1 0 0
BITMAP
00
ENDCHAR
STARTCHAR uni05F5
ENCODING 1525
SWIDTH 154 0
DWIDTH 2 0
BBX 1 1 0 0
BITMAP
00
ENDCHAR
STARTCHAR uni05F6
ENCODING 1526
SWIDTH 154 0
DWIDTH 2 0
BBX 1 1 0 0
BITMAP
00
ENDCHAR
STARTCHAR uni05F7
ENCODING 1527
SWIDTH 154 0
DWIDTH 2 0
BBX 1 1 0 0
BITMAP
00
ENDCHAR
STARTCHAR uni05F8
ENCODING 1528
SWIDTH 154 0
DWIDTH 2 0
BBX 1 1 0 0
BITMAP
00
ENDCHAR
STARTCHAR uni05F9
ENCODING 1529
SWIDTH 154 0
DWIDTH 2 0
BBX 1 1 0 0
BITMAP
00
ENDCHAR
STARTCHAR uni05FA
ENCODING 1530
SWIDTH 154 0
DWIDTH 2 0
BBX 1 1 0 0
BITMAP
00
ENDCHAR
STARTCHAR uni05FB
ENCODING 1531
SWIDTH 154 0
DWIDTH 2 0
BBX 1 1 0 0
BITMAP
00
ENDCHAR
STARTCHAR uni05FC
ENCODING 1532
SWIDTH 154 0
DWIDTH 2 0
BBX 1 1 0 0
BITMAP
00
ENDCHAR
STARTCHAR uni05FD
ENCODING 1533
SWIDTH 154 0
DWIDTH 2 0
BBX 1 1 0 0
BITMAP
00
ENDCHAR
STARTCHAR uni05FE
ENCODING 1534
SWIDTH 154 0
DWIDTH 2 0
BBX 1 1 0 0
BITMAP
00
ENDCHAR
STARTCHAR uni05FF
ENCODING 1535
SWIDTH 154 0
DWIDTH 2 0
BBX 1 1 0 0
BITMAP
00
ENDCHAR
STARTCHAR uni0600
ENCODING 1536
SWIDTH 154 0
DWIDTH 2 0
BBX 1 1 0 0
BITMAP
00
ENDCHAR
STARTCHAR uni0601
ENCODING 1537
SWIDTH 154 0
DWIDTH 2 0
BBX 1 1 0 0
BITMAP
00
ENDCHAR
STARTCHAR uni0602
ENCODING 1538
SWIDTH 154 0
DWIDTH 2 0
BBX 1 1 0 0
BITMAP
00
ENDCHAR
STARTCHAR uni0603
ENCODING 1539
SWIDTH 154 0
DWIDTH 2 0
BBX 1 1 0 0
BITMAP
00
ENDCHAR
STARTCHAR uni0604
ENCODING 1540
SWIDTH 154 0
DWIDTH 2 0
BBX 1 1 0 0
BITMAP
00
ENDCHAR
STARTCHAR uni0605
ENCODING 1541
SWIDTH 154 0
DWIDTH 2 0
BBX 1 1 0 0
BITMAP
00
ENDCHAR
STARTCHAR uni0606
ENCODING 1542
SWIDTH 154 0
DWIDTH 2 0
BBX 1 1 0 0
BITMAP
00
ENDCHAR
STARTCHAR uni0607
ENCODING 1543
SWIDTH 154 0
DWIDTH 2 0
BBX 1 1 0 0
BITMAP
00
ENDCHAR
STARTCHAR uni0608
ENCODING 1544
SWIDTH 154 0
DWIDTH 2 0
BBX 1 1 0 0
BITMAP
00
ENDCHAR
STARTCHAR uni0609
ENCODING 1545
SWIDTH 154 0
DWIDTH 2 0
BBX 1 1 0 0
BITMAP
00
ENDCHAR
STARTCHAR uni060A
ENCODING 1546
SWIDTH 154 0
DWIDTH 2 0
BBX 1 1 0 0
BITMAP
00
ENDCHAR
STARTCHAR uni060B
ENCODING 1547
SWIDTH 154 0
DWIDTH 2 0
BBX 1 1 0 0
BITMAP
00
ENDCHAR
STARTCHAR uni060C
ENCODING 1548
SWIDTH 154 0
DWIDTH 2 0
BBX 1 1 0 0
BITMAP
00
ENDCHAR
STARTCHAR uni060D
ENCODING 1549
SWIDTH 154 0
DWIDTH 2 0
BBX 1 1 0 0
BITMAP
00
ENDCHAR
STARTCHAR uni060E
ENCODING 1550
SWIDTH 154 0
DWIDTH 2 0
BBX 1 1 0 0
BITMAP
00
ENDCHAR
STARTCHAR uni060F
ENCODING 1551
SWIDTH 154 0
DWIDTH 2 0
BBX 1 1 0 0
BITMAP
00
ENDCHAR
STARTCHAR uni0610
ENCODING 1552
SWIDTH 154 0
DWIDTH 2 0
BBX 1 1 0 0
BITMAP
00
ENDCHAR
STARTCHAR uni0611
ENCODING 1553
SWIDTH 154 0
DWIDTH 2 0
BBX 1 1 0 0
BITMAP
00
ENDCHAR
STARTCHAR uni0612
ENCODING 1554
SWIDTH 154 0
DWIDTH 2 0
BBX 1 1 0 0
BITMAP
00
ENDCHAR
STARTCHAR uni0613
ENCODING 1555
SWIDTH 154 0
DWIDTH 2 0
BBX 1 1 0 0
BITMAP
00
ENDCHAR
STARTCHAR uni0614
ENCODING 1556
SWIDTH 154 0
DWIDTH 2 0
BBX 1 1 0 0
BITMAP
00
ENDCHAR
STARTCHAR uni0615
ENCODING 1557
SWIDTH 154 0
DWIDTH 2 0
BBX 1 1 0 0
BITMAP
00
ENDCHAR
STARTCHAR uni0616
ENCODING 1558
SWIDTH 154 0
DWIDTH 2 0
BBX 1 1 0 0
BITMAP
00
ENDCHAR
STARTCHAR uni0617
ENCODING 1559
SWIDTH 154 0
DWIDTH 2 0
BBX 1 1 0 0
BITMAP
00
ENDCHAR
STARTCHAR uni0618
ENCODING 1560
SWIDTH 154 0
DWIDTH 2 0
BBX 1 1 0 0
BITMAP
00
ENDCHAR
STARTCHAR uni0619
ENCODING 1561
SWIDTH 154 0
DWIDTH 2 0
BBX 1 1 0 0
BITMAP
00
ENDCHAR
STARTCHAR uni061A
ENCODING 1562
SWIDTH 154 0
DWIDTH 2 0
BBX 1 1 0 0
BITMAP
00
ENDCHAR
STARTCHAR uni061B
ENCODING 1563
SWIDTH 154 0
DWIDTH 2 0
BBX 1 1 0 0
BITMAP
00
ENDCHAR
STARTCHAR uni061C
ENCODING 1564
SWIDTH 154 0
DWIDTH 2 0
BBX 1 1 0 0
BITMAP
00
ENDCHAR
STARTCHAR uni061D
ENCODING 1565
SWIDTH 154 0
DWIDTH 2 0
BBX 1 1 0 0
BITMAP
00
ENDCHAR
STARTCHAR uni061E
ENCODING 1566
SWIDTH 154 0
DWIDTH 2 0
BBX 1 1 0 0
BITMAP
00
ENDCHAR
STARTCHAR uni061F
ENCODING 1567
SWIDTH 154 0
DWIDTH 2 0
BBX 1 1 0 0
BITMAP
00
ENDCHAR
STARTCHAR uni0620
ENCODING 1568
SWIDTH 154 0
DWIDTH 2 0
BBX 1 1 0 0
BITMAP
00
ENDCHAR
STARTCHAR uni0621
ENCODING 1569
SWIDTH 154 0
DWIDTH 2 0
BBX 1 1 0 0
BITMAP
00
ENDCHAR
STARTCHAR uni0622
ENCODING 1570
SWIDTH 154 0
DWIDTH 2 0
BBX 1 1 0 0
BITMAP
00
ENDCHAR
STARTCHAR uni0623
ENCODING 1571
SWIDTH 154 0
DWIDTH 2 0
BBX 1 1 0 0
BITMAP
00
ENDCHAR
STARTCHAR uni0624
ENCODING 1572
SWIDTH 154 0
DWIDTH 2 0
BBX 1 1 0 0
BITMAP
00
ENDCHAR
STARTCHAR uni0625
ENCODING 1573
SWIDTH 154 0
DWIDTH 2 0
BBX 1 1 0 0
BITMAP
00
ENDCHAR
STARTCHAR uni0626
ENCODING 1574
SWIDTH 154 0
DWIDTH 2 0
BBX 1 1 0 0
BITMAP
00
ENDCHAR
STARTCHAR uni0627
ENCODING 1575
SWIDTH 154 0
DWIDTH 2 0
BBX 1 1 0 0
BITMAP
00
ENDCHAR
STARTCHAR uni0628
ENCODING 1576
SWIDTH 154 0
DWIDTH 2 0
BBX 1 1 0 0
BITMAP
00
ENDCHAR
STARTCHAR uni0629
ENCODING 1577
SWIDTH 154 0
DWIDTH 2 0
BBX 1 1 0 0
BITMAP
00
ENDCHAR
STARTCHAR uni062A
ENCODING 1578
SWIDTH 154 0
DWIDTH 2 0
BBX 1 1 0 0
BITMAP
00
ENDCHAR
STARTCHAR uni062B
ENCODING 1579
SWIDTH 154 0
DWIDTH 2 0
BBX 1 1 0 0
BITMAP
00
ENDCHAR
STARTCHAR uni062C
ENCODING 1580
SWIDTH 154 0
DWIDTH 2 0
BBX 1 1 0 0
BITMAP
00
ENDCHAR
STARTCHAR uni062D
ENCODING 1581
SWIDTH 154 0
DWIDTH 2 0
BBX 1 1 0 0
BITMAP
00
ENDCHAR
STARTCHAR uni062E
ENCODING 1582
SWIDTH 154 0
DWIDTH 2 0
BBX 1 1 0 0
BITMAP
00
ENDCHAR
STARTCHAR uni062F
ENCODING 1583
SWIDTH 154 0
DWIDTH 2 0
BBX 1 1 0 0
BITMAP
00
ENDCHAR
STARTCHAR uni0630
ENCODING 1584
SWIDTH 154 0
DWIDTH 2 0
BBX 1 1 0 0
BITMAP
00
ENDCHAR
STARTCHAR uni0631
ENCODING 1585
SWIDTH 154 0
DWIDTH 2 0
BBX 1 1 0 0
BITMAP
00
ENDCHAR
STARTCHAR uni0632
ENCODING 1586
SWIDTH 154 0
DWIDTH 2 0
BBX 1 1 0 0
BITMAP
00
ENDCHAR
STARTCHAR uni0633
ENCODING 1587
SWIDTH 154 0
DWIDTH 2 0
BBX 1 1 0 0
BITMAP
00
ENDCHAR
STARTCHAR uni0634
ENCODING 1588
SWIDTH 154 0
DWIDTH 2 0
BBX 1 1 0 0
BITMAP
00
ENDCHAR
STARTCHAR uni0635
ENCODING 1589
SWIDTH 154 0
DWIDTH 2 0
BBX 1 1 0 0
BITMAP
00
ENDCHAR
STARTCHAR uni0636
ENCODING 1590
SWIDTH 154 0
DWIDTH 2 0
BBX 1 1 0 0
BITMAP
00
ENDCHAR
STARTCHAR uni0637
ENCODING 1591
SWIDTH 154 0
DWIDTH 2 0
BBX 1 1 0 0
BITMAP
00
ENDCHAR
STARTCHAR uni0638
ENCODING 1592
SWIDTH 154 0
DWIDTH 2 0
BBX 1 1 0 0
BITMAP
00
ENDCHAR
STARTCHAR uni0639
ENCODING 1593
SWIDTH 154 0
DWIDTH 2 0
BBX 1 1 0 0
BITMAP
00
ENDCHAR
STARTCHAR uni063A
ENCODING 1594
SWIDTH 154 0
DWIDTH 2 0
BBX 1 1 0 0
BITMAP
00
ENDCHAR
STARTCHAR uni063B
ENCODING 1595
SWIDTH 154 0
DWIDTH 2 0
BBX 1 1 0 0
BITMAP
00
ENDCHAR
STARTCHAR uni063C
ENCODING 1596
SWIDTH 154 0
DWIDTH 2 0
BBX 1 1 0 0
BITMAP
00
ENDCHAR
STARTCHAR uni063D
ENCODING 1597
SWIDTH 154 0
DWIDTH 2 0
BBX 1 1 0 0
BITMAP
00
ENDCHAR
STARTCHAR uni063E
ENCODING 1598
SWIDTH 154 0
DWIDTH 2 0
BBX 1 1 0 0
BITMAP
00
ENDCHAR
STARTCHAR uni063F
ENCODING 1599
SWIDTH 154 0
DWIDTH 2 0
BBX 1 1 0 0
BITMAP
00
ENDCHAR
STARTCHAR uni0640
ENCODING 1600
SWIDTH 154 0
DWIDTH 2 0
BBX 1 1 0 0
BITMAP
00
ENDCHAR
STARTCHAR uni0641
ENCODING 1601
SWIDTH 154 0
DWIDTH 2 0
BBX 1 1 0 0
BITMAP
00
ENDCHAR
STARTCHAR uni0642
ENCODING 1602
SWIDTH 154 0
DWIDTH 2 0
BBX 1 1 0 0
BITMAP
00
ENDCHAR
STARTCHAR uni0643
ENCODING 1603
SWIDTH 154 0
DWIDTH 2 0
BBX 1 1 0 0
BITMAP
00
ENDCHAR
STARTCHAR uni0644
ENCODING 1604
SWIDTH 154 0
DWIDTH 2 0
BBX 1 1 0 0
BITMAP
00
ENDCHAR
STARTCHAR uni0645
ENCODING 1605
SWIDTH 154 0
DWIDTH 2 0
BBX 1 1 0 0
BITMAP
00
ENDCHAR
STARTCHAR uni0646
ENCODING 1606
SWIDTH 154 0
DWIDTH 2 0
BBX 1 1 0 0
BITMAP
00
ENDCHAR
STARTCHAR uni0647
ENCODING 1607
SWIDTH 154 0
DWIDTH 2 0
BBX 1 1 0 0
BITMAP
00
ENDCHAR
STARTCHAR uni0648
ENCODING 1608
SWIDTH 154 0
DWIDTH 2 0
BBX 1 1 0 0
BITMAP
00
ENDCHAR
STARTCHAR uni0649
ENCODING 1609
SWIDTH 154 0
DWIDTH 2 0
BBX 1 1 0 0
BITMAP
00
ENDCHAR
STARTCHAR uni064A
ENCODING 1610
SWIDTH 154 0
DWIDTH 2 0
BBX 1 1 0 0
BITMAP
00
ENDCHAR
STARTCHAR uni064B
ENCODING 1611
SWIDTH 154 0
DWIDTH 2 0
BBX 1 1 0 0
BITMAP
00
ENDCHAR
STARTCHAR uni064C
ENCODING 1612
SWIDTH 154 0
DWIDTH 2 0
BBX 1 1 0 0
BITMAP
00
ENDCHAR
STARTCHAR uni064D
ENCODING 1613
SWIDTH 154 0
DWIDTH 2 0
BBX 1 1 0 0
BITMAP
00
ENDCHAR
STARTCHAR uni064E
ENCODING 1614
SWIDTH 154 0
DWIDTH 2 0
BBX 1 1 0 0
BITMAP
00
ENDCHAR
STARTCHAR uni064F
ENCODING 1615
SWIDTH 154 0
DWIDTH 2 0
BBX 1 1 0 0
BITMAP
00
ENDCHAR
STARTCHAR uni0650
ENCODING 1616
SWIDTH 154 0
DWIDTH 2 0
BBX 1 1 0 0
BITMAP
00
ENDCHAR
STARTCHAR uni0651
ENCODING 1617
SWIDTH 154 0
DWIDTH 2 0
BBX 1 1 0 0
BITMAP
00
ENDCHAR
STARTCHAR uni0652
ENCODING 1618
SWIDTH 154 0
DWIDTH 2 0
BBX 1 1 0 0
BITMAP
00
ENDCHAR
STARTCHAR uni0653
ENCODING 1619
SWIDTH 154 0
DWIDTH 2 0
BBX 1 1 0 0
BITMAP
00
ENDCHAR
STARTCHAR uni0654
ENCODING 1620
SWIDTH 154 0
DWIDTH 2 0
BBX 1 1 0 0
BITMAP
00
ENDCHAR
STARTCHAR uni0655
ENCODING 1621
SWIDTH 154 0
DWIDTH 2 0
BBX 1 1 0 0
BITMAP
00
ENDCHAR
STARTCHAR uni0656
ENCODING 1622
SWIDTH 154 0
DWIDTH 2 0
BBX 1 1 0 0
BITMAP
00
ENDCHAR
STARTCHAR uni0657
ENCODING 1623
SWIDTH 154 0
DWIDTH 2 0
BBX 1 1 0 0
BITMAP
00
ENDCHAR
STARTCHAR uni0658
ENCODING 1624
SWIDTH 154 0
DWIDTH 2 0
BBX 1 1 0 0
BITMAP
00
ENDCHAR
STARTCHAR uni0659
ENCODING 1625
SWIDTH 154 0
DWIDTH 2 0
BBX 1 1 0 0
BITMAP
00
ENDCHAR
STARTCHAR uni065A
ENCODING 1626
SWIDTH 154 0
DWIDTH 2 0
BBX 1 1 0 0
BITMAP
00
ENDCHAR
STARTCHAR uni065B
ENCODING 1627
SWIDTH 154 0
DWIDTH 2 0
BBX 1 1 0 0
BITMAP
00
ENDCHAR
STARTCHAR uni065C
ENCODING 1628
SWIDTH 154 0
DWIDTH 2 0
BBX 1 1 0 0
BITMAP
00
ENDCHAR
STARTCHAR uni065D
ENCODING 1629
SWIDTH 154 0
DWIDTH 2 0
BBX 1 1 0 0
BITMAP
00
ENDCHAR
STARTCHAR uni065E
ENCODING 1630
SWIDTH 154 0
DWIDTH 2 0
BBX 1 1 0 0
BITMAP
00
ENDCHAR
STARTCHAR uni065F
ENCODING 1631
SWIDTH 154 0
DWIDTH 2 0
BBX 1 1 0 0
BITMAP
00
ENDCHAR
STARTCHAR uni0660
ENCODING 1632
SWIDTH 154 0
DWIDTH 2 0
BBX 1 1 0 0
BITMAP
00
ENDCHAR
STARTCHAR uni0661
ENCODING 1633
SWIDTH 154 0
DWIDTH 2 0
BBX 1 1 0 0
BITMAP
00
ENDCHAR
STARTCHAR uni0662
ENCODING 1634
SWIDTH 154 0
DWIDTH 2 0
BBX 1 1 0 0
BITMAP
00
ENDCHAR
STARTCHAR uni0663
ENCODING 1635
SWIDTH 154 0
DWIDTH 2 0
BBX 1 1 0 0
BITMAP
00
ENDCHAR
STARTCHAR uni0664
ENCODING 1636
SWIDTH 154 0
DWIDTH 2 0
BBX 1 1 0 0
BITMAP
00
ENDCHAR
STARTCHAR uni0665
ENCODING 1637
SWIDTH 154 0
DWIDTH 2 0
BBX 1 1 0 0
BITMAP
00
ENDCHAR
STARTCHAR uni0666
ENCODING 1638
SWIDTH 154 0
DWIDTH 2 0
BBX 1 1 0 0
BITMAP
00
ENDCHAR
STARTCHAR uni0667
ENCODING 1639
SWIDTH 154 0
DWIDTH 2 0
BBX 1 1 0 0
BITMAP
00
ENDCHAR
STARTCHAR uni0668
ENCODING 1640
SWIDTH 154 0
DWIDTH 2 0
BBX 1 1 0 0
BITMAP
00
ENDCHAR
STARTCHAR uni0669
ENCODING 1641
SWIDTH 154 0
DWIDTH 2 0
BBX 1 1 0 0
BITMAP
00
ENDCHAR
STARTCHAR uni066A
ENCODING 1642
SWIDTH 154 0
DWIDTH 2 0
BBX 1 1 0 0
BITMAP
00
ENDCHAR
STARTCHAR uni066B
ENCODING 1643
SWIDTH 154 0
DWIDTH 2 0
BBX 1 1 0 0
BITMAP
00
ENDCHAR
STARTCHAR uni066C
ENCODING 1644
SWIDTH 154 0
DWIDTH 2 0
BBX 1 1 0 0
BITMAP
00
ENDCHAR
STARTCHAR uni066D
ENCODING 1645
SWIDTH 154 0
DWIDTH 2 0
BBX 1 1 0 0
BITMAP
00
ENDCHAR
STARTCHAR uni066E
ENCODING 1646
SWIDTH 154 0
DWIDTH 2 0
BBX 1 1 0 0
BITMAP
00
ENDCHAR
STARTCHAR uni066F
ENCODING 1647
SWIDTH 154 0
DWIDTH 2 0
BBX 1 1 0 0
BITMAP
00
ENDCHAR
STARTCHAR uni0670
ENCODING 1648
SWIDTH 154 0
DWIDTH 2 0
BBX 1 1 0 0
BITMAP
00
ENDCHAR
STARTCHAR uni0671
ENCODING 1649
SWIDTH 154 0
DWIDTH 2 0
BBX 1 1 0 0
BITMAP
00
ENDCHAR
STARTCHAR uni0672
ENCODING 1650
SWIDTH 154 0
DWIDTH 2 0
BBX 1 1 0 0
BITMAP
00
ENDCHAR
STARTCHAR uni0673
ENCODING 1651
SWIDTH 154 0
DWIDTH 2 0
BBX 1 1 0 0
BITMAP
00
ENDCHAR
STARTCHAR uni0674
ENCODING 1652
SWIDTH 154 0
DWIDTH 2 0
BBX 1 1 0 0
BITMAP
00
ENDCHAR
STARTCHAR uni0675
ENCODING 1653
SWIDTH 154 0
DWIDTH 2 0
BBX 1 1 0 0
BITMAP
00
ENDCHAR
STARTCHAR uni0676
ENCODING 1654
SWIDTH 154 0
DWIDTH 2 0
BBX 1 1 0 0
BITMAP
00
ENDCHAR
STARTCHAR uni0677
ENCODING 1655
SWIDTH 154 0
DWIDTH 2 0
BBX 1 1 0 0
BITMAP
00
ENDCHAR
STARTCHAR uni0678
ENCODING 1656
SWIDTH 154 0
DWIDTH 2 0
BBX 1 1 0 0
BITMAP
00
ENDCHAR
STARTCHAR uni0679
ENCODING 1657
SWIDTH 154 0
DWIDTH 2 0
BBX 1 1 0 0
BITMAP
00
ENDCHAR
STARTCHAR uni067A
ENCODING 1658
SWIDTH 154 0
DWIDTH 2 0
BBX 1 1 0 0
BITMAP
00
ENDCHAR
STARTCHAR uni067B
ENCODING 1659
SWIDTH 154 0
DWIDTH 2 0
BBX 1 1 0 0
BITMAP
00
ENDCHAR
STARTCHAR uni067C
ENCODING 1660
SWIDTH 154 0
DWIDTH 2 0
BBX 1 1 0 0
BITMAP
00
ENDCHAR
STARTCHAR uni067D
ENCODING 1661
SWIDTH 154 0
DWIDTH 2 0
BBX 1 1 0 0
BITMAP
00
ENDCHAR
STARTCHAR uni067E
ENCODING 1662
SWIDTH 154 0
DWIDTH 2 0
BBX 1 1 0 0
BITMAP
00
ENDCHAR
STARTCHAR uni067F
ENCODING 1663
SWIDTH 154 0
DWIDTH 2 0
BBX 1 1 0 0
BITMAP
00
ENDCHAR
STARTCHAR uni0680
ENCODING 1664
SWIDTH 154 0
DWIDTH 2 0
BBX 1 1 0 0
BITMAP
00
ENDCHAR
STARTCHAR uni0681
ENCODING 1665
SWIDTH 154 0
DWIDTH 2 0
BBX 1 1 0 0
BITMAP
00
ENDCHAR
STARTCHAR uni0682
ENCODING 1666
SWIDTH 154 0
DWIDTH 2 0
BBX 1 1 0 0
BITMAP
00
ENDCHAR
STARTCHAR uni0683
ENCODING 1667
SWIDTH 154 0
DWIDTH 2 0
BBX 1 1 0 0
BITMAP
00
ENDCHAR
STARTCHAR uni0684
ENCODING 1668
SWIDTH 154 0
DWIDTH 2 0
BBX 1 1 0 0
BITMAP
00
ENDCHAR
STARTCHAR uni0685
ENCODING 1669
SWIDTH 154 0
DWIDTH 2 0
BBX 1 1 0 0
BITMAP
00
ENDCHAR
STARTCHAR uni0686
ENCODING 1670
SWIDTH 154 0
DWIDTH 2 0
BBX 1 1 0 0
BITMAP
00
ENDCHAR
STARTCHAR uni0687
ENCODING 1671
SWIDTH 154 0
DWIDTH 2 0
BBX 1 1 0 0
BITMAP
00
ENDCHAR
STARTCHAR uni0688
ENCODING 1672
SWIDTH 154 0
DWIDTH 2 0
BBX 1 1 0 0
BITMAP
00
ENDCHAR
STARTCHAR uni0689
ENCODING 1673
SWIDTH 154 0
DWIDTH 2 0
BBX 1 1 0 0
BITMAP
00
ENDCHAR
STARTCHAR uni068A
ENCODING 1674
SWIDTH 154 0
DWIDTH 2 0
BBX 1 1 0 0
BITMAP
00
ENDCHAR
STARTCHAR uni068B
ENCODING 1675
SWIDTH 154 0
DWIDTH 2 0
BBX 1 1 0 0
BITMAP
00
ENDCHAR
STARTCHAR uni068C
ENCODING 1676
SWIDTH 154 0
DWIDTH 2 0
BBX 1 1 0 0
BITMAP
00
ENDCHAR
STARTCHAR uni068D
ENCODING 1677
SWIDTH 154 0
DWIDTH 2 0
BBX 1 1 0 0
BITMAP
00
ENDCHAR
STARTCHAR uni068E
ENCODING 1678
SWIDTH 154 0
DWIDTH 2 0
BBX 1 1 0 0
BITMAP
00
ENDCHAR
STARTCHAR uni068F
ENCODING 1679
SWIDTH 154 0
DWIDTH 2 0
BBX 1 1 0 0
BITMAP
00
ENDCHAR
STARTCHAR uni0690
ENCODING 1680
SWIDTH 154 0
DWIDTH 2 0
BBX 1 1 0 0
BITMAP
00
ENDCHAR
STARTCHAR uni0691
ENCODING 1681
SWIDTH 154 0
DWIDTH 2 0
BBX 1 1 0 0
BITMAP
00
ENDCHAR
STARTCHAR uni0692
ENCODING 1682
SWIDTH 154 0
DWIDTH 2 0
BBX 1 1 0 0
BITMAP
00
ENDCHAR
STARTCHAR uni0693
ENCODING 1683
SWIDTH 154 0
DWIDTH 2 0
BBX 1 1 0 0
BITMAP
00
ENDCHAR
STARTCHAR uni0694
ENCODING 1684
SWIDTH 154 0
DWIDTH 2 0
BBX 1 1 0 0
BITMAP
00
ENDCHAR
STARTCHAR uni0695
ENCODING 1685
SWIDTH 154 0
DWIDTH 2 0
BBX 1 1 0 0
BITMAP
00
ENDCHAR
STARTCHAR uni0696
ENCODING 1686
SWIDTH 154 0
DWIDTH 2 0
BBX 1 1 0 0
BITMAP
00
ENDCHAR
STARTCHAR uni0697
ENCODING 1687
SWIDTH 154 0
DWIDTH 2 0
BBX 1 1 0 0
BITMAP
00
ENDCHAR
STARTCHAR uni0698
ENCODING 1688
SWIDTH 154 0
DWIDTH 2 0
BBX 1 1 0 0
BITMAP
00
ENDCHAR
STARTCHAR uni0699
ENCODING 1689
SWIDTH 154 0
DWIDTH 2 0
BBX 1 1 0 0
BITMAP
00
ENDCHAR
STARTCHAR uni069A
ENCODING 1690
SWIDTH 154 0
DWIDTH 2 0
BBX 1 1 0 0
BITMAP
00
ENDCHAR
STARTCHAR uni069B
ENCODING 1691
SWIDTH 154 0
DWIDTH 2 0
BBX 1 1 0 0
BITMAP
00
ENDCHAR
STARTCHAR uni069C
ENCODING 1692
SWIDTH 154 0
DWIDTH 2 0
BBX 1 1 0 0
BITMAP
00
ENDCHAR
STARTCHAR uni069D
ENCODING 1693
SWIDTH 154 0
DWIDTH 2 0
BBX 1 1 0 0
BITMAP
00
ENDCHAR
STARTCHAR uni069E
ENCODING 1694
SWIDTH 154 0
DWIDTH 2 0
BBX 1 1 0 0
BITMAP
00
ENDCHAR
STARTCHAR uni069F
ENCODING 1695
SWIDTH 154 0
DWIDTH 2 0
BBX 1 1 0 0
BITMAP
00
ENDCHAR
STARTCHAR uni06A0
ENCODING 1696
SWIDTH 154 0
DWIDTH 2 0
BBX 1 1 0 0
BITMAP
00
ENDCHAR
STARTCHAR uni06A1
ENCODING 1697
SWIDTH 154 0
DWIDTH 2 0
BBX 1 1 0 0
BITMAP
00
ENDCHAR
STARTCHAR uni06A2
ENCODING 1698
SWIDTH 154 0
DWIDTH 2 0
BBX 1 1 0 0
BITMAP
00
ENDCHAR
STARTCHAR uni06A3
ENCODING 1699
SWIDTH 154 0
DWIDTH 2 0
BBX 1 1 0 0
BITMAP
00
ENDCHAR
STARTCHAR uni06A4
ENCODING 1700
SWIDTH 154 0
DWIDTH 2 0
BBX 1 1 0 0
BITMAP
00
ENDCHAR
STARTCHAR uni06A5
ENCODING 1701
SWIDTH 154 0
DWIDTH 2 0
BBX 1 1 0 0
BITMAP
00
ENDCHAR
STARTCHAR uni06A6
ENCODING 1702
SWIDTH 154 0
DWIDTH 2 0
BBX 1 1 0 0
BITMAP
00
ENDCHAR
STARTCHAR uni06A7
ENCODING 1703
SWIDTH 154 0
DWIDTH 2 0
BBX 1 1 0 0
BITMAP
00
ENDCHAR
STARTCHAR uni06A8
ENCODING 1704
SWIDTH 154 0
DWIDTH 2 0
BBX 1 1 0 0
BITMAP
00
ENDCHAR
STARTCHAR uni06A9
ENCODING 1705
SWIDTH 154 0
DWIDTH 2 0
BBX 1 1 0 0
BITMAP
00
ENDCHAR
STARTCHAR uni06AA
ENCODING 1706
SWIDTH 154 0
DWIDTH 2 0
BBX 1 1 0 0
BITMAP
00
ENDCHAR
STARTCHAR uni06AB
ENCODING 1707
SWIDTH 154 0
DWIDTH 2 0
BBX 1 1 0 0
BITMAP
00
ENDCHAR
STARTCHAR uni06AC
ENCODING 1708
SWIDTH 154 0
DWIDTH 2 0
BBX 1 1 0 0
BITMAP
00
ENDCHAR
STARTCHAR uni06AD
ENCODING 1709
SWIDTH 154 0
DWIDTH 2 0
BBX 1 1 0 0
BITMAP
00
ENDCHAR
STARTCHAR uni06AE
ENCODING 1710
SWIDTH 154 0
DWIDTH 2 0
BBX 1 1 0 0
BITMAP
00
ENDCHAR
STARTCHAR uni06AF
ENCODING 1711
SWIDTH 154 0
DWIDTH 2 0
BBX 1 1 0 0
BITMAP
00
ENDCHAR
STARTCHAR uni06B0
ENCODING 1712
SWIDTH 154 0
DWIDTH 2 0
BBX 1 1 0 0
BITMAP
00
ENDCHAR
STARTCHAR uni06B1
ENCODING 1713
SWIDTH 154 0
DWIDTH 2 0
BBX 1 1 0 0
BITMAP
00
ENDCHAR
STARTCHAR uni06B2
ENCODING 1714
SWIDTH 154 0
DWIDTH 2 0
BBX 1 1 0 0
BITMAP
00
ENDCHAR
STARTCHAR uni06B3
ENCODING 1715
SWIDTH 154 0
DWIDTH 2 0
BBX 1 1 0 0
BITMAP
00
ENDCHAR
STARTCHAR uni06B4
ENCODING 1716
SWIDTH 154 0
DWIDTH 2 0
BBX 1 1 0 0
BITMAP
00
ENDCHAR
STARTCHAR uni06B5
ENCODING 1717
SWIDTH 154 0
DWIDTH 2 0
BBX 1 1 0 0
BITMAP
00
ENDCHAR
STARTCHAR uni06B6
ENCODING 1718
SWIDTH 154 0
DWIDTH 2 0
BBX 1 1 0 0
BITMAP
00
ENDCHAR
STARTCHAR uni06B7
ENCODING 1719
SWIDTH 154 0
DWIDTH 2 0
BBX 1 1 0 0
BITMAP
00
ENDCHAR
STARTCHAR uni06B8
ENCODING 1720
SWIDTH 154 0
DWIDTH 2 0
BBX 1 1 0 0
BITMAP
00
ENDCHAR
STARTCHAR uni06B9
ENCODING 1721
SWIDTH 154 0
DWIDTH 2 0
BBX 1 1 0 0
BITMAP
00
ENDCHAR
STARTCHAR uni06BA
ENCODING 1722
SWIDTH 154 0
DWIDTH 2 0
BBX 1 1 0 0
BITMAP
00
ENDCHAR
STARTCHAR uni06BB
ENCODING 1723
SWIDTH 154 0
DWIDTH 2 0
BBX 1 1 0 0
BITMAP
00
ENDCHAR
STARTCHAR uni06BC
ENCODING 1724
SWIDTH 154 0
DWIDTH 2 0
BBX 1 1 0 0
BITMAP
00
ENDCHAR
STARTCHAR uni06BD
ENCODING 1725
SWIDTH 154 0
DWIDTH 2 0
BBX 1 1 0 0
BITMAP
00
ENDCHAR
STARTCHAR uni06BE
ENCODING 1726
SWIDTH 154 0
DWIDTH 2 0
BBX 1 1 0 0
BITMAP
00
ENDCHAR
STARTCHAR uni06BF
ENCODING 1727
SWIDTH 154 0
DWIDTH 2 0
BBX 1 1 0 0
BITMAP
00
ENDCHAR
STARTCHAR uni06C0
ENCODING 1728
SWIDTH 154 0
DWIDTH 2 0
BBX 1 1 0 0
BITMAP
00
ENDCHAR
STARTCHAR uni06C1
ENCODING 1729
SWIDTH 154 0
DWIDTH 2 0
BBX 1 1 0 0
BITMAP
00
ENDCHAR
STARTCHAR uni06C2
ENCODING 1730
SWIDTH 154 0
DWIDTH 2 0
BBX 1 1 0 0
BITMAP
00
ENDCHAR
STARTCHAR uni06C3
ENCODING 1731
SWIDTH 154 0
DWIDTH 2 0
BBX 1 1 0 0
BITMAP
00
ENDCHAR
STARTCHAR uni06C4
ENCODING 1732
SWIDTH 154 0
DWIDTH 2 0
BBX 1 1 0 0
BITMAP
00
ENDCHAR
STARTCHAR uni06C5
ENCODING 1733
SWIDTH 154 0
DWIDTH 2 0
BBX 1 1 0 0
BITMAP
00
ENDCHAR
STARTCHAR uni06C6
ENCODING 1734
SWIDTH 154 0
DWIDTH 2 0
BBX 1 1 0 0
BITMAP
00
ENDCHAR
STARTCHAR uni06C7
ENCODING 1735
SWIDTH 154 0
DWIDTH 2 0
BBX 1 1 0 0
BITMAP
00
ENDCHAR
STARTCHAR uni06C8
ENCODING 1736
SWIDTH 154 0
DWIDTH 2 0
BBX 1 1 0 0
BITMAP
00
ENDCHAR
STARTCHAR uni06C9
ENCODING 1737
SWIDTH 154 0
DWIDTH 2 0
BBX 1 1 0 0
BITMAP
00
ENDCHAR
STARTCHAR uni06CA
ENCODING 1738
SWIDTH 154 0
DWIDTH 2 0
BBX 1 1 0 0
BITMAP
00
ENDCHAR
STARTCHAR uni06CB
ENCODING 1739
SWIDTH 154 0
DWIDTH 2 0
BBX 1 1 0 0
BITMAP
00
ENDCHAR
STARTCHAR uni06CC
ENCODING 1740
SWIDTH 154 0
DWIDTH 2 0
BBX 1 1 0 0
BITMAP
00
ENDCHAR
STARTCHAR uni06CD
ENCODING 1741
SWIDTH 154 0
DWIDTH 2 0
BBX 1 1 0 0
BITMAP
00
ENDCHAR
STARTCHAR uni06CE
ENCODING 1742
SWIDTH 154 0
DWIDTH 2 0
BBX 1 1 0 0
BITMAP
00
ENDCHAR
STARTCHAR uni06CF
ENCODING 1743
SWIDTH 154 0
DWIDTH 2 0
BBX 1 1 0 0
BITMAP
00
ENDCHAR
STARTCHAR uni06D0
ENCODING 1744
SWIDTH 154 0
DWIDTH 2 0
BBX 1 1 0 0
BITMAP
00
ENDCHAR
STARTCHAR uni06D1
ENCODING 1745
SWIDTH 154 0
DWIDTH 2 0
BBX 1 1 0 0
BITMAP
00
ENDCHAR
STARTCHAR uni06D2
ENCODING 1746
SWIDTH 154 0
DWIDTH 2 0
BBX 1 1 0 0
BITMAP
00
ENDCHAR
STARTCHAR uni06D3
ENCODING 1747
SWIDTH 154 0
DWIDTH 2 0
BBX 1 1 0 0
BITMAP
00
ENDCHAR
STARTCHAR uni06D4
ENCODING 1748
SWIDTH 154 0
DWIDTH 2 0
BBX 1 1 0 0
BITMAP
00
ENDCHAR
STARTCHAR uni06D5
ENCODING 1749
SWIDTH 154 0
DWIDTH 2 0
BBX 1 1 0 0
BITMAP
00
ENDCHAR
STARTCHAR uni06D6
ENCODING 1750
SWIDTH 154 0
DWIDTH 2 0
BBX 1 1 0 0
BITMAP
00
ENDCHAR
STARTCHAR uni06D7
ENCODING 1751
SWIDTH 154 0
DWIDTH 2 0
BBX 1 1 0 0
BITMAP
00
ENDCHAR
STARTCHAR uni06D8
ENCODING 1752
SWIDTH 154 0
DWIDTH 2 0
BBX 1 1 0 0
BITMAP
00
ENDCHAR
STARTCHAR uni06D9
ENCODING 1753
SWIDTH 154 0
DWIDTH 2 0
BBX 1 1 0 0
BITMAP
00
ENDCHAR
STARTCHAR uni06DA
ENCODING 1754
SWIDTH 154 0
DWIDTH 2 0
BBX 1 1 0 0
BITMAP
00
ENDCHAR
STARTCHAR uni06DB
ENCODING 1755
SWIDTH 154 0
DWIDTH 2 0
BBX 1 1 0 0
BITMAP
00
ENDCHAR
STARTCHAR uni06DC
ENCODING 1756
SWIDTH 154 0
DWIDTH 2 0
BBX 1 1 0 0
BITMAP
00
ENDCHAR
STARTCHAR uni06DD
ENCODING 1757
SWIDTH 154 0
DWIDTH 2 0
BBX 1 1 0 0
BITMAP
00
ENDCHAR
STARTCHAR uni06DE
ENCODING 1758
SWIDTH 154 0
DWIDTH 2 0
BBX 1 1 0 0
BITMAP
00
ENDCHAR
STARTCHAR uni06DF
ENCODING 1759
SWIDTH 154 0
DWIDTH 2 0
BBX 1 1 0 0
BITMAP
00
ENDCHAR
STARTCHAR uni06E0
ENCODING 1760
SWIDTH 154 0
DWIDTH 2 0
BBX 1 1 0 0
BITMAP
00
ENDCHAR
STARTCHAR uni06E1
ENCODING 1761
SWIDTH 154 0
DWIDTH 2 0
BBX 1 1 0 0
BITMAP
00
ENDCHAR
STARTCHAR uni06E2
ENCODING 1762
SWIDTH 154 0
DWIDTH 2 0
BBX 1 1 0 0
BITMAP
00
ENDCHAR
STARTCHAR uni06E3
ENCODING 1763
SWIDTH 154 0
DWIDTH 2 0
BBX 1 1 0 0
BITMAP
00
ENDCHAR
STARTCHAR uni06E4
ENCODING 1764
SWIDTH 154 0
DWIDTH 2 0
BBX 1 1 0 0
BITMAP
00
ENDCHAR
STARTCHAR uni06E5
ENCODING 1765
SWIDTH 154 0
DWIDTH 2 0
BBX 1 1 0 0
BITMAP
00
ENDCHAR
STARTCHAR uni06E6
ENCODING 1766
SWIDTH 154 0
DWIDTH 2 0
BBX 1 1 0 0
BITMAP
00
ENDCHAR
STARTCHAR uni06E7
ENCODING 1767
SWIDTH 154 0
DWIDTH 2 0
BBX 1 1 0 0
BITMAP
00
ENDCHAR
STARTCHAR uni06E8
ENCODING 1768
SWIDTH 154 0
DWIDTH 2 0
BBX 1 1 0 0
BITMAP
00
ENDCHAR
STARTCHAR uni06E9
ENCODING 1769
SWIDTH 154 0
DWIDTH 2 0
BBX 1 1 0 0
BITMAP
00
ENDCHAR
STARTCHAR uni06EA
ENCODING 1770
SWIDTH 154 0
DWIDTH 2 0
BBX 1 1 0 0
BITMAP
00
ENDCHAR
STARTCHAR uni06EB
ENCODING 1771
SWIDTH 154 0
DWIDTH 2 0
BBX 1 1 0 0
BITMAP
00
ENDCHAR
STARTCHAR uni06EC
ENCODING 1772
SWIDTH 154 0
DWIDTH 2 0
BBX 1 1 0 0
BITMAP
00
ENDCHAR
STARTCHAR uni06ED
ENCODING 1773
SWIDTH 154 0
DWIDTH 2 0
BBX 1 1 0 0
BITMAP
00
ENDCHAR
STARTCHAR uni06EE
ENCODING 1774
SWIDTH 154 0
DWIDTH 2 0
BBX 1 1 0 0
BITMAP
00
ENDCHAR
STARTCHAR uni06EF
ENCODING 1775
SWIDTH 154 0
DWIDTH 2 0
BBX 1 1 0 0
BITMAP
00
ENDCHAR
STARTCHAR uni06F0
ENCODING 1776
SWIDTH 154 0
DWIDTH 2 0
BBX 1 1 0 0
BITMAP
00
ENDCHAR
STARTCHAR uni06F1
ENCODING 1777
SWIDTH 154 0
DWIDTH 2 0
BBX 1 1 0 0
BITMAP
00
ENDCHAR
STARTCHAR uni06F2
ENCODING 1778
SWIDTH 154 0
DWIDTH 2 0
BBX 1 1 0 0
BITMAP
00
ENDCHAR
STARTCHAR uni06F3
ENCODING 1779
SWIDTH 154 0
DWIDTH 2 0
BBX 1 1 0 0
BITMAP
00
ENDCHAR
STARTCHAR uni06F4
ENCODING 1780
SWIDTH 154 0
DWIDTH 2 0
BBX 1 1 0 0
BITMAP
00
ENDCHAR
STARTCHAR uni06F5
ENCODING 1781
SWIDTH 154 0
DWIDTH 2 0
BBX 1 1 0 0
BITMAP
00
ENDCHAR
STARTCHAR uni06F6
ENCODING 1782
SWIDTH 154 0
DWIDTH 2 0
BBX 1 1 0 0
BITMAP
00
ENDCHAR
STARTCHAR uni06F7
ENCODING 1783
SWIDTH 154 0
DWIDTH 2 0
BBX 1 1 0 0
BITMAP
00
ENDCHAR
STARTCHAR uni06F8
ENCODING 1784
SWIDTH 154 0
DWIDTH 2 0
BBX 1 1 0 0
BITMAP
00
ENDCHAR
STARTCHAR uni06F9
ENCODING 1785
SWIDTH 154 0
DWIDTH 2 0
BBX 1 1 0 0
BITMAP
00
ENDCHAR
STARTCHAR uni06FA
ENCODING 1786
SWIDTH 154 0
DWIDTH 2 0
BBX 1 1 0 0
BITMAP
00
ENDCHAR
STARTCHAR uni06FB
ENCODING 1787
SWIDTH 154 0
DWIDTH 2 0
BBX 1 1 0 0
BITMAP
00
ENDCHAR
STARTCHAR uni06FC
ENCODING 1788
SWIDTH 154 0
DWIDTH 2 0
BBX 1 1 0 0
BITMAP
00
ENDCHAR
STARTCHAR uni06FD
ENCODING 1789
SWIDTH 154 0
DWIDTH 2 0
BBX 1 1 0 0
BITMAP
00
ENDCHAR
STARTCHAR uni06FE
ENCODING 1790
SWIDTH 154 0
DWIDTH 2 0
BBX 1 1 0 0
BITMAP
00
ENDCHAR
STARTCHAR uni06FF
ENCODING 1791
SWIDTH 154 0
DWIDTH 2 0
BBX 1 1 0 0
BITMAP
00
ENDCHAR
STARTCHAR uni0700
ENCODING 1792
SWIDTH 154 0
DWIDTH 2 0
BBX 1 1 0 0
BITMAP
00
ENDCHAR
STARTCHAR uni0701
ENCODING 1793
SWIDTH 154 0
DWIDTH 2 0
BBX 1 1 0 0
BITMAP
00
ENDCHAR
STARTCHAR uni0702
ENCODING 1794
SWIDTH 154 0
DWIDTH 2 0
BBX 1 1 0 0
BITMAP
00
ENDCHAR
STARTCHAR uni0703
ENCODING 1795
SWIDTH 154 0
DWIDTH 2 0
BBX 1 1 0 0
BITMAP
00
ENDCHAR
STARTCHAR uni0704
ENCODING 1796
SWIDTH 154 0
DWIDTH 2 0
BBX 1 1 0 0
BITMAP
00
ENDCHAR
STARTCHAR uni0705
ENCODING 1797
SWIDTH 154 0
DWIDTH 2 0
BBX 1 1 0 0
BITMAP
00
ENDCHAR
STARTCHAR uni0706
ENCODING 1798
SWIDTH 154 0
DWIDTH 2 0
BBX 1 1 0 0
BITMAP
00
ENDCHAR
STARTCHAR uni0707
ENCODING 1799
SWIDTH 154 0
DWIDTH 2 0
BBX 1 1 0 0
BITMAP
00
ENDCHAR
STARTCHAR uni0708
ENCODING 1800
SWIDTH 154 0
DWIDTH 2 0
BBX 1 1 0 0
BITMAP
00
ENDCHAR
STARTCHAR uni0709
ENCODING 1801
SWIDTH 154 0
DWIDTH 2 0
BBX 1 1 0 0
BITMAP
00
ENDCHAR
STARTCHAR uni070A
ENCODING 1802
SWIDTH 154 0
DWIDTH 2 0
BBX 1 1 0 0
BITMAP
00
ENDCHAR
STARTCHAR uni070B
ENCODING 1803
SWIDTH 154 0
DWIDTH 2 0
BBX 1 1 0 0
BITMAP
00
ENDCHAR
STARTCHAR uni070C
ENCODING 1804
SWIDTH 154 0
DWIDTH 2 0
BBX 1 1 0 0
BITMAP
00
ENDCHAR
STARTCHAR uni070D
ENCODING 1805
SWIDTH 154 0
DWIDTH 2 0
BBX 1 1 0 0
BITMAP
00
ENDCHAR
STARTCHAR uni070E
ENCODING 1806
SWIDTH 154 0
DWIDTH 2 0
BBX 1 1 0 0
BITMAP
00
ENDCHAR
STARTCHAR uni070F
ENCODING 1807
SWIDTH 154 0
DWIDTH 2 0
BBX 1 1 0 0
BITMAP
00
ENDCHAR
STARTCHAR uni0710
ENCODING 1808
SWIDTH 154 0
DWIDTH 2 0
BBX 1 1 0 0
BITMAP
00
ENDCHAR
STARTCHAR uni0711
ENCODING 1809
SWIDTH 154 0
DWIDTH 2 0
BBX 1 1 0 0
BITMAP
00
ENDCHAR
STARTCHAR uni0712
ENCODING 1810
SWIDTH 154 0
DWIDTH 2 0
BBX 1 1 0 0
BITMAP
00
ENDCHAR
STARTCHAR uni0713
ENCODING 1811
SWIDTH 154 0
DWIDTH 2 0
BBX 1 1 0 0
BITMAP
00
ENDCHAR
STARTCHAR uni0714
ENCODING 1812
SWIDTH 154 0
DWIDTH 2 0
BBX 1 1 0 0
BITMAP
00
ENDCHAR
STARTCHAR uni0715
ENCODING 1813
SWIDTH 154 0
DWIDTH 2 0
BBX 1 1 0 0
BITMAP
00
ENDCHAR
STARTCHAR uni0716
ENCODING 1814
SWIDTH 154 0
DWIDTH 2 0
BBX 1 1 0 0
BITMAP
00
ENDCHAR
STARTCHAR uni0717
ENCODING 1815
SWIDTH 154 0
DWIDTH 2 0
BBX 1 1 0 0
BITMAP
00
ENDCHAR
STARTCHAR uni0718
ENCODING 1816
SWIDTH 154 0
DWIDTH 2 0
BBX 1 1 0 0
BITMAP
00
ENDCHAR
STARTCHAR uni0719
ENCODING 1817
SWIDTH 154 0
DWIDTH 2 0
BBX 1 1 0 0
BITMAP
00
ENDCHAR
STARTCHAR uni071A
ENCODING 1818
SWIDTH 154 0
DWIDTH 2 0
BBX 1 1 0 0
BITMAP
00
ENDCHAR
STARTCHAR uni071B
ENCODING 1819
SWIDTH 154 0
DWIDTH 2 0
BBX 1 1 0 0
BITMAP
00
ENDCHAR
STARTCHAR uni071C
ENCODING 1820
SWIDTH 154 0
DWIDTH 2 0
BBX 1 1 0 0
BITMAP
00
ENDCHAR
STARTCHAR uni071D
ENCODING 1821
SWIDTH 154 0
DWIDTH 2 0
BBX 1 1 0 0
BITMAP
00
ENDCHAR
STARTCHAR uni071E
ENCODING 1822
SWIDTH 154 0
DWIDTH 2 0
BBX 1 1 0 0
BITMAP
00
ENDCHAR
STARTCHAR uni071F
ENCODING 1823
SWIDTH 154 0
DWIDTH 2 0
BBX 1 1 0 0
BITMAP
00
ENDCHAR
STARTCHAR uni0720
ENCODING 1824
SWIDTH 154 0
DWIDTH 2 0
BBX 1 1 0 0
BITMAP
00
ENDCHAR
STARTCHAR uni0721
ENCODING 1825
SWIDTH 154 0
DWIDTH 2 0
BBX 1 1 0 0
BITMAP
00
ENDCHAR
STARTCHAR uni0722
ENCODING 1826
SWIDTH 154 0
DWIDTH 2 0
BBX 1 1 0 0
BITMAP
00
ENDCHAR
STARTCHAR uni0723
ENCODING 1827
SWIDTH 154 0
DWIDTH 2 0
BBX 1 1 0 0
BITMAP
00
ENDCHAR
STARTCHAR uni0724
ENCODING 1828
SWIDTH 154 0
DWIDTH 2 0
BBX 1 1 0 0
BITMAP
00
ENDCHAR
STARTCHAR uni0725
ENCODING 1829
SWIDTH 154 0
DWIDTH 2 0
BBX 1 1 0 0
BITMAP
00
ENDCHAR
STARTCHAR uni0726
ENCODING 1830
SWIDTH 154 0
DWIDTH 2 0
BBX 1 1 0 0
BITMAP
00
ENDCHAR
STARTCHAR uni0727
ENCODING 1831
SWIDTH 154 0
DWIDTH 2 0
BBX 1 1 0 0
BITMAP
00
ENDCHAR
STARTCHAR uni0728
ENCODING 1832
SWIDTH 154 0
DWIDTH 2 0
BBX 1 1 0 0
BITMAP
00
ENDCHAR
STARTCHAR uni0729
ENCODING 1833
SWIDTH 154 0
DWIDTH 2 0
BBX 1 1 0 0
BITMAP
00
ENDCHAR
STARTCHAR uni072A
ENCODING 1834
SWIDTH 154 0
DWIDTH 2 0
BBX 1 1 0 0
BITMAP
00
ENDCHAR
STARTCHAR uni072B
ENCODING 1835
SWIDTH 154 0
DWIDTH 2 0
BBX 1 1 0 0
BITMAP
00
ENDCHAR
STARTCHAR uni072C
ENCODING 1836
SWIDTH 154 0
DWIDTH 2 0
BBX 1 1 0 0
BITMAP
00
ENDCHAR
STARTCHAR uni072D
ENCODING 1837
SWIDTH 154 0
DWIDTH 2 0
BBX 1 1 0 0
BITMAP
00
ENDCHAR
STARTCHAR uni072E
ENCODING 1838
SWIDTH 154 0
DWIDTH 2 0
BBX 1 1 0 0
BITMAP
00
ENDCHAR
STARTCHAR uni072F
ENCODING 1839
SWIDTH 154 0
DWIDTH 2 0
BBX 1 1 0 0
BITMAP
00
ENDCHAR
STARTCHAR uni0730
ENCODING 1840
SWIDTH 154 0
DWIDTH 2 0
BBX 1 1 0 0
BITMAP
00
ENDCHAR
STARTCHAR uni0731
ENCODING 1841
SWIDTH 154 0
DWIDTH 2 0
BBX 1 1 0 0
BITMAP
00
ENDCHAR
STARTCHAR uni0732
ENCODING 1842
SWIDTH 154 0
DWIDTH 2 0
BBX 1 1 0 0
BITMAP
00
ENDCHAR
STARTCHAR uni0733
ENCODING 1843
SWIDTH 154 0
DWIDTH 2 0
BBX 1 1 0 0
BITMAP
00
ENDCHAR
STARTCHAR uni0734
ENCODING 1844
SWIDTH 154 0
DWIDTH 2 0
BBX 1 1 0 0
BITMAP
00
ENDCHAR
STARTCHAR uni0735
ENCODING 1845
SWIDTH 154 0
DWIDTH 2 0
BBX 1 1 0 0
BITMAP
00
ENDCHAR
STARTCHAR uni0736
ENCODING 1846
SWIDTH 154 0
DWIDTH 2 0
BBX 1 1 0 0
BITMAP
00
ENDCHAR
STARTCHAR uni0737
ENCODING 1847
SWIDTH 154 0
DWIDTH 2 0
BBX 1 1 0 0
BITMAP
00
ENDCHAR
STARTCHAR uni0738
ENCODING 1848
SWIDTH 154 0
DWIDTH 2 0
BBX 1 1 0 0
BITMAP
00
ENDCHAR
STARTCHAR uni0739
ENCODING 1849
SWIDTH 154 0
DWIDTH 2 0
BBX 1 1 0 0
BITMAP
00
ENDCHAR
STARTCHAR uni073A
ENCODING 1850
SWIDTH 154 0
DWIDTH 2 0
BBX 1 1 0 0
BITMAP
00
ENDCHAR
STARTCHAR uni073B
ENCODING 1851
SWIDTH 154 0
DWIDTH 2 0
BBX 1 1 0 0
BITMAP
00
ENDCHAR
STARTCHAR uni073C
ENCODING 1852
SWIDTH 154 0
DWIDTH 2 0
BBX 1 1 0 0
BITMAP
00
ENDCHAR
STARTCHAR uni073D
ENCODING 1853
SWIDTH 154 0
DWIDTH 2 0
BBX 1 1 0 0
BITMAP
00
ENDCHAR
STARTCHAR uni073E
ENCODING 1854
SWIDTH 154 0
DWIDTH 2 0
BBX 1 1 0 0
BITMAP
00
ENDCHAR
STARTCHAR uni073F
ENCODING 1855
SWIDTH 154 0
DWIDTH 2 0
BBX 1 1 0 0
BITMAP
00
ENDCHAR
STARTCHAR uni0740
ENCODING 1856
SWIDTH 154 0
DWIDTH 2 0
BBX 1 1 0 0
BITMAP
00
ENDCHAR
STARTCHAR uni0741
ENCODING 1857
SWIDTH 154 0
DWIDTH 2 0
BBX 1 1 0 0
BITMAP
00
ENDCHAR
STARTCHAR uni0742
ENCODING 1858
SWIDTH 154 0
DWIDTH 2 0
BBX 1 1 0 0
BITMAP
00
ENDCHAR
STARTCHAR uni0743
ENCODING 1859
SWIDTH 154 0
DWIDTH 2 0
BBX 1 1 0 0
BITMAP
00
ENDCHAR
STARTCHAR uni0744
ENCODING 1860
SWIDTH 154 0
DWIDTH 2 0
BBX 1 1 0 0
BITMAP
00
ENDCHAR
STARTCHAR uni0745
ENCODING 1861
SWIDTH 154 0
DWIDTH 2 0
BBX 1 1 0 0
BITMAP
00
ENDCHAR
STARTCHAR uni0746
ENCODING 1862
SWIDTH 154 0
DWIDTH 2 0
BBX 1 1 0 0
BITMAP
00
ENDCHAR
STARTCHAR uni0747
ENCODING 1863
SWIDTH 154 0
DWIDTH 2 0
BBX 1 1 0 0
BITMAP
00
ENDCHAR
STARTCHAR uni0748
ENCODING 1864
SWIDTH 154 0
DWIDTH 2 0
BBX 1 1 0 0
BITMAP
00
ENDCHAR
STARTCHAR uni0749
ENCODING 1865
SWIDTH 154 0
DWIDTH 2 0
BBX 1 1 0 0
BITMAP
00
ENDCHAR
STARTCHAR uni074A
ENCODING 1866
SWIDTH 154 0
DWIDTH 2 0
BBX 1 1 0 0
BITMAP
00
ENDCHAR
STARTCHAR uni074B
ENCODING 1867
SWIDTH 154 0
DWIDTH 2 0
BBX 1 1 0 0
BITMAP
00
ENDCHAR
STARTCHAR uni074C
ENCODING 1868
SWIDTH 154 0
DWIDTH 2 0
BBX 1 1 0 0
BITMAP
00
ENDCHAR
STARTCHAR uni074D
ENCODING 1869
SWIDTH 154 0
DWIDTH 2 0
BBX 1 1 0 0
BITMAP
00
ENDCHAR
STARTCHAR uni074E
ENCODING 1870
SWIDTH 154 0
DWIDTH 2 0
BBX 1 1 0 0
BITMAP
00
ENDCHAR
STARTCHAR uni074F
ENCODING 1871
SWIDTH 154 0
DWIDTH 2 0
BBX 1 1 0 0
BITMAP
00
ENDCHAR
STARTCHAR uni0750
ENCODING 1872
SWIDTH 154 0
DWIDTH 2 0
BBX 1 1 0 0
BITMAP
00
ENDCHAR
STARTCHAR uni0751
ENCODING 1873
SWIDTH 154 0
DWIDTH 2 0
BBX 1 1 0 0
BITMAP
00
ENDCHAR
STARTCHAR uni0752
ENCODING 1874
SWIDTH 154 0
DWIDTH 2 0
BBX 1 1 0 0
BITMAP
00
ENDCHAR
STARTCHAR uni0753
ENCODING 1875
SWIDTH 154 0
DWIDTH 2 0
BBX 1 1 0 0
BITMAP
00
ENDCHAR
STARTCHAR uni0754
ENCODING 1876
SWIDTH 154 0
DWIDTH 2 0
BBX 1 1 0 0
BITMAP
00
ENDCHAR
STARTCHAR uni0755
ENCODING 1877
SWIDTH 154 0
DWIDTH 2 0
BBX 1 1 0 0
BITMAP
00
ENDCHAR
STARTCHAR uni0756
ENCODING 1878
SWIDTH 154 0
DWIDTH 2 0
BBX 1 1 0 0
BITMAP
00
ENDCHAR
STARTCHAR uni0757
ENCODING 1879
SWIDTH 154 0
DWIDTH 2 0
BBX 1 1 0 0
BITMAP
00
ENDCHAR
STARTCHAR uni0758
ENCODING 1880
SWIDTH 154 0
DWIDTH 2 0
BBX 1 1 0 0
BITMAP
00
ENDCHAR
STARTCHAR uni0759
ENCODING 1881
SWIDTH 154 0
DWIDTH 2 0
BBX 1 1 0 0
BITMAP
00
ENDCHAR
STARTCHAR uni075A
ENCODING 1882
SWIDTH 154 0
DWIDTH 2 0
BBX 1 1 0 0
BITMAP
00
ENDCHAR
STARTCHAR uni075B
ENCODING 1883
SWIDTH 154 0
DWIDTH 2 0
BBX 1 1 0 0
BITMAP
00
ENDCHAR
STARTCHAR uni075C
ENCODING 1884
SWIDTH 154 0
DWIDTH 2 0
BBX 1 1 0 0
BITMAP
00
ENDCHAR
STARTCHAR uni075D
ENCODING 1885
SWIDTH 154 0
DWIDTH 2 0
BBX 1 1 0 0
BITMAP
00
ENDCHAR
STARTCHAR uni075E
ENCODING 1886
SWIDTH 154 0
DWIDTH 2 0
BBX 1 1 0 0
BITMAP
00
ENDCHAR
STARTCHAR uni075F
ENCODING 1887
SWIDTH 154 0
DWIDTH 2 0
BBX 1 1 0 0
BITMAP
00
ENDCHAR
STARTCHAR uni0760
ENCODING 1888
SWIDTH 154 0
DWIDTH 2 0
BBX 1 1 0 0
BITMAP
00
ENDCHAR
STARTCHAR uni0761
ENCODING 1889
SWIDTH 154 0
DWIDTH 2 0
BBX 1 1 0 0
BITMAP
00
ENDCHAR
STARTCHAR uni0762
ENCODING 1890
SWIDTH 154 0
DWIDTH 2 0
BBX 1 1 0 0
BITMAP
00
ENDCHAR
STARTCHAR uni0763
ENCODING 1891
SWIDTH 154 0
DWIDTH 2 0
BBX 1 1 0 0
BITMAP
00
ENDCHAR
STARTCHAR uni0764
ENCODING 1892
SWIDTH 154 0
DWIDTH 2 0
BBX 1 1 0 0
BITMAP
00
ENDCHAR
STARTCHAR uni0765
ENCODING 1893
SWIDTH 154 0
DWIDTH 2 0
BBX 1 1 0 0
BITMAP
00
ENDCHAR
STARTCHAR uni0766
ENCODING 1894
SWIDTH 154 0
DWIDTH 2 0
BBX 1 1 0 0
BITMAP
00
ENDCHAR
STARTCHAR uni0767
ENCODING 1895
SWIDTH 154 0
DWIDTH 2 0
BBX 1 1 0 0
BITMAP
00
ENDCHAR
STARTCHAR uni0768
ENCODING 1896
SWIDTH 154 0
DWIDTH 2 0
BBX 1 1 0 0
BITMAP
00
ENDCHAR
STARTCHAR uni0769
ENCODING 1897
SWIDTH 154 0
DWIDTH 2 0
BBX 1 1 0 0
BITMAP
00
ENDCHAR
STARTCHAR uni076A
ENCODING 1898
SWIDTH 154 0
DWIDTH 2 0
BBX 1 1 0 0
BITMAP
00
ENDCHAR
STARTCHAR uni076B
ENCODING 1899
SWIDTH 154 0
DWIDTH 2 0
BBX 1 1 0 0
BITMAP
00
ENDCHAR
STARTCHAR uni076C
ENCODING 1900
SWIDTH 154 0
DWIDTH 2 0
BBX 1 1 0 0
BITMAP
00
ENDCHAR
STARTCHAR uni076D
ENCODING 1901
SWIDTH 154 0
DWIDTH 2 0
BBX 1 1 0 0
BITMAP
00
ENDCHAR
STARTCHAR uni076E
ENCODING 1902
SWIDTH 154 0
DWIDTH 2 0
BBX 1 1 0 0
BITMAP
00
ENDCHAR
STARTCHAR uni076F
ENCODING 1903
SWIDTH 154 0
DWIDTH 2 0
BBX 1 1 0 0
BITMAP
00
ENDCHAR
STARTCHAR uni0770
ENCODING 1904
SWIDTH 154 0
DWIDTH 2 0
BBX 1 1 0 0
BITMAP
00
ENDCHAR
STARTCHAR uni0771
ENCODING 1905
SWIDTH 154 0
DWIDTH 2 0
BBX 1 1 0 0
BITMAP
00
ENDCHAR
STARTCHAR uni0772
ENCODING 1906
SWIDTH 154 0
DWIDTH 2 0
BBX 1 1 0 0
BITMAP
00
ENDCHAR
STARTCHAR uni0773
ENCODING 1907
SWIDTH 154 0
DWIDTH 2 0
BBX 1 1 0 0
BITMAP
00
ENDCHAR
STARTCHAR uni0774
ENCODING 1908
SWIDTH 154 0
DWIDTH 2 0
BBX 1 1 0 0
BITMAP
00
ENDCHAR
STARTCHAR uni0775
ENCODING 1909
SWIDTH 154 0
DWIDTH 2 0
BBX 1 1 0 0
BITMAP
00
ENDCHAR
STARTCHAR uni0776
ENCODING 1910
SWIDTH 154 0
DWIDTH 2 0
BBX 1 1 0 0
BITMAP
00
ENDCHAR
STARTCHAR uni0777
ENCODING 1911
SWIDTH 154 0
DWIDTH 2 0
BBX 1 1 0 0
BITMAP
00
ENDCHAR
STARTCHAR uni0778
ENCODING 1912
SWIDTH 154 0
DWIDTH 2 0
BBX 1 1 0 0
BITMAP
00
ENDCHAR
STARTCHAR uni0779
ENCODING 1913
SWIDTH 154 0
DWIDTH 2 0
BBX 1 1 0 0
BITMAP
00
ENDCHAR
STARTCHAR uni077A
ENCODING 1914
SWIDTH 154 0
DWIDTH 2 0
BBX 1 1 0 0
BITMAP
00
ENDCHAR
STARTCHAR uni077B
ENCODING 1915
SWIDTH 154 0
DWIDTH 2 0
BBX 1 1 0 0
BITMAP
00
ENDCHAR
STARTCHAR uni077C
ENCODING 1916
SWIDTH 154 0
DWIDTH 2 0
BBX 1 1 0 0
BITMAP
00
ENDCHAR
STARTCHAR uni077D
ENCODING 1917
SWIDTH 154 0
DWIDTH 2 0
BBX 1 1 0 0
BITMAP
00
ENDCHAR
STARTCHAR uni077E
ENCODING 1918
SWIDTH 154 0
DWIDTH 2 0
BBX 1 1 0 0
BITMAP
00
ENDCHAR
STARTCHAR uni077F
ENCODING 1919
SWIDTH 154 0
DWIDTH 2 0
BBX 1 1 0 0
BITMAP
00
ENDCHAR
STARTCHAR uni0780
ENCODING 1920
SWIDTH 154 0
DWIDTH 2 0
BBX 1 1 0 0
BITMAP
00
ENDCHAR
STARTCHAR uni0781
ENCODING 1921
SWIDTH 154 0
DWIDTH 2 0
BBX 1 1 0 0
BITMAP
00
ENDCHAR
STARTCHAR uni0782
ENCODING 1922
SWIDTH 154 0
DWIDTH 2 0
BBX 1 1 0 0
BITMAP
00
ENDCHAR
STARTCHAR uni0783
ENCODING 1923
SWIDTH 154 0
DWIDTH 2 0
BBX 1 1 0 0
BITMAP
00
ENDCHAR
STARTCHAR uni0784
ENCODING 1924
SWIDTH 154 0
DWIDTH 2 0
BBX 1 1 0 0
BITMAP
00
ENDCHAR
STARTCHAR uni0785
ENCODING 1925
SWIDTH 154 0
DWIDTH 2 0
BBX 1 1 0 0
BITMAP
00
ENDCHAR
STARTCHAR uni0786
ENCODING 1926
SWIDTH 154 0
DWIDTH 2 0
BBX 1 1 0 0
BITMAP
00
ENDCHAR
STARTCHAR uni0787
ENCODING 1927
SWIDTH 154 0
DWIDTH 2 0
BBX 1 1 0 0
BITMAP
00
ENDCHAR
STARTCHAR uni0788
ENCODING 1928
SWIDTH 154 0
DWIDTH 2 0
BBX 1 1 0 0
BITMAP
00
ENDCHAR
STARTCHAR uni0789
ENCODING 1929
SWIDTH 154 0
DWIDTH 2 0
BBX 1 1 0 0
BITMAP
00
ENDCHAR
STARTCHAR uni078A
ENCODING 1930
SWIDTH 154 0
DWIDTH 2 0
BBX 1 1 0 0
BITMAP
00
ENDCHAR
STARTCHAR uni078B
ENCODING 1931
SWIDTH 154 0
DWIDTH 2 0
BBX 1 1 0 0
BITMAP
00
ENDCHAR
STARTCHAR uni078C
ENCODING 1932
SWIDTH 154 0
DWIDTH 2 0
BBX 1 1 0 0
BITMAP
00
ENDCHAR
STARTCHAR uni078D
ENCODING 1933
SWIDTH 154 0
DWIDTH 2 0
BBX 1 1 0 0
BITMAP
00
ENDCHAR
STARTCHAR uni078E
ENCODING 1934
SWIDTH 154 0
DWIDTH 2 0
BBX 1 1 0 0
BITMAP
00
ENDCHAR
STARTCHAR uni078F
ENCODING 1935
SWIDTH 154 0
DWIDTH 2 0
BBX 1 1 0 0
BITMAP
00
ENDCHAR
STARTCHAR uni0790
ENCODING 1936
SWIDTH 154 0
DWIDTH 2 0
BBX 1 1 0 0
BITMAP
00
ENDCHAR
STARTCHAR uni0791
ENCODING 1937
SWIDTH 154 0
DWIDTH 2 0
BBX 1 1 0 0
BITMAP
00
ENDCHAR
STARTCHAR uni0792
ENCODING 1938
SWIDTH 154 0
DWIDTH 2 0
BBX 1 1 0 0
BITMAP
00
ENDCHAR
STARTCHAR uni0793
ENCODING 1939
SWIDTH 154 0
DWIDTH 2 0
BBX 1 1 0 0
BITMAP
00
ENDCHAR
STARTCHAR uni0794
ENCODING 1940
SWIDTH 154 0
DWIDTH 2 0
BBX 1 1 0 0
BITMAP
00
ENDCHAR
STARTCHAR uni0795
ENCODING 1941
SWIDTH 154 0
DWIDTH 2 0
BBX 1 1 0 0
BITMAP
00
ENDCHAR
STARTCHAR uni0796
ENCODING 1942
SWIDTH 154 0
DWIDTH 2 0
BBX 1 1 0 0
BITMAP
00
ENDCHAR
STARTCHAR uni0797
ENCODING 1943
SWIDTH 154 0
DWIDTH 2 0
BBX 1 1 0 0
BITMAP
00
ENDCHAR
STARTCHAR uni0798
ENCODING 1944
SWIDTH 154 0
DWIDTH 2 0
BBX 1 1 0 0
BITMAP
00
ENDCHAR
STARTCHAR uni0799
ENCODING 1945
SWIDTH 154 0
DWIDTH 2 0
BBX 1 1 0 0
BITMAP
00
ENDCHAR
STARTCHAR uni079A
ENCODING 1946
SWIDTH 154 0
DWIDTH 2 0
BBX 1 1 0 0
BITMAP
00
ENDCHAR
STARTCHAR uni079B
ENCODING 1947
SWIDTH 154 0
DWIDTH 2 0
BBX 1 1 0 0
BITMAP
00
ENDCHAR
STARTCHAR uni079C
ENCODING 1948
SWIDTH 154 0
DWIDTH 2 0
BBX 1 1 0 0
BITMAP
00
ENDCHAR
STARTCHAR uni079D
ENCODING 1949
SWIDTH 154 0
DWIDTH 2 0
BBX 1 1 0 0
BITMAP
00
ENDCHAR
STARTCHAR uni079E
ENCODING 1950
SWIDTH 154 0
DWIDTH 2 0
BBX 1 1 0 0
BITMAP
00
ENDCHAR
STARTCHAR uni079F
ENCODING 1951
SWIDTH 154 0
DWIDTH 2 0
BBX 1 1 0 0
BITMAP
00
ENDCHAR
STARTCHAR uni07A0
ENCODING 1952
SWIDTH 154 0
DWIDTH 2 0
BBX 1 1 0 0
BITMAP
00
ENDCHAR
STARTCHAR uni07A1
ENCODING 1953
SWIDTH 154 0
DWIDTH 2 0
BBX 1 1 0 0
BITMAP
00
ENDCHAR
STARTCHAR uni07A2
ENCODING 1954
SWIDTH 154 0
DWIDTH 2 0
BBX 1 1 0 0
BITMAP
00
ENDCHAR
STARTCHAR uni07A3
ENCODING 1955
SWIDTH 154 0
DWIDTH 2 0
BBX 1 1 0 0
BITMAP
00
ENDCHAR
STARTCHAR uni07A4
ENCODING 1956
SWIDTH 154 0
DWIDTH 2 0
BBX 1 1 0 0
BITMAP
00
ENDCHAR
STARTCHAR uni07A5
ENCODING 1957
SWIDTH 154 0
DWIDTH 2 0
BBX 1 1 0 0
BITMAP
00
ENDCHAR
STARTCHAR uni07A6
ENCODING 1958
SWIDTH 154 0
DWIDTH 2 0
BBX 1 1 0 0
BITMAP
00
ENDCHAR
STARTCHAR uni07A7
ENCODING 1959
SWIDTH 154 0
DWIDTH 2 0
BBX 1 1 0 0
BITMAP
00
ENDCHAR
STARTCHAR uni07A8
ENCODING 1960
SWIDTH 154 0
DWIDTH 2 0
BBX 1 1 0 0
BITMAP
00
ENDCHAR
STARTCHAR uni07A9
ENCODING 1961
SWIDTH 154 0
DWIDTH 2 0
BBX 1 1 0 0
BITMAP
00
ENDCHAR
STARTCHAR uni07AA
ENCODING 1962
SWIDTH 154 0
DWIDTH 2 0
BBX 1 1 0 0
BITMAP
00
ENDCHAR
STARTCHAR uni07AB
ENCODING 1963
SWIDTH 154 0
DWIDTH 2 0
BBX 1 1 0 0
BITMAP
00
ENDCHAR
STARTCHAR uni07AC
ENCODING 1964
SWIDTH 154 0
DWIDTH 2 0
BBX 1 1 0 0
BITMAP
00
ENDCHAR
STARTCHAR uni07AD
ENCODING 1965
SWIDTH 154 0
DWIDTH 2 0
BBX 1 1 0 0
BITMAP
00
ENDCHAR
STARTCHAR uni07AE
ENCODING 1966
SWIDTH 154 0
DWIDTH 2 0
BBX 1 1 0 0
BITMAP
00
ENDCHAR
STARTCHAR uni07AF
ENCODING 1967
SWIDTH 154 0
DWIDTH 2 0
BBX 1 1 0 0
BITMAP
00
ENDCHAR
STARTCHAR uni07B0
ENCODING 1968
SWIDTH 154 0
DWIDTH 2 0
BBX 1 1 0 0
BITMAP
00
ENDCHAR
STARTCHAR uni07B1
ENCODING 1969
SWIDTH 154 0
DWIDTH 2 0
BBX 1 1 0 0
BITMAP
00
ENDCHAR
STARTCHAR uni07B2
ENCODING 1970
SWIDTH 154 0
DWIDTH 2 0
BBX 1 1 0 0
BITMAP
00
ENDCHAR
STARTCHAR uni07B3
ENCODING 1971
SWIDTH 154 0
DWIDTH 2 0
BBX 1 1 0 0
BITMAP
00
ENDCHAR
STARTCHAR uni07B4
ENCODING 1972
SWIDTH 154 0
DWIDTH 2 0
BBX 1 1 0 0
BITMAP
00
ENDCHAR
STARTCHAR uni07B5
ENCODING 1973
SWIDTH 154 0
DWIDTH 2 0
BBX 1 1 0 0
BITMAP
00
ENDCHAR
STARTCHAR uni07B6
ENCODING 1974
SWIDTH 154 0
DWIDTH 2 0
BBX 1 1 0 0
BITMAP
00
ENDCHAR
STARTCHAR uni07B7
ENCODING 1975
SWIDTH 154 0
DWIDTH 2 0
BBX 1 1 0 0
BITMAP
00
ENDCHAR
STARTCHAR uni07B8
ENCODING 1976
SWIDTH 154 0
DWIDTH 2 0
BBX 1 1 0 0
BITMAP
00
ENDCHAR
STARTCHAR uni07B9
ENCODING 1977
SWIDTH 154 0
DWIDTH 2 0
BBX 1 1 0 0
BITMAP
00
ENDCHAR
STARTCHAR uni07BA
ENCODING 1978
SWIDTH 154 0
DWIDTH 2 0
BBX 1 1 0 0
BITMAP
00
ENDCHAR
STARTCHAR uni07BB
ENCODING 1979
SWIDTH 154 0
DWIDTH 2 0
BBX 1 1 0 0
BITMAP
00
ENDCHAR
STARTCHAR uni07BC
ENCODING 1980
SWIDTH 154 0
DWIDTH 2 0
BBX 1 1 0 0
BITMAP
00
ENDCHAR
STARTCHAR uni07BD
ENCODING 1981
SWIDTH 154 0
DWIDTH 2 0
BBX 1 1 0 0
BITMAP
00
ENDCHAR
STARTCHAR uni07BE
ENCODING 1982
SWIDTH 154 0
DWIDTH 2 0
BBX 1 1 0 0
BITMAP
00
ENDCHAR
STARTCHAR uni07BF
ENCODING 1983
SWIDTH 154 0
DWIDTH 2 0
BBX 1 1 0 0
BITMAP
00
ENDCHAR
STARTCHAR uni07C0
ENCODING 1984
SWIDTH 154 0
DWIDTH 2 0
BBX 1 1 0 0
BITMAP
00
ENDCHAR
STARTCHAR uni07C1
ENCODING 1985
SWIDTH 154 0
DWIDTH 2 0
BBX 1 1 0 0
BITMAP
00
ENDCHAR
STARTCHAR uni07C2
ENCODING 1986
SWIDTH 154 0
DWIDTH 2 0
BBX 1 1 0 0
BITMAP
00
ENDCHAR
STARTCHAR uni07C3
ENCODING 1987
SWIDTH 154 0
DWIDTH 2 0
BBX 1 1 0 0
BITMAP
00
ENDCHAR
STARTCHAR uni07C4
ENCODING 1988
SWIDTH 154 0
DWIDTH 2 0
BBX 1 1 0 0
BITMAP
00
ENDCHAR
STARTCHAR uni07C5
ENCODING 1989
SWIDTH 154 0
DWIDTH 2 0
BBX 1 1 0 0
BITMAP
00
ENDCHAR
STARTCHAR uni07C6
ENCODING 1990
SWIDTH 154 0
DWIDTH 2 0
BBX 1 1 0 0
BITMAP
00
ENDCHAR
STARTCHAR uni07C7
ENCODING 1991
SWIDTH 154 0
DWIDTH 2 0
BBX 1 1 0 0
BITMAP
00
ENDCHAR
STARTCHAR uni07C8
ENCODING 1992
SWIDTH 154 0
DWIDTH 2 0
BBX 1 1 0 0
BITMAP
00
ENDCHAR
STARTCHAR uni07C9
ENCODING 1993
SWIDTH 154 0
DWIDTH 2 0
BBX 1 1 0 0
BITMAP
00
ENDCHAR
STARTCHAR uni07CA
ENCODING 1994
SWIDTH 154 0
DWIDTH 2 0
BBX 1 1 0 0
BITMAP
00
ENDCHAR
STARTCHAR uni07CB
ENCODING 1995
SWIDTH 154 0
DWIDTH 2 0
BBX 1 1 0 0
BITMAP
00
ENDCHAR
STARTCHAR uni07CC
ENCODING 1996
SWIDTH 154 0
DWIDTH 2 0
BBX 1 1 0 0
BITMAP
00
ENDCHAR
STARTCHAR uni07CD
ENCODING 1997
SWIDTH 154 0
DWIDTH 2 0
BBX 1 1 0 0
BITMAP
00
ENDCHAR
STARTCHAR uni07CE
ENCODING 1998
SWIDTH 154 0
DWIDTH 2 0
BBX 1 1 0 0
BITMAP
00
ENDCHAR
STARTCHAR uni07CF
ENCODING 1999
SWIDTH 154 0
DWIDTH 2 0
BBX 1 1 0 0
BITMAP
00
ENDCHAR
STARTCHAR uni07D0
ENCODING 2000
SWIDTH 154 0
DWIDTH 2 0
BBX 1 1 0 0
BITMAP
00
ENDCHAR
STARTCHAR uni07D1
ENCODING 2001
SWIDTH 154 0
DWIDTH 2 0
BBX 1 1 0 0
BITMAP
00
ENDCHAR
STARTCHAR uni07D2
ENCODING 2002
SWIDTH 154 0
DWIDTH 2 0
BBX 1 1 0 0
BITMAP
00
ENDCHAR
STARTCHAR uni07D3
ENCODING 2003
SWIDTH 154 0
DWIDTH 2 0
BBX 1 1 0 0
BITMAP
00
ENDCHAR
STARTCHAR uni07D4
ENCODING 2004
SWIDTH 154 0
DWIDTH 2 0
BBX 1 1 0 0
BITMAP
00
ENDCHAR
STARTCHAR uni07D5
ENCODING 2005
SWIDTH 154 0
DWIDTH 2 0
BBX 1 1 0 0
BITMAP
00
ENDCHAR
STARTCHAR uni07D6
ENCODING 2006
SWIDTH 154 0
DWIDTH 2 0
BBX 1 1 0 0
BITMAP
00
ENDCHAR
STARTCHAR uni07D7
ENCODING 2007
SWIDTH 154 0
DWIDTH 2 0
BBX 1 1 0 0
BITMAP
00
ENDCHAR
STARTCHAR uni07D8
ENCODING 2008
SWIDTH 154 0
DWIDTH 2 0
BBX 1 1 0 0
BITMAP
00
ENDCHAR
STARTCHAR uni07D9
ENCODING 2009
SWIDTH 154 0
DWIDTH 2 0
BBX 1 1 0 0
BITMAP
00
ENDCHAR
STARTCHAR uni07DA
ENCODING 2010
SWIDTH 154 0
DWIDTH 2 0
BBX 1 1 0 0
BITMAP
00
ENDCHAR
STARTCHAR uni07DB
ENCODING 2011
SWIDTH 154 0
DWIDTH 2 0
BBX 1 1 0 0
BITMAP
00
ENDCHAR
STARTCHAR uni07DC
ENCODING 2012
SWIDTH 154 0
DWIDTH 2 0
BBX 1 1 0 0
BITMAP
00
ENDCHAR
STARTCHAR uni07DD
ENCODING 2013
SWIDTH 154 0
DWIDTH 2 0
BBX 1 1 0 0
BITMAP
00
ENDCHAR
STARTCHAR uni07DE
ENCODING 2014
SWIDTH 154 0
DWIDTH 2 0
BBX 1 1 0 0
BITMAP
00
ENDCHAR
STARTCHAR uni07DF
ENCODING 2015
SWIDTH 154 0
DWIDTH 2 0
BBX 1 1 0 0
BITMAP
00
ENDCHAR
STARTCHAR uni07E0
ENCODING 2016
SWIDTH 154 0
DWIDTH 2 0
BBX 1 1 0 0
BITMAP
00
ENDCHAR
STARTCHAR uni07E1
ENCODING 2017
SWIDTH 154 0
DWIDTH 2 0
BBX 1 1 0 0
BITMAP
00
ENDCHAR
STARTCHAR uni07E2
ENCODING 2018
SWIDTH 154 0
DWIDTH 2 0
BBX 1 1 0 0
BITMAP
00
ENDCHAR
STARTCHAR uni07E3
ENCODING 2019
SWIDTH 154 0
DWIDTH 2 0
BBX 1 1 0 0
BITMAP
00
ENDCHAR
STARTCHAR uni07E4
ENCODING 2020
SWIDTH 154 0
DWIDTH 2 0
BBX 1 1 0 0
BITMAP
00
ENDCHAR
STARTCHAR uni07E5
ENCODING 2021
SWIDTH 154 0
DWIDTH 2 0
BBX 1 1 0 0
BITMAP
00
ENDCHAR
STARTCHAR uni07E6
ENCODING 2022
SWIDTH 154 0
DWIDTH 2 0
BBX 1 1 0 0
BITMAP
00
ENDCHAR
STARTCHAR uni07E7
ENCODING 2023
SWIDTH 154 0
DWIDTH 2 0
BBX 1 1 0 0
BITMAP
00
ENDCHAR
STARTCHAR uni07E8
ENCODING 2024
SWIDTH 154 0
DWIDTH 2 0
BBX 1 1 0 0
BITMAP
00
ENDCHAR
STARTCHAR uni07E9
ENCODING 2025
SWIDTH 154 0
DWIDTH 2 0
BBX 1 1 0 0
BITMAP
00
ENDCHAR
STARTCHAR uni07EA
ENCODING 2026
SWIDTH 154 0
DWIDTH 2 0
BBX 1 1 0 0
BITMAP
00
ENDCHAR
STARTCHAR uni07EB
ENCODING 2027
SWIDTH 154 0
DWIDTH 2 0
BBX 1 1 0 0
BITMAP
00
ENDCHAR
STARTCHAR uni07EC
ENCODING 2028
SWIDTH 154 0
DWIDTH 2 0
BBX 1 1 0 0
BITMAP
00
ENDCHAR
STARTCHAR uni07ED
ENCODING 2029
SWIDTH 154 0
DWIDTH 2 0
BBX 1 1 0 0
BITMAP
00
ENDCHAR
STARTCHAR uni07EE
ENCODING 2030
SWIDTH 154 0
DWIDTH 2 0
BBX 1 1 0 0
BITMAP
00
ENDCHAR
STARTCHAR uni07EF
ENCODING 2031
SWIDTH 154 0
DWIDTH 2 0
BBX 1 1 0 0
BITMAP
00
ENDCHAR
STARTCHAR uni07F0
ENCODING 2032
SWIDTH 154 0
DWIDTH 2 0
BBX 1 1 0 0
BITMAP
00
ENDCHAR
STARTCHAR uni07F1
ENCODING 2033
SWIDTH 154 0
DWIDTH 2 0
BBX 1 1 0 0
BITMAP
00
ENDCHAR
STARTCHAR uni07F2
ENCODING 2034
SWIDTH 154 0
DWIDTH 2 0
BBX 1 1 0 0
BITMAP
00
ENDCHAR
STARTCHAR uni07F3
ENCODING 2035
SWIDTH 154 0
DWIDTH 2 0
BBX 1 1 0 0
BITMAP
00
ENDCHAR
STARTCHAR uni07F4
ENCODING 2036
SWIDTH 154 0
DWIDTH 2 0
BBX 1 1 0 0
BITMAP
00
ENDCHAR
STARTCHAR uni07F5
ENCODING 2037
SWIDTH 154 0
DWIDTH 2 0
BBX 1 1 0 0
BITMAP
00
ENDCHAR
STARTCHAR uni07F6
ENCODING 2038
SWIDTH 154 0
DWIDTH 2 0
BBX 1 1 0 0
BITMAP
00
ENDCHAR
STARTCHAR uni07F7
ENCODING 2039
SWIDTH 154 0
DWIDTH 2 0
BBX 1 1 0 0
BITMAP
00
ENDCHAR
STARTCHAR uni07F8
ENCODING 2040
SWIDTH 154 0
DWIDTH 2 0
BBX 1 1 0 0
BITMAP
00
ENDCHAR
STARTCHAR uni07F9
ENCODING 2041
SWIDTH 154 0
DWIDTH 2 0
BBX 1 1 0 0
BITMAP
00
ENDCHAR
STARTCHAR uni07FA
ENCODING 2042
SWIDTH 154 0
DWIDTH 2 0
BBX 1 1 0 0
BITMAP
00
ENDCHAR
STARTCHAR uni07FB
ENCODING 2043
SWIDTH 154 0
DWIDTH 2 0
BBX 1 1 0 0
BITMAP
00
ENDCHAR
STARTCHAR uni07FC
ENCODING 2044
SWIDTH 154 0
DWIDTH 2 0
BBX 1 1 0 0
BITMAP
00
ENDCHAR
STARTCHAR uni07FD
ENCODING 2045
SWIDTH 154 0
DWIDTH 2 0
BBX 1 1 0 0
BITMAP
00
ENDCHAR
STARTCHAR uni07FE
ENCODING 2046
SWIDTH 154 0
DWIDTH 2 0
BBX 1 1 0 0
BITMAP
00
ENDCHAR
STARTCHAR uni07FF
ENCODING 2047
SWIDTH 154 0
DWIDTH 2 0
BBX 1 1 0 0
BITMAP
00
ENDCHAR
STARTCHAR uni0800
ENCODING 2048
SWIDTH 154 0
DWIDTH 2 0
BBX 1 1 0 0
BITMAP
00
ENDCHAR
STARTCHAR uni0801
ENCODING 2049
SWIDTH 154 0
DWIDTH 2 0
BBX 1 1 0 0
BITMAP
00
ENDCHAR
STARTCHAR uni0802
ENCODING 2050
SWIDTH 154 0
DWIDTH 2 0
BBX 1 1 0 0
BITMAP
00
ENDCHAR
STARTCHAR uni0803
ENCODING 2051
SWIDTH 154 0
DWIDTH 2 0
BBX 1 1 0 0
BITMAP
00
ENDCHAR
STARTCHAR uni0804
ENCODING 2052
SWIDTH 154 0
DWIDTH 2 0
BBX 1 1 0 0
BITMAP
00
ENDCHAR
STARTCHAR uni0805
ENCODING 2053
SWIDTH 154 0
DWIDTH 2 0
BBX 1 1 0 0
BITMAP
00
ENDCHAR
STARTCHAR uni0806
ENCODING 2054
SWIDTH 154 0
DWIDTH 2 0
BBX 1 1 0 0
BITMAP
00
ENDCHAR
STARTCHAR uni0807
ENCODING 2055
SWIDTH 154 0
DWIDTH 2 0
BBX 1 1 0 0
BITMAP
00
ENDCHAR
STARTCHAR uni0808
ENCODING 2056
SWIDTH 154 0
DWIDTH 2 0
BBX 1 1 0 0
BITMAP
00
ENDCHAR
STARTCHAR uni0809
ENCODING 2057
SWIDTH 154 0
DWIDTH 2 0
BBX 1 1 0 0
BITMAP
00
ENDCHAR
STARTCHAR uni080A
ENCODING 2058
SWIDTH 154 0
DWIDTH 2 0
BBX 1 1 0 0
BITMAP
00
ENDCHAR
STARTCHAR uni080B
ENCODING 2059
SWIDTH 154 0
DWIDTH 2 0
BBX 1 1 0 0
BITMAP
00
ENDCHAR
STARTCHAR uni080C
ENCODING 2060
SWIDTH 154 0
DWIDTH 2 0
BBX 1 1 0 0
BITMAP
00
ENDCHAR
STARTCHAR uni080D
ENCODING 2061
SWIDTH 154 0
DWIDTH 2 0
BBX 1 1 0 0
BITMAP
00
ENDCHAR
STARTCHAR uni080E
ENCODING 2062
SWIDTH 154 0
DWIDTH 2 0
BBX 1 1 0 0
BITMAP
00
ENDCHAR
STARTCHAR uni080F
ENCODING 2063
SWIDTH 154 0
DWIDTH 2 0
BBX 1 1 0 0
BITMAP
00
ENDCHAR
STARTCHAR uni0810
ENCODING 2064
SWIDTH 154 0
DWIDTH 2 0
BBX 1 1 0 0
BITMAP
00
ENDCHAR
STARTCHAR uni0811
ENCODING 2065
SWIDTH 154 0
DWIDTH 2 0
BBX 1 1 0 0
BITMAP
00
ENDCHAR
STARTCHAR uni0812
ENCODING 2066
SWIDTH 154 0
DWIDTH 2 0
BBX 1 1 0 0
BITMAP
00
ENDCHAR
STARTCHAR uni0813
ENCODING 2067
SWIDTH 154 0
DWIDTH 2 0
BBX 1 1 0 0
BITMAP
00
ENDCHAR
STARTCHAR uni0814
ENCODING 2068
SWIDTH 154 0
DWIDTH 2 0
BBX 1 1 0 0
BITMAP
00
ENDCHAR
STARTCHAR uni0815
ENCODING 2069
SWIDTH 154 0
DWIDTH 2 0
BBX 1 1 0 0
BITMAP
00
ENDCHAR
STARTCHAR uni0816
ENCODING 2070
SWIDTH 154 0
DWIDTH 2 0
BBX 1 1 0 0
BITMAP
00
ENDCHAR
STARTCHAR uni0817
ENCODING 2071
SWIDTH 154 0
DWIDTH 2 0
BBX 1 1 0 0
BITMAP
00
ENDCHAR
STARTCHAR uni0818
ENCODING 2072
SWIDTH 154 0
DWIDTH 2 0
BBX 1 1 0 0
BITMAP
00
ENDCHAR
STARTCHAR uni0819
ENCODING 2073
SWIDTH 154 0
DWIDTH 2 0
BBX 1 1 0 0
BITMAP
00
ENDCHAR
STARTCHAR uni081A
ENCODING 2074
SWIDTH 154 0
DWIDTH 2 0
BBX 1 1 0 0
BITMAP
00
ENDCHAR
STARTCHAR uni081B
ENCODING 2075
SWIDTH 154 0
DWIDTH 2 0
BBX 1 1 0 0
BITMAP
00
ENDCHAR
STARTCHAR uni081C
ENCODING 2076
SWIDTH 154 0
DWIDTH 2 0
BBX 1 1 0 0
BITMAP
00
ENDCHAR
STARTCHAR uni081D
ENCODING 2077
SWIDTH 154 0
DWIDTH 2 0
BBX 1 1 0 0
BITMAP
00
ENDCHAR
STARTCHAR uni081E
ENCODING 2078
SWIDTH 154 0
DWIDTH 2 0
BBX 1 1 0 0
BITMAP
00
ENDCHAR
STARTCHAR uni081F
ENCODING 2079
SWIDTH 154 0
DWIDTH 2 0
BBX 1 1 0 0
BITMAP
00
ENDCHAR
STARTCHAR uni0820
ENCODING 2080
SWIDTH 154 0
DWIDTH 2 0
BBX 1 1 0 0
BITMAP
00
ENDCHAR
STARTCHAR uni0821
ENCODING 2081
SWIDTH 154 0
DWIDTH 2 0
BBX 1 1 0 0
BITMAP
00
ENDCHAR
STARTCHAR uni0822
ENCODING 2082
SWIDTH 154 0
DWIDTH 2 0
BBX 1 1 0 0
BITMAP
00
ENDCHAR
STARTCHAR uni0823
ENCODING 2083
SWIDTH 154 0
DWIDTH 2 0
BBX 1 1 0 0
BITMAP
00
ENDCHAR
STARTCHAR uni0824
ENCODING 2084
SWIDTH 154 0
DWIDTH 2 0
BBX 1 1 0 0
BITMAP
00
ENDCHAR
STARTCHAR uni0825
ENCODING 2085
SWIDTH 154 0
DWIDTH 2 0
BBX 1 1 0 0
BITMAP
00
ENDCHAR
STARTCHAR uni0826
ENCODING 2086
SWIDTH 154 0
DWIDTH 2 0
BBX 1 1 0 0
BITMAP
00
ENDCHAR
STARTCHAR uni0827
ENCODING 2087
SWIDTH 154 0
DWIDTH 2 0
BBX 1 1 0 0
BITMAP
00
ENDCHAR
STARTCHAR uni0828
ENCODING 2088
SWIDTH 154 0
DWIDTH 2 0
BBX 1 1 0 0
BITMAP
00
ENDCHAR
STARTCHAR uni0829
ENCODING 2089
SWIDTH 154 0
DWIDTH 2 0
BBX 1 1 0 0
BITMAP
00
ENDCHAR
STARTCHAR uni082A
ENCODING 2090
SWIDTH 154 0
DWIDTH 2 0
BBX 1 1 0 0
BITMAP
00
ENDCHAR
STARTCHAR uni082B
ENCODING 2091
SWIDTH 154 0
DWIDTH 2 0
BBX 1 1 0 0
BITMAP
00
ENDCHAR
STARTCHAR uni082C
ENCODING 2092
SWIDTH 154 0
DWIDTH 2 0
BBX 1 1 0 0
BITMAP
00
ENDCHAR
STARTCHAR uni082D
ENCODING 2093
SWIDTH 154 0
DWIDTH 2 0
BBX 1 1 0 0
BITMAP
00
ENDCHAR
STARTCHAR uni082E
ENCODING 2094
SWIDTH 154 0
DWIDTH 2 0
BBX 1 1 0 0
BITMAP
00
ENDCHAR
STARTCHAR uni082F
ENCODING 2095
SWIDTH 154 0
DWIDTH 2 0
BBX 1 1 0 0
BITMAP
00
ENDCHAR
STARTCHAR uni0830
ENCODING 2096
SWIDTH 154 0
DWIDTH 2 0
BBX 1 1 0 0
BITMAP
00
ENDCHAR
STARTCHAR uni0831
ENCODING 2097
SWIDTH 154 0
DWIDTH 2 0
BBX 1 1 0 0
BITMAP
00
ENDCHAR
STARTCHAR uni0832
ENCODING 2098
SWIDTH 154 0
DWIDTH 2 0
BBX 1 1 0 0
BITMAP
00
ENDCHAR
STARTCHAR uni0833
ENCODING 2099
SWIDTH 154 0
DWIDTH 2 0
BBX 1 1 0 0
BITMAP
00
ENDCHAR
STARTCHAR uni0834
ENCODING 2100
SWIDTH 154 0
DWIDTH 2 0
BBX 1 1 0 0
BITMAP
00
ENDCHAR
STARTCHAR uni0835
ENCODING 2101
SWIDTH 154 0
DWIDTH 2 0
BBX 1 1 0 0
BITMAP
00
ENDCHAR
STARTCHAR uni0836
ENCODING 2102
SWIDTH 154 0
DWIDTH 2 0
BBX 1 1 0 0
BITMAP
00
ENDCHAR
STARTCHAR uni0837
ENCODING 2103
SWIDTH 154 0
DWIDTH 2 0
BBX 1 1 0 0
BITMAP
00
ENDCHAR
STARTCHAR uni0838
ENCODING 2104
SWIDTH 154 0
DWIDTH 2 0
BBX 1 1 0 0
BITMAP
00
ENDCHAR
STARTCHAR uni0839
ENCODING 2105
SWIDTH 154 0
DWIDTH 2 0
BBX 1 1 0 0
BITMAP
00
ENDCHAR
STARTCHAR uni083A
ENCODING 2106
SWIDTH 154 0
DWIDTH 2 0
BBX 1 1 0 0
BITMAP
00
ENDCHAR
STARTCHAR uni083B
ENCODING 2107
SWIDTH 154 0
DWIDTH 2 0
BBX 1 1 0 0
BITMAP
00
ENDCHAR
STARTCHAR uni083C
ENCODING 2108
SWIDTH 154 0
DWIDTH 2 0
BBX 1 1 0 0
BITMAP
00
ENDCHAR
STARTCHAR uni083D
ENCODING 2109
SWIDTH 154 0
DWIDTH 2 0
BBX 1 1 0 0
BITMAP
00
ENDCHAR
STARTCHAR uni083E
ENCODING 2110
SWIDTH 154 0
DWIDTH 2 0
BBX 1 1 0 0
BITMAP
00
ENDCHAR
STARTCHAR uni083F
ENCODING 2111
SWIDTH 154 0
DWIDTH 2 0
BBX 1 1 0 0
BITMAP
00
ENDCHAR
STARTCHAR uni0840
ENCODING 2112
SWIDTH 154 0
DWIDTH 2 0
BBX 1 1 0 0
BITMAP
00
ENDCHAR
STARTCHAR uni0841
ENCODING 2113
SWIDTH 154 0
DWIDTH 2 0
BBX 1 1 0 0
BITMAP
00
ENDCHAR
STARTCHAR uni0842
ENCODING 2114
SWIDTH 154 0
DWIDTH 2 0
BBX 1 1 0 0
BITMAP
00
ENDCHAR
STARTCHAR uni0843
ENCODING 2115
SWIDTH 154 0
DWIDTH 2 0
BBX 1 1 0 0
BITMAP
00
ENDCHAR
STARTCHAR uni0844
ENCODING 2116
SWIDTH 154 0
DWIDTH 2 0
BBX 1 1 0 0
BITMAP
00
ENDCHAR
STARTCHAR uni0845
ENCODING 2117
SWIDTH 154 0
DWIDTH 2 0
BBX 1 1 0 0
BITMAP
00
ENDCHAR
STARTCHAR uni0846
ENCODING 2118
SWIDTH 154 0
DWIDTH 2 0
BBX 1 1 0 0
BITMAP
00
ENDCHAR
STARTCHAR uni0847
ENCODING 2119
SWIDTH 154 0
DWIDTH 2 0
BBX 1 1 0 0
BITMAP
00
ENDCHAR
STARTCHAR uni0848
ENCODING 2120
SWIDTH 154 0
DWIDTH 2 0
BBX 1 1 0 0
BITMAP
00
ENDCHAR
STARTCHAR uni0849
ENCODING 2121
SWIDTH 154 0
DWIDTH 2 0
BBX 1 1 0 0
BITMAP
00
ENDCHAR
STARTCHAR uni084A
ENCODING 2122
SWIDTH 154 0
DWIDTH 2 0
BBX 1 1 0 0
BITMAP
00
ENDCHAR
STARTCHAR uni084B
ENCODING 2123
SWIDTH 154 0
DWIDTH 2 0
BBX 1 1 0 0
BITMAP
00
ENDCHAR
STARTCHAR uni084C
ENCODING 2124
SWIDTH 154 0
DWIDTH 2 0
BBX 1 1 0 0
BITMAP
00
ENDCHAR
STARTCHAR uni084D
ENCODING 2125
SWIDTH 154 0
DWIDTH 2 0
BBX 1 1 0 0
BITMAP
00
ENDCHAR
STARTCHAR uni084E
ENCODING 2126
SWIDTH 154 0
DWIDTH 2 0
BBX 1 1 0 0
BITMAP
00
ENDCHAR
STARTCHAR uni084F
ENCODING 2127
SWIDTH 154 0
DWIDTH 2 0
BBX 1 1 0 0
BITMAP
00
ENDCHAR
STARTCHAR uni0850
ENCODING 2128
SWIDTH 154 0
DWIDTH 2 0
BBX 1 1 0 0
BITMAP
00
ENDCHAR
STARTCHAR uni0851
ENCODING 2129
SWIDTH 154 0
DWIDTH 2 0
BBX 1 1 0 0
BITMAP
00
ENDCHAR
STARTCHAR uni0852
ENCODING 2130
SWIDTH 154 0
DWIDTH 2 0
BBX 1 1 0 0
BITMAP
00
ENDCHAR
STARTCHAR uni0853
ENCODING 2131
SWIDTH 154 0
DWIDTH 2 0
BBX 1 1 0 0
BITMAP
00
ENDCHAR
STARTCHAR uni0854
ENCODING 2132
SWIDTH 154 0
DWIDTH 2 0
BBX 1 1 0 0
BITMAP
00
ENDCHAR
STARTCHAR uni0855
ENCODING 2133
SWIDTH 154 0
DWIDTH 2 0
BBX 1 1 0 0
BITMAP
00
ENDCHAR
STARTCHAR uni0856
ENCODING 2134
SWIDTH 154 0
DWIDTH 2 0
BBX 1 1 0 0
BITMAP
00
ENDCHAR
STARTCHAR uni0857
ENCODING 2135
SWIDTH 154 0
DWIDTH 2 0
BBX 1 1 0 0
BITMAP
00
ENDCHAR
STARTCHAR uni0858
ENCODING 2136
SWIDTH 154 0
DWIDTH 2 0
BBX 1 1 0 0
BITMAP
00
ENDCHAR
STARTCHAR uni0859
ENCODING 2137
SWIDTH 154 0
DWIDTH 2 0
BBX 1 1 0 0
BITMAP
00
ENDCHAR
STARTCHAR uni085A
ENCODING 2138
SWIDTH 154 0
DWIDTH 2 0
BBX 1 1 0 0
BITMAP
00
ENDCHAR
STARTCHAR uni085B
ENCODING 2139
SWIDTH 154 0
DWIDTH 2 0
BBX 1 1 0 0
BITMAP
00
ENDCHAR
STARTCHAR uni085C
ENCODING 2140
SWIDTH 154 0
DWIDTH 2 0
BBX 1 1 0 0
BITMAP
00
ENDCHAR
STARTCHAR uni085D
ENCODING 2141
SWIDTH 154 0
DWIDTH 2 0
BBX 1 1 0 0
BITMAP
00
ENDCHAR
STARTCHAR uni085E
ENCODING 2142
SWIDTH 154 0
DWIDTH 2 0
BBX 1 1 0 0
BITMAP
00
ENDCHAR
STARTCHAR uni085F
ENCODING 2143
SWIDTH 154 0
DWIDTH 2 0
BBX 1 1 0 0
BITMAP
00
ENDCHAR
STARTCHAR uni0860
ENCODING 2144
SWIDTH 154 0
DWIDTH 2 0
BBX 1 1 0 0
BITMAP
00
ENDCHAR
STARTCHAR uni0861
ENCODING 2145
SWIDTH 154 0
DWIDTH 2 0
BBX 1 1 0 0
BITMAP
00
ENDCHAR
STARTCHAR uni0862
ENCODING 2146
SWIDTH 154 0
DWIDTH 2 0
BBX 1 1 0 0
BITMAP
00
ENDCHAR
STARTCHAR uni0863
ENCODING 2147
SWIDTH 154 0
DWIDTH 2 0
BBX 1 1 0 0
BITMAP
00
ENDCHAR
STARTCHAR uni0864
ENCODING 2148
SWIDTH 154 0
DWIDTH 2 0
BBX 1 1 0 0
BITMAP
00
ENDCHAR
STARTCHAR uni0865
ENCODING 2149
SWIDTH 154 0
DWIDTH 2 0
BBX 1 1 0 0
BITMAP
00
ENDCHAR
STARTCHAR uni0866
ENCODING 2150
SWIDTH 154 0
DWIDTH 2 0
BBX 1 1 0 0
BITMAP
00
ENDCHAR
STARTCHAR uni0867
ENCODING 2151
SWIDTH 154 0
DWIDTH 2 0
BBX 1 1 0 0
BITMAP
00
ENDCHAR
STARTCHAR uni0868
ENCODING 2152
SWIDTH 154 0
DWIDTH 2 0
BBX 1 1 0 0
BITMAP
00
ENDCHAR
STARTCHAR uni0869
ENCODING 2153
SWIDTH 154 0
DWIDTH 2 0
BBX 1 1 0 0
BITMAP
00
ENDCHAR
STARTCHAR uni086A
ENCODING 2154
SWIDTH 154 0
DWIDTH 2 0
BBX 1 1 0 0
BITMAP
00
ENDCHAR
STARTCHAR uni086B
ENCODING 2155
SWIDTH 154 0
DWIDTH 2 0
BBX 1 1 0 0
BITMAP
00
ENDCHAR
STARTCHAR uni086C
ENCODING 2156
SWIDTH 154 0
DWIDTH 2 0
BBX 1 1 0 0
BITMAP
00
ENDCHAR
STARTCHAR uni086D
ENCODING 2157
SWIDTH 154 0
DWIDTH 2 0
BBX 1 1 0 0
BITMAP
00
ENDCHAR
STARTCHAR uni086E
ENCODING 2158
SWIDTH 154 0
DWIDTH 2 0
BBX 1 1 0 0
BITMAP
00
ENDCHAR
STARTCHAR uni086F
ENCODING 2159
SWIDTH 154 0
DWIDTH 2 0
BBX 1 1 0 0
BITMAP
00
ENDCHAR
STARTCHAR uni0870
ENCODING 2160
SWIDTH 154 0
DWIDTH 2 0
BBX 1 1 0 0
BITMAP
00
ENDCHAR
STARTCHAR uni0871
ENCODING 2161
SWIDTH 154 0
DWIDTH 2 0
BBX 1 1 0 0
BITMAP
00
ENDCHAR
STARTCHAR uni0872
ENCODING 2162
SWIDTH 154 0
DWIDTH 2 0
BBX 1 1 0 0
BITMAP
00
ENDCHAR
STARTCHAR uni0873
ENCODING 2163
SWIDTH 154 0
DWIDTH 2 0
BBX 1 1 0 0
BITMAP
00
ENDCHAR
STARTCHAR uni0874
ENCODING 2164
SWIDTH 154 0
DWIDTH 2 0
BBX 1 1 0 0
BITMAP
00
ENDCHAR
STARTCHAR uni0875
ENCODING 2165
SWIDTH 154 0
DWIDTH 2 0
BBX 1 1 0 0
BITMAP
00
ENDCHAR
STARTCHAR uni0876
ENCODING 2166
SWIDTH 154 0
DWIDTH 2 0
BBX 1 1 0 0
BITMAP
00
ENDCHAR
STARTCHAR uni0877
ENCODING 2167
SWIDTH 154 0
DWIDTH 2 0
BBX 1 1 0 0
BITMAP
00
ENDCHAR
STARTCHAR uni0878
ENCODING 2168
SWIDTH 154 0
DWIDTH 2 0
BBX 1 1 0 0
BITMAP
00
ENDCHAR
STARTCHAR uni0879
ENCODING 2169
SWIDTH 154 0
DWIDTH 2 0
BBX 1 1 0 0
BITMAP
00
ENDCHAR
STARTCHAR uni087A
ENCODING 2170
SWIDTH 154 0
DWIDTH 2 0
BBX 1 1 0 0
BITMAP
00
ENDCHAR
STARTCHAR uni087B
ENCODING 2171
SWIDTH 154 0
DWIDTH 2 0
BBX 1 1 0 0
BITMAP
00
ENDCHAR
STARTCHAR uni087C
ENCODING 2172
SWIDTH 154 0
DWIDTH 2 0
BBX 1 1 0 0
BITMAP
00
ENDCHAR
STARTCHAR uni087D
ENCODING 2173
SWIDTH 154 0
DWIDTH 2 0
BBX 1 1 0 0
BITMAP
00
ENDCHAR
STARTCHAR uni087E
ENCODING 2174
SWIDTH 154 0
DWIDTH 2 0
BBX 1 1 0 0
BITMAP
00
ENDCHAR
STARTCHAR uni087F
ENCODING 2175
SWIDTH 154 0
DWIDTH 2 0
BBX 1 1 0 0
BITMAP
00
ENDCHAR
STARTCHAR uni0880
ENCODING 2176
SWIDTH 154 0
DWIDTH 2 0
BBX 1 1 0 0
BITMAP
00
ENDCHAR
STARTCHAR uni0881
ENCODING 2177
SWIDTH 154 0
DWIDTH 2 0
BBX 1 1 0 0
BITMAP
00
ENDCHAR
STARTCHAR uni0882
ENCODING 2178
SWIDTH 154 0
DWIDTH 2 0
BBX 1 1 0 0
BITMAP
00
ENDCHAR
STARTCHAR uni0883
ENCODING 2179
SWIDTH 154 0
DWIDTH 2 0
BBX 1 1 0 0
BITMAP
00
ENDCHAR
STARTCHAR uni0884
ENCODING 2180
SWIDTH 154 0
DWIDTH 2 0
BBX 1 1 0 0
BITMAP
00
ENDCHAR
STARTCHAR uni0885
ENCODING 2181
SWIDTH 154 0
DWIDTH 2 0
BBX 1 1 0 0
BITMAP
00
ENDCHAR
STARTCHAR uni0886
ENCODING 2182
SWIDTH 154 0
DWIDTH 2 0
BBX 1 1 0 0
BITMAP
00
ENDCHAR
STARTCHAR uni0887
ENCODING 2183
SWIDTH 154 0
DWIDTH 2 0
BBX 1 1 0 0
BITMAP
00
ENDCHAR
STARTCHAR uni0888
ENCODING 2184
SWIDTH 154 0
DWIDTH 2 0
BBX 1 1 0 0
BITMAP
00
ENDCHAR
STARTCHAR uni0889
ENCODING 2185
SWIDTH 154 0
DWIDTH 2 0
BBX 1 1 0 0
BITMAP
00
ENDCHAR
STARTCHAR uni088A
ENCODING 2186
SWIDTH 154 0
DWIDTH 2 0
BBX 1 1 0 0
BITMAP
00
ENDCHAR
STARTCHAR uni088B
ENCODING 2187
SWIDTH 154 0
DWIDTH 2 0
BBX 1 1 0 0
BITMAP
00
ENDCHAR
STARTCHAR uni088C
ENCODING 2188
SWIDTH 154 0
DWIDTH 2 0
BBX 1 1 0 0
BITMAP
00
ENDCHAR
STARTCHAR uni088D
ENCODING 2189
SWIDTH 154 0
DWIDTH 2 0
BBX 1 1 0 0
BITMAP
00
ENDCHAR
STARTCHAR uni088E
ENCODING 2190
SWIDTH 154 0
DWIDTH 2 0
BBX 1 1 0 0
BITMAP
00
ENDCHAR
STARTCHAR uni088F
ENCODING 2191
SWIDTH 154 0
DWIDTH 2 0
BBX 1 1 0 0
BITMAP
00
ENDCHAR
STARTCHAR uni0890
ENCODING 2192
SWIDTH 154 0
DWIDTH 2 0
BBX 1 1 0 0
BITMAP
00
ENDCHAR
STARTCHAR uni0891
ENCODING 2193
SWIDTH 154 0
DWIDTH 2 0
BBX 1 1 0 0
BITMAP
00
ENDCHAR
STARTCHAR uni0892
ENCODING 2194
SWIDTH 154 0
DWIDTH 2 0
BBX 1 1 0 0
BITMAP
00
ENDCHAR
STARTCHAR uni0893
ENCODING 2195
SWIDTH 154 0
DWIDTH 2 0
BBX 1 1 0 0
BITMAP
00
ENDCHAR
STARTCHAR uni0894
ENCODING 2196
SWIDTH 154 0
DWIDTH 2 0
BBX 1 1 0 0
BITMAP
00
ENDCHAR
STARTCHAR uni0895
ENCODING 2197
SWIDTH 154 0
DWIDTH 2 0
BBX 1 1 0 0
BITMAP
00
ENDCHAR
STARTCHAR uni0896
ENCODING 2198
SWIDTH 154 0
DWIDTH 2 0
BBX 1 1 0 0
BITMAP
00
ENDCHAR
STARTCHAR uni0897
ENCODING 2199
SWIDTH 154 0
DWIDTH 2 0
BBX 1 1 0 0
BITMAP
00
ENDCHAR
STARTCHAR uni0898
ENCODING 2200
SWIDTH 154 0
DWIDTH 2 0
BBX 1 1 0 0
BITMAP
00
ENDCHAR
STARTCHAR uni0899
ENCODING 2201
SWIDTH 154 0
DWIDTH 2 0
BBX 1 1 0 0
BITMAP
00
ENDCHAR
STARTCHAR uni089A
ENCODING 2202
SWIDTH 154 0
DWIDTH 2 0
BBX 1 1 0 0
BITMAP
00
ENDCHAR
STARTCHAR uni089B
ENCODING 2203
SWIDTH 154 0
DWIDTH 2 0
BBX 1 1 0 0
BITMAP
00
ENDCHAR
STARTCHAR uni089C
ENCODING 2204
SWIDTH 154 0
DWIDTH 2 0
BBX 1 1 0 0
BITMAP
00
ENDCHAR
STARTCHAR uni089D
ENCODING 2205
SWIDTH 154 0
DWIDTH 2 0
BBX 1 1 0 0
BITMAP
00
ENDCHAR
STARTCHAR uni089E
ENCODING 2206
SWIDTH 154 0
DWIDTH 2 0
BBX 1 1 0 0
BITMAP
00
ENDCHAR
STARTCHAR uni089F
ENCODING 2207
SWIDTH 154 0
DWIDTH 2 0
BBX 1 1 0 0
BITMAP
00
ENDCHAR
STARTCHAR uni08A0
ENCODING 2208
SWIDTH 154 0
DWIDTH 2 0
BBX 1 1 0 0
BITMAP
00
ENDCHAR
STARTCHAR uni08A1
ENCODING 2209
SWIDTH 154 0
DWIDTH 2 0
BBX 1 1 0 0
BITMAP
00
ENDCHAR
STARTCHAR uni08A2
ENCODING 2210
SWIDTH 154 0
DWIDTH 2 0
BBX 1 1 0 0
BITMAP
00
ENDCHAR
STARTCHAR uni08A3
ENCODING 2211
SWIDTH 154 0
DWIDTH 2 0
BBX 1 1 0 0
BITMAP
00
ENDCHAR
STARTCHAR uni08A4
ENCODING 2212
SWIDTH 154 0
DWIDTH 2 0
BBX 1 1 0 0
BITMAP
00
ENDCHAR
STARTCHAR uni08A5
ENCODING 2213
SWIDTH 154 0
DWIDTH 2 0
BBX 1 1 0 0
BITMAP
00
ENDCHAR
STARTCHAR uni08A6
ENCODING 2214
SWIDTH 154 0
DWIDTH 2 0
BBX 1 1 0 0
BITMAP
00
ENDCHAR
STARTCHAR uni08A7
ENCODING 2215
SWIDTH 154 0
DWIDTH 2 0
BBX 1 1 0 0
BITMAP
00
ENDCHAR
STARTCHAR uni08A8
ENCODING 2216
SWIDTH 154 0
DWIDTH 2 0
BBX 1 1 0 0
BITMAP
00
ENDCHAR
STARTCHAR uni08A9
ENCODING 2217
SWIDTH 154 0
DWIDTH 2 0
BBX 1 1 0 0
BITMAP
00
ENDCHAR
STARTCHAR uni08AA
ENCODING 2218
SWIDTH 154 0
DWIDTH 2 0
BBX 1 1 0 0
BITMAP
00
ENDCHAR
STARTCHAR uni08AB
ENCODING 2219
SWIDTH 154 0
DWIDTH 2 0
BBX 1 1 0 0
BITMAP
00
ENDCHAR
STARTCHAR uni08AC
ENCODING 2220
SWIDTH 154 0
DWIDTH 2 0
BBX 1 1 0 0
BITMAP
00
ENDCHAR
STARTCHAR uni08AD
ENCODING 2221
SWIDTH 154 0
DWIDTH 2 0
BBX 1 1 0 0
BITMAP
00
ENDCHAR
STARTCHAR uni08AE
ENCODING 2222
SWIDTH 154 0
DWIDTH 2 0
BBX 1 1 0 0
BITMAP
00
ENDCHAR
STARTCHAR uni08AF
ENCODING 2223
SWIDTH 154 0
DWIDTH 2 0
BBX 1 1 0 0
BITMAP
00
ENDCHAR
STARTCHAR uni08B0
ENCODING 2224
SWIDTH 154 0
DWIDTH 2 0
BBX 1 1 0 0
BITMAP
00
ENDCHAR
STARTCHAR uni08B1
ENCODING 2225
SWIDTH 154 0
DWIDTH 2 0
BBX 1 1 0 0
BITMAP
00
ENDCHAR
STARTCHAR uni08B2
ENCODING 2226
SWIDTH 154 0
DWIDTH 2 0
BBX 1 1 0 0
BITMAP
00
ENDCHAR
STARTCHAR uni08B3
ENCODING 2227
SWIDTH 154 0
DWIDTH 2 0
BBX 1 1 0 0
BITMAP
00
ENDCHAR
STARTCHAR uni08B4
ENCODING 2228
SWIDTH 154 0
DWIDTH 2 0
BBX 1 1 0 0
BITMAP
00
ENDCHAR
STARTCHAR uni08B5
ENCODING 2229
SWIDTH 154 0
DWIDTH 2 0
BBX 1 1 0 0
BITMAP
00
ENDCHAR
STARTCHAR uni08B6
ENCODING 2230
SWIDTH 154 0
DWIDTH 2 0
BBX 1 1 0 0
BITMAP
00
ENDCHAR
STARTCHAR uni08B7
ENCODING 2231
SWIDTH 154 0
DWIDTH 2 0
BBX 1 1 0 0
BITMAP
00
ENDCHAR
STARTCHAR uni08B8
ENCODING 2232
SWIDTH 154 0
DWIDTH 2 0
BBX 1 1 0 0
BITMAP
00
ENDCHAR
STARTCHAR uni08B9
ENCODING 2233
SWIDTH 154 0
DWIDTH 2 0
BBX 1 1 0 0
BITMAP
00
ENDCHAR
STARTCHAR uni08BA
ENCODING 2234
SWIDTH 154 0
DWIDTH 2 0
BBX 1 1 0 0
BITMAP
00
ENDCHAR
STARTCHAR uni08BB
ENCODING 2235
SWIDTH 154 0
DWIDTH 2 0
BBX 1 1 0 0
BITMAP
00
ENDCHAR
STARTCHAR uni08BC
ENCODING 2236
SWIDTH 154 0
DWIDTH 2 0
BBX 1 1 0 0
BITMAP
00
ENDCHAR
STARTCHAR uni08BD
ENCODING 2237
SWIDTH 154 0
DWIDTH 2 0
BBX 1 1 0 0
BITMAP
00
ENDCHAR
STARTCHAR uni08BE
ENCODING 2238
SWIDTH 154 0
DWIDTH 2 0
BBX 1 1 0 0
BITMAP
00
ENDCHAR
STARTCHAR uni08BF
ENCODING 2239
SWIDTH 154 0
DWIDTH 2 0
BBX 1 1 0 0
BITMAP
00
ENDCHAR
STARTCHAR uni08C0
ENCODING 2240
SWIDTH 154 0
DWIDTH 2 0
BBX 1 1 0 0
BITMAP
00
ENDCHAR
STARTCHAR uni08C1
ENCODING 2241
SWIDTH 154 0
DWIDTH 2 0
BBX 1 1 0 0
BITMAP
00
ENDCHAR
STARTCHAR uni08C2
ENCODING 2242
SWIDTH 154 0
DWIDTH 2 0
BBX 1 1 0 0
BITMAP
00
ENDCHAR
STARTCHAR uni08C3
ENCODING 2243
SWIDTH 154 0
DWIDTH 2 0
BBX 1 1 0 0
BITMAP
00
ENDCHAR
STARTCHAR uni08C4
ENCODING 2244
SWIDTH 154 0
DWIDTH 2 0
BBX 1 1 0 0
BITMAP
00
ENDCHAR
STARTCHAR uni08C5
ENCODING 2245
SWIDTH 154 0
DWIDTH 2 0
BBX 1 1 0 0
BITMAP
00
ENDCHAR
STARTCHAR uni08C6
ENCODING 2246
SWIDTH 154 0
DWIDTH 2 0
BBX 1 1 0 0
BITMAP
00
ENDCHAR
STARTCHAR uni08C7
ENCODING 2247
SWIDTH 154 0
DWIDTH 2 0
BBX 1 1 0 0
BITMAP
00
ENDCHAR
STARTCHAR uni08C8
ENCODING 2248
SWIDTH 154 0
DWIDTH 2 0
BBX 1 1 0 0
BITMAP
00
ENDCHAR
STARTCHAR uni08C9
ENCODING 2249
SWIDTH 154 0
DWIDTH 2 0
BBX 1 1 0 0
BITMAP
00
ENDCHAR
STARTCHAR uni08CA
ENCODING 2250
SWIDTH 154 0
DWIDTH 2 0
BBX 1 1 0 0
BITMAP
00
ENDCHAR
STARTCHAR uni08CB
ENCODING 2251
SWIDTH 154 0
DWIDTH 2 0
BBX 1 1 0 0
BITMAP
00
ENDCHAR
STARTCHAR uni08CC
ENCODING 2252
SWIDTH 154 0
DWIDTH 2 0
BBX 1 1 0 0
BITMAP
00
ENDCHAR
STARTCHAR uni08CD
ENCODING 2253
SWIDTH 154 0
DWIDTH 2 0
BBX 1 1 0 0
BITMAP
00
ENDCHAR
STARTCHAR uni08CE
ENCODING 2254
SWIDTH 154 0
DWIDTH 2 0
BBX 1 1 0 0
BITMAP
00
ENDCHAR
STARTCHAR uni08CF
ENCODING 2255
SWIDTH 154 0
DWIDTH 2 0
BBX 1 1 0 0
BITMAP
00
ENDCHAR
STARTCHAR uni08D0
ENCODING 2256
SWIDTH 154 0
DWIDTH 2 0
BBX 1 1 0 0
BITMAP
00
ENDCHAR
STARTCHAR uni08D1
ENCODING 2257
SWIDTH 154 0
DWIDTH 2 0
BBX 1 1 0 0
BITMAP
00
ENDCHAR
STARTCHAR uni08D2
ENCODING 2258
SWIDTH 154 0
DWIDTH 2 0
BBX 1 1 0 0
BITMAP
00
ENDCHAR
STARTCHAR uni08D3
ENCODING 2259
SWIDTH 154 0
DWIDTH 2 0
BBX 1 1 0 0
BITMAP
00
ENDCHAR
STARTCHAR uni08D4
ENCODING 2260
SWIDTH 154 0
DWIDTH 2 0
BBX 1 1 0 0
BITMAP
00
ENDCHAR
STARTCHAR uni08D5
ENCODING 2261
SWIDTH 154 0
DWIDTH 2 0
BBX 1 1 0 0
BITMAP
00
ENDCHAR
STARTCHAR uni08D6
ENCODING 2262
SWIDTH 154 0
DWIDTH 2 0
BBX 1 1 0 0
BITMAP
00
ENDCHAR
STARTCHAR uni08D7
ENCODING 2263
SWIDTH 154 0
DWIDTH 2 0
BBX 1 1 0 0
BITMAP
00
ENDCHAR
STARTCHAR uni08D8
ENCODING 2264
SWIDTH 154 0
DWIDTH 2 0
BBX 1 1 0 0
BITMAP
00
ENDCHAR
STARTCHAR uni08D9
ENCODING 2265
SWIDTH 154 0
DWIDTH 2 0
BBX 1 1 0 0
BITMAP
00
ENDCHAR
STARTCHAR uni08DA
ENCODING 2266
SWIDTH 154 0
DWIDTH 2 0
BBX 1 1 0 0
BITMAP
00
ENDCHAR
STARTCHAR uni08DB
ENCODING 2267
SWIDTH 154 0
DWIDTH 2 0
BBX 1 1 0 0
BITMAP
00
ENDCHAR
STARTCHAR uni08DC
ENCODING 2268
SWIDTH 154 0
DWIDTH 2 0
BBX 1 1 0 0
BITMAP
00
ENDCHAR
STARTCHAR uni08DD
ENCODING 2269
SWIDTH 154 0
DWIDTH 2 0
BBX 1 1 0 0
BITMAP
00
ENDCHAR
STARTCHAR uni08DE
ENCODING 2270
SWIDTH 154 0
DWIDTH 2 0
BBX 1 1 0 0
BITMAP
00
ENDCHAR
STARTCHAR uni08DF
ENCODING 2271
SWIDTH 154 0
DWIDTH 2 0
BBX 1 1 0 0
BITMAP
00
ENDCHAR
STARTCHAR uni08E0
ENCODING 2272
SWIDTH 154 0
DWIDTH 2 0
BBX 1 1 0 0
BITMAP
00
ENDCHAR
STARTCHAR uni08E1
ENCODING 2273
SWIDTH 154 0
DWIDTH 2 0
BBX 1 1 0 0
BITMAP
00
ENDCHAR
STARTCHAR uni08E2
ENCODING 2274
SWIDTH 154 0
DWIDTH 2 0
BBX 1 1 0 0
BITMAP
00
ENDCHAR
STARTCHAR uni08E3
ENCODING 2275
SWIDTH 154 0
DWIDTH 2 0
BBX 1 1 0 0
BITMAP
00
ENDCHAR
STARTCHAR uni08E4
ENCODING 2276
SWIDTH 154 0
DWIDTH 2 0
BBX 1 1 0 0
BITMAP
00
ENDCHAR
STARTCHAR uni08E5
ENCODING 2277
SWIDTH 154 0
DWIDTH 2 0
BBX 1 1 0 0
BITMAP
00
ENDCHAR
STARTCHAR uni08E6
ENCODING 2278
SWIDTH 154 0
DWIDTH 2 0
BBX 1 1 0 0
BITMAP
00
ENDCHAR
STARTCHAR uni08E7
ENCODING 2279
SWIDTH 154 0
DWIDTH 2 0
BBX 1 1 0 0
BITMAP
00
ENDCHAR
STARTCHAR uni08E8
ENCODING 2280
SWIDTH 154 0
DWIDTH 2 0
BBX 1 1 0 0
BITMAP
00
ENDCHAR
STARTCHAR uni08E9
ENCODING 2281
SWIDTH 154 0
DWIDTH 2 0
BBX 1 1 0 0
BITMAP
00
ENDCHAR
STARTCHAR uni08EA
ENCODING 2282
SWIDTH 154 0
DWIDTH 2 0
BBX 1 1 0 0
BITMAP
00
ENDCHAR
STARTCHAR uni08EB
ENCODING 2283
SWIDTH 154 0
DWIDTH 2 0
BBX 1 1 0 0
BITMAP
00
ENDCHAR
STARTCHAR uni08EC
ENCODING 2284
SWIDTH 154 0
DWIDTH 2 0
BBX 1 1 0 0
BITMAP
00
ENDCHAR
STARTCHAR uni08ED
ENCODING 2285
SWIDTH 154 0
DWIDTH 2 0
BBX 1 1 0 0
BITMAP
00
ENDCHAR
STARTCHAR uni08EE
ENCODING 2286
SWIDTH 154 0
DWIDTH 2 0
BBX 1 1 0 0
BITMAP
00
ENDCHAR
STARTCHAR uni08EF
ENCODING 2287
SWIDTH 154 0
DWIDTH 2 0
BBX 1 1 0 0
BITMAP
00
ENDCHAR
STARTCHAR uni08F0
ENCODING 2288
SWIDTH 154 0
DWIDTH 2 0
BBX 1 1 0 0
BITMAP
00
ENDCHAR
STARTCHAR uni08F1
ENCODING 2289
SWIDTH 154 0
DWIDTH 2 0
BBX 1 1 0 0
BITMAP
00
ENDCHAR
STARTCHAR uni08F2
ENCODING 2290
SWIDTH 154 0
DWIDTH 2 0
BBX 1 1 0 0
BITMAP
00
ENDCHAR
STARTCHAR uni08F3
ENCODING 2291
SWIDTH 154 0
DWIDTH 2 0
BBX 1 1 0 0
BITMAP
00
ENDCHAR
STARTCHAR uni08F4
ENCODING 2292
SWIDTH 154 0
DWIDTH 2 0
BBX 1 1 0 0
BITMAP
00
ENDCHAR
STARTCHAR uni08F5
ENCODING 2293
SWIDTH 154 0
DWIDTH 2 0
BBX 1 1 0 0
BITMAP
00
ENDCHAR
STARTCHAR uni08F6
ENCODING 2294
SWIDTH 154 0
DWIDTH 2 0
BBX 1 1 0 0
BITMAP
00
ENDCHAR
STARTCHAR uni08F7
ENCODING 2295
SWIDTH 154 0
DWIDTH 2 0
BBX 1 1 0 0
BITMAP
00
ENDCHAR
STARTCHAR uni08F8
ENCODING 2296
SWIDTH 154 0
DWIDTH 2 0
BBX 1 1 0 0
BITMAP
00
ENDCHAR
STARTCHAR uni08F9
ENCODING 2297
SWIDTH 154 0
DWIDTH 2 0
BBX 1 1 0 0
BITMAP
00
ENDCHAR
STARTCHAR uni08FA
ENCODING 2298
SWIDTH 154 0
DWIDTH 2 0
BBX 1 1 0 0
BITMAP
00
ENDCHAR
STARTCHAR uni08FB
ENCODING 2299
SWIDTH 154 0
DWIDTH 2 0
BBX 1 1 0 0
BITMAP
00
ENDCHAR
STARTCHAR uni08FC
ENCODING 2300
SWIDTH 154 0
DWIDTH 2 0
BBX 1 1 0 0
BITMAP
00
ENDCHAR
STARTCHAR uni08FD
ENCODING 2301
SWIDTH 154 0
DWIDTH 2 0
BBX 1 1 0 0
BITMAP
00
ENDCHAR
STARTCHAR uni08FE
ENCODING 2302
SWIDTH 154 0
DWIDTH 2 0
BBX 1 1 0 0
BITMAP
00
ENDCHAR
STARTCHAR uni08FF
ENCODING 2303
SWIDTH 154 0
DWIDTH 2 0
BBX 1 1 0 0
BITMAP
00
ENDCHAR
STARTCHAR uni0900
ENCODING 2304
SWIDTH 154 0
DWIDTH 2 0
BBX 1 1 0 0
BITMAP
00
ENDCHAR
STARTCHAR uni0901
ENCODING 2305
SWIDTH 154 0
DWIDTH 2 0
BBX 1 1 0 0
BITMAP
00
ENDCHAR
STARTCHAR uni0902
ENCODING 2306
SWIDTH 154 0
DWIDTH 2 0
BBX 1 1 0 0
BITMAP
00
ENDCHAR
STARTCHAR uni0903
ENCODING 2307
SWIDTH 154 0
DWIDTH 2 0
BBX 1 1 0 0
BITMAP
00
ENDCHAR
STARTCHAR uni0904
ENCODING 2308
SWIDTH 154 0
DWIDTH 2 0
BBX 1 1 0 0
BITMAP
00
ENDCHAR
STARTCHAR uni0905
ENCODING 2309
SWIDTH 154 0
DWIDTH 2 0
BBX 1 1 0 0
BITMAP
00
ENDCHAR
STARTCHAR uni0906
ENCODING 2310
SWIDTH 154 0
DWIDTH 2 0
BBX 1 1 0 0
BITMAP
00
ENDCHAR
STARTCHAR uni0907
ENCODING 2311
SWIDTH 154 0
DWIDTH 2 0
BBX 1 1 0 0
BITMAP
00
ENDCHAR
STARTCHAR uni0908
ENCODING 2312
SWIDTH 154 0
DWIDTH 2 0
BBX 1 1 0 0
BITMAP
00
ENDCHAR
STARTCHAR uni0909
ENCODING 2313
SWIDTH 154 0
DWIDTH 2 0
BBX 1 1 0 0
BITMAP
00
ENDCHAR
STARTCHAR uni090A
ENCODING 2314
SWIDTH 154 0
DWIDTH 2 0
BBX 1 1 0 0
BITMAP
00
ENDCHAR
STARTCHAR uni090B
ENCODING 2315
SWIDTH 154 0
DWIDTH 2 0
BBX 1 1 0 0
BITMAP
00
ENDCHAR
STARTCHAR uni090C
ENCODING 2316
SWIDTH 154 0
DWIDTH 2 0
BBX 1 1 0 0
BITMAP
00
ENDCHAR
STARTCHAR uni090D
ENCODING 2317
SWIDTH 154 0
DWIDTH 2 0
BBX 1 1 0 0
BITMAP
00
ENDCHAR
STARTCHAR uni090E
ENCODING 2318
SWIDTH 154 0
DWIDTH 2 0
BBX 1 1 0 0
BITMAP
00
ENDCHAR
STARTCHAR uni090F
ENCODING 2319
SWIDTH 154 0
DWIDTH 2 0
BBX 1 1 0 0
BITMAP
00
ENDCHAR
STARTCHAR uni0910
ENCODING 2320
SWIDTH 154 0
DWIDTH 2 0
BBX 1 1 0 0
BITMAP
00
ENDCHAR
STARTCHAR uni0911
ENCODING 2321
SWIDTH 154 0
DWIDTH 2 0
BBX 1 1 0 0
BITMAP
00
ENDCHAR
STARTCHAR uni0912
ENCODING 2322
SWIDTH 154 0
DWIDTH 2 0
BBX 1 1 0 0
BITMAP
00
ENDCHAR
STARTCHAR uni0913
ENCODING 2323
SWIDTH 154 0
DWIDTH 2 0
BBX 1 1 0 0
BITMAP
00
ENDCHAR
STARTCHAR uni0914
ENCODING 2324
SWIDTH 154 0
DWIDTH 2 0
BBX 1 1 0 0
BITMAP
00
ENDCHAR
STARTCHAR uni0915
ENCODING 2325
SWIDTH 154 0
DWIDTH 2 0
BBX 1 1 0 0
BITMAP
00
ENDCHAR
STARTCHAR uni0916
ENCODING 2326
SWIDTH 154 0
DWIDTH 2 0
BBX 1 1 0 0
BITMAP
00
ENDCHAR
STARTCHAR uni0917
ENCODING 2327
SWIDTH 154 0
DWIDTH 2 0
BBX 1 1 0 0
BITMAP
00
ENDCHAR
STARTCHAR uni0918
ENCODING 2328
SWIDTH 154 0
DWIDTH 2 0
BBX 1 1 0 0
BITMAP
00
ENDCHAR
STARTCHAR uni0919
ENCODING 2329
SWIDTH 154 0
DWIDTH 2 0
BBX 1 1 0 0
BITMAP
00
ENDCHAR
STARTCHAR uni091A
ENCODING 2330
SWIDTH 154 0
DWIDTH 2 0
BBX 1 1 0 0
BITMAP
00
ENDCHAR
STARTCHAR uni091B
ENCODING 2331
SWIDTH 154 0
DWIDTH 2 0
BBX 1 1 0 0
BITMAP
00
ENDCHAR
STARTCHAR uni091C
ENCODING 2332
SWIDTH 154 0
DWIDTH 2 0
BBX 1 1 0 0
BITMAP
00
ENDCHAR
STARTCHAR uni091D
ENCODING 2333
SWIDTH 154 0
DWIDTH 2 0
BBX 1 1 0 0
BITMAP
00
ENDCHAR
STARTCHAR uni091E
ENCODING 2334
SWIDTH 154 0
DWIDTH 2 0
BBX 1 1 0 0
BITMAP
00
ENDCHAR
STARTCHAR uni091F
ENCODING 2335
SWIDTH 154 0
DWIDTH 2 0
BBX 1 1 0 0
BITMAP
00
ENDCHAR
STARTCHAR uni0920
ENCODING 2336
SWIDTH 154 0
DWIDTH 2 0
BBX 1 1 0 0
BITMAP
00
ENDCHAR
STARTCHAR uni0921
ENCODING 2337
SWIDTH 154 0
DWIDTH 2 0
BBX 1 1 0 0
BITMAP
00
ENDCHAR
STARTCHAR uni0922
ENCODING 2338
SWIDTH 154 0
DWIDTH 2 0
BBX 1 1 0 0
BITMAP
00
ENDCHAR
STARTCHAR uni0923
ENCODING 2339
SWIDTH 154 0
DWIDTH 2 0
BBX 1 1 0 0
BITMAP
00
ENDCHAR
STARTCHAR uni0924
ENCODING 2340
SWIDTH 154 0
DWIDTH 2 0
BBX 1 1 0 0
BITMAP
00
ENDCHAR
STARTCHAR uni0925
ENCODING 2341
SWIDTH 154 0
DWIDTH 2 0
BBX 1 1 0 0
BITMAP
00
ENDCHAR
STARTCHAR uni0926
ENCODING 2342
SWIDTH 154 0
DWIDTH 2 0
BBX 1 1 0 0
BITMAP
00
ENDCHAR
STARTCHAR uni0927
ENCODING 2343
SWIDTH 154 0
DWIDTH 2 0
BBX 1 1 0 0
BITMAP
00
ENDCHAR
STARTCHAR uni0928
ENCODING 2344
SWIDTH 154 0
DWIDTH 2 0
BBX 1 1 0 0
BITMAP
00
ENDCHAR
STARTCHAR uni0929
ENCODING 2345
SWIDTH 154 0
DWIDTH 2 0
BBX 1 1 0 0
BITMAP
00
ENDCHAR
STARTCHAR uni092A
ENCODING 2346
SWIDTH 154 0
DWIDTH 2 0
BBX 1 1 0 0
BITMAP
00
ENDCHAR
STARTCHAR uni092B
ENCODING 2347
SWIDTH 154 0
DWIDTH 2 0
BBX 1 1 0 0
BITMAP
00
ENDCHAR
STARTCHAR uni092C
ENCODING 2348
SWIDTH 154 0
DWIDTH 2 0
BBX 1 1 0 0
BITMAP
00
ENDCHAR
STARTCHAR uni092D
ENCODING 2349
SWIDTH 154 0
DWIDTH 2 0
BBX 1 1 0 0
BITMAP
00
ENDCHAR
STARTCHAR uni092E
ENCODING 2350
SWIDTH 154 0
DWIDTH 2 0
BBX 1 1 0 0
BITMAP
00
ENDCHAR
STARTCHAR uni092F
ENCODING 2351
SWIDTH 154 0
DWIDTH 2 0
BBX 1 1 0 0
BITMAP
00
ENDCHAR
STARTCHAR uni0930
ENCODING 2352
SWIDTH 154 0
DWIDTH 2 0
BBX 1 1 0 0
BITMAP
00
ENDCHAR
STARTCHAR uni0931
ENCODING 2353
SWIDTH 154 0
DWIDTH 2 0
BBX 1 1 0 0
BITMAP
00
ENDCHAR
STARTCHAR uni0932
ENCODING 2354
SWIDTH 154 0
DWIDTH 2 0
BBX 1 1 0 0
BITMAP
00
ENDCHAR
STARTCHAR uni0933
ENCODING 2355
SWIDTH 154 0
DWIDTH 2 0
BBX 1 1 0 0
BITMAP
00
ENDCHAR
STARTCHAR uni0934
ENCODING 2356
SWIDTH 154 0
DWIDTH 2 0
BBX 1 1 0 0
BITMAP
00
ENDCHAR
STARTCHAR uni0935
ENCODING 2357
SWIDTH 154 0
DWIDTH 2 0
BBX 1 1 0 0
BITMAP
00
ENDCHAR
STARTCHAR uni0936
ENCODING 2358
SWIDTH 154 0
DWIDTH 2 0
BBX 1 1 0 0
BITMAP
00
ENDCHAR
STARTCHAR uni0937
ENCODING 2359
SWIDTH 154 0
DWIDTH 2 0
BBX 1 1 0 0
BITMAP
00
ENDCHAR
STARTCHAR uni0938
ENCODING 2360
SWIDTH 154 0
DWIDTH 2 0
BBX 1 1 0 0
BITMAP
00
ENDCHAR
STARTCHAR uni0939
ENCODING 2361
SWIDTH 154 0
DWIDTH 2 0
BBX 1 1 0 0
BITMAP
00
ENDCHAR
STARTCHAR uni093A
ENCODING 2362
SWIDTH 154 0
DWIDTH 2 0
BBX 1 1 0 0
BITMAP
00
ENDCHAR
STARTCHAR uni093B
ENCODING 2363
SWIDTH 154 0
DWIDTH 2 0
BBX 1 1 0 0
BITMAP
00
ENDCHAR
STARTCHAR uni093C
ENCODING 2364
SWIDTH 154 0
DWIDTH 2 0
BBX 1 1 0 0
BITMAP
00
ENDCHAR
STARTCHAR uni093D
ENCODING 2365
SWIDTH 154 0
DWIDTH 2 0
BBX 1 1 0 0
BITMAP
00
ENDCHAR
STARTCHAR uni093E
ENCODING 2366
SWIDTH 154 0
DWIDTH 2 0
BBX 1 1 0 0
BITMAP
00
ENDCHAR
STARTCHAR uni093F
ENCODING 2367
SWIDTH 154 0
DWIDTH 2 0
BBX 1 1 0 0
BITMAP
00
ENDCHAR
STARTCHAR uni0940
ENCODING 2368
SWIDTH 154 0
DWIDTH 2 0
BBX 1 1 0 0
BITMAP
00
ENDCHAR
STARTCHAR uni0941
ENCODING 2369
SWIDTH 154 0
DWIDTH 2 0
BBX 1 1 0 0
BITMAP
00
ENDCHAR
STARTCHAR uni0942
ENCODING 2370
SWIDTH 154 0
DWIDTH 2 0
BBX 1 1 0 0
BITMAP
00
ENDCHAR
STARTCHAR uni0943
ENCODING 2371
SWIDTH 154 0
DWIDTH 2 0
BBX 1 1 0 0
BITMAP
00
ENDCHAR
STARTCHAR uni0E01
ENCODING 3585
SWIDTH 568 0
DWIDTH 8 0
BBX 7 6 0 0
BITMAP
7C
C6
E6
66
66
66
ENDCHAR
STARTCHAR uni0E02
ENCODING 3586
SWIDTH 568 0
DWIDTH 8 0
BBX 6 6 0 0
BITMAP
EC
EC
6C
CC
CC
78
ENDCHAR
STARTCHAR uni0E03
ENCODING 3587
SWIDTH 568 0
DWIDTH 8 0
BBX 7 6 0 0
BITMAP
B6
F6
36
66
66
3C
ENDCHAR
STARTCHAR uni0E04
ENCODING 3588
SWIDTH 568 0
DWIDTH 8 0
BBX 7 6 0 0
BITMAP
7C
C6
F6
F6
E6
66
ENDCHAR
STARTCHAR uni0E05
ENCODING 3589
SWIDTH 568 0
DWIDTH 8 0
BBX 7 6 0 0
BITMAP
6C
D6
F6
F6
E6
66
ENDCHAR
STARTCHAR uni0E06
ENCODING 3590
SWIDTH 568 0
DWIDTH 8 0
BBX 7 6 0 0
BITMAP
B6
F6
36
66
F6
EC
ENDCHAR
STARTCHAR uni0E07
ENCODING 3591
SWIDTH 568 0
DWIDTH 8 0
BBX 6 6 0 0
BITMAP
1C
1C
CC
6C
6C
3C
ENDCHAR
STARTCHAR uni0E08
ENCODING 3592
SWIDTH 568 0
DWIDTH 8 0
BBX 7 6 0 0
BITMAP
7C
C6
3E
3E
1E
1C
ENDCHAR
STARTCHAR uni0E09
ENCODING 3593
SWIDTH 568 0
DWIDTH 8 0
BBX 7 6 0 0
BITMAP
F8
0C
EC
EC
7E
76
ENDCHAR
STARTCHAR uni0E0A
ENCODING 3594
SWIDTH 568 0
DWIDTH 8 0
BBX 6 7 0 0
BITMAP
0C
EC
F8
6C
CC
CC
78
ENDCHAR
STARTCHAR uni0E0B
ENCODING 3595
SWIDTH 568 0
DWIDTH 8 0
BBX 7 7 0 0
BITMAP
06
B6
FC
36
66
66
3C
ENDCHAR
STARTCHAR uni0E0C
ENCODING 3596
SWIDTH 568 0
DWIDTH 8 0
BBX 8 6 0 0
BITMAP
73
DB
7B
DB
FF
FB
ENDCHAR
STARTCHAR uni0E0D
ENCODING 3597
SWIDTH 568 0
DWIDTH 8 0
BBX 7 6 0 0
BITMAP
76
DE
7E
DE
F8
FE
ENDCHAR
STARTCHAR uni0E0E
ENCODING 3598
SWIDTH 568 0
DWIDTH 8 0
BBX 7 8 0 -2
BITMAP
7C
C6
66
66
E6
EE
16
2E
ENDCHAR
STARTCHAR uni0E0F
ENCODING 3599
SWIDTH 568 0
DWIDTH 8 0
BBX 7 8 0 -2
BITMAP
7C
C6
66
66
E6
EE
1E
2A
ENDCHAR
STARTCHAR uni0E10
ENCODING 3600
SWIDTH 568 0
DWIDTH 8 0
BBX 6 8 1 -2
BITMAP
7C
C0
78
6C
6C
1C
AC
5C
ENDCHAR
STARTCHAR uni0E11
ENCODING 3601
SWIDTH 568 0
DWIDTH 8 0
BBX 7 6 0 0
BITMAP
A4
EE
36
66
66
66
ENDCHAR
STARTCHAR uni0E12
ENCODING 3602
SWIDTH 568 0
DWIDTH 8 0
BBX 8 6 0 0
BITMAP
6B
DB
CB
FB
DF
FB
ENDCHAR
STARTCHAR uni0E13
ENCODING 3603
SWIDTH 568 0
DWIDTH 8 0
BBX 8 6 0 0
BITMAP
76
DE
7E
DE
FF
FB
ENDCHAR
STARTCHAR uni0E14
ENCODING 3604
SWIDTH 568 0
DWIDTH 8 0
BBX 7 6 0 0
BITMAP
7C
C6
F6
F6
D6
66
ENDCHAR
STARTCHAR uni0E15
ENCODING 3605
SWIDTH 568 0
DWIDTH 8 0
BBX 7 6 0 0
BITMAP
74
CE
F6
F6
D6
66
ENDCHAR
STARTCHAR uni0E16
ENCODING 3606
SWIDTH 568 0
DWIDTH 8 0
BBX 7 6 0 0
BITMAP
7C
C6
E6
66
76
76
ENDCHAR
STARTCHAR uni0E17
ENCODING 3607
SWIDTH 568 0
DWIDTH 8 0
BBX 7 6 0 0
BITMAP
EC
FE
76
66
66
66
ENDCHAR
STARTCHAR uni0E18
ENCODING 3608
SWIDTH 568 0
DWIDTH 8 0
BBX 7 6 0 0
BITMAP
7E
C0
FC
66
66
3C
ENDCHAR
STARTCHAR uni0E19
ENCODING 3609
SWIDTH 568 0
DWIDTH 8 0
BBX 7 6 0 0
BITMAP
EC
EC
6C
CC
DE
76
ENDCHAR
STARTCHAR uni0E1A
ENCODING 3610
SWIDTH 568 0
DWIDTH 8 0
BBX 7 6 0 0
BITMAP
E6
E6
66
66
66
3C
ENDCHAR
STARTCHAR uni0E1B
ENCODING 3611
SWIDTH 568 0
DWIDTH 8 0
BBX 7 8 0 0
BITMAP
06
06
E6
E6
66
66
66
3C
ENDCHAR
STARTCHAR uni0E1C
ENCODING 3612
SWIDTH 568 0
DWIDTH 8 0
BBX 7 6 0 0
BITMAP
E6
E6
C6
D6
D6
6C
ENDCHAR
STARTCHAR uni0E1D
ENCODING 3613
SWIDTH 568 0
DWIDTH 8 0
BBX 7 8 0 0
BITMAP
06
06
E6
E6
C6
D6
D6
6C
ENDCHAR
STARTCHAR uni0E1E
ENCODING 3614
SWIDTH 568 0
DWIDTH 8 0
BBX 7 6 0 0
BITMAP
E6
E6
76
D6
D6
6C
ENDCHAR
STARTCHAR uni0E1F
ENCODING 3615
SWIDTH 568 0
DWIDTH 8 0
BBX 7 8 0 0
BITMAP
06
06
E6
E6
76
D6
D6
6C
ENDCHAR
STARTCHAR uni0E20
ENCODING 3616
SWIDTH 568 0
DWIDTH 8 0
BBX 7 6 0 0
BITMAP
7C
C6
E6
66
E6
E6
ENDCHAR
STARTCHAR uni0E21
ENCODING 3617
SWIDTH 568 0
DWIDTH 8 0
BBX 7 6 0 0
BITMAP
E6
E6
66
66
F6
EC
ENDCHAR
STARTCHAR uni0E22
ENCODING 3618
SWIDTH 568 0
DWIDTH 8 0
BBX 7 6 0 0
BITMAP
E6
E6
C6
76
C6
7C
ENDCHAR
STARTCHAR uni0E23
ENCODING 3619
SWIDTH 568 0
DWIDTH 8 0
BBX 6 6 0 0
BITMAP
7C
C0
FC
0C
1C
1C
ENDCHAR
STARTCHAR uni0E24
ENCODING 3620
SWIDTH 568 0
DWIDTH 8 0
BBX 7 8 0 -2
BITMAP
7C
C6
E6
66
76
76
06
06
ENDCHAR
STARTCHAR uni0E25
ENCODING 3621
SWIDTH 568 0
DWIDTH 8 0
BBX 7 6 0 0
BITMAP
7C
C6
3E
66
76
76
ENDCHAR
STARTCHAR uni0E26
ENCODING 3622
SWIDTH 568 0
DWIDTH 8 0
BBX 7 8 0 -2
BITMAP
7C
C6
E6
66
E6
E6
06
06
ENDCHAR
STARTCHAR uni0E27
ENCODING 3623
SWIDTH 568 0
DWIDTH 8 0
BBX 7 6 0 0
BITMAP
7C
C6
06
06
0E
0E
ENDCHAR
STARTCHAR uni0E28
ENCODING 3624
SWIDTH 568 0
DWIDTH 8 0
BBX 7 8 0 0
BITMAP
06
06
7C
C6
F6
F6
E6
66
ENDCHAR
STARTCHAR uni0E29
ENCODING 3625
SWIDTH 568 0
DWIDTH 8 0
BBX 7 6 0 0
BITMAP
E6
E6
6E
6E
66
3C
ENDCHAR
STARTCHAR uni0E2A
ENCODING 3626
SWIDTH 568 0
DWIDTH 8 0
BBX 7 8 0 0
BITMAP
06
06
7C
C6
3E
66
76
76
ENDCHAR
STARTCHAR uni0E2B
ENCODING 3627
SWIDTH 568 0
DWIDTH 8 0
BBX 7 6 0 0
BITMAP
EE
EE
6C
7E
76
66
ENDCHAR
STARTCHAR uni0E2C
ENCODING 3628
SWIDTH 568 0
DWIDTH 8 0
BBX 7 8 0 0
BITMAP
06
06
EC
E6
76
D6
D6
6C
ENDCHAR
STARTCHAR uni0E2D
ENCODING 3629
SWIDTH 568 0
DWIDTH 8 0
BBX 7 6 0 0
BITMAP
7C
C6
76
76
66
3C
ENDCHAR
STARTCHAR uni0E2E
ENCODING 3630
SWIDTH 568 0
DWIDTH 8 0
BBX 7 8 0 0
BITMAP
06
06
7C
FE
76
76
66
3C
ENDCHAR
STARTCHAR uni0E2F
ENCODING 3631
SWIDTH 568 0
DWIDTH 8 0
BBX 6 6 0 0
BITMAP
EC
FC
0C
0C
0C
18
ENDCHAR
STARTCHAR uni0E30
ENCODING 3632
SWIDTH 568 0
DWIDTH 8 0
BBX 6 5 1 0
BITMAP
EC
F8
00
EC
F8
ENDCHAR
STARTCHAR uni0E31
ENCODING 3633
SWIDTH 568 0
DWIDTH 8 0
BBX 6 2 0 7
BITMAP
C0
FC
ENDCHAR
STARTCHAR uni0E32
ENCODING 3634
SWIDTH 568 0
DWIDTH 8 0
BBX 7 6 0 0
BITMAP
7C
C6
06
06
06
06
ENDCHAR
STARTCHAR uni0E33
ENCODING 3635
SWIDTH 568 0
DWIDTH 8 0
BBX 7 8 0 0
BITMAP
E0
E0
3C
66
06
06
06
06
ENDCHAR
STARTCHAR uni0E34
ENCODING 3636
SWIDTH 568 0
DWIDTH 8 0
BBX 7 1 0 7
BITMAP
FE
ENDCHAR
STARTCHAR uni0E35
ENCODING 3637
SWIDTH 568 0
DWIDTH 8 0
BBX 7 2 0 7
BITMAP
06
FE
ENDCHAR
STARTCHAR uni0E36
ENCODING 3638
SWIDTH 568 0
DWIDTH 8 0
BBX 7 2 0 7
BITMAP
0E
FE
ENDCHAR
STARTCHAR uni0E37
ENCODING 3639
SWIDTH 568 0
DWIDTH 8 0
BBX 7 2 0 7
BITMAP
36
FE
ENDCHAR
STARTCHAR uni0E38
ENCODING 3640
SWIDTH 568 0
DWIDTH 8 0
BBX 3 2 4 -2
BITMAP
E0
60
ENDCHAR
STARTCHAR uni0E39
ENCODING 3641
SWIDTH 568 0
DWIDTH 8 0
BBX 6 2 1 -2
BITMAP
EC
7C
ENDCHAR
STARTCHAR uni0E3A
ENCODING 3642
SWIDTH 568 0
DWIDTH 8 0
BBX 3 2 3 -2
BITMAP
E0
E0
ENDCHAR
STARTCHAR uni0E3F
ENCODING 3647
SWIDTH 568 0
DWIDTH 8 0
BBX 7 9 0 -1
BITMAP
10
FC
D6
D6
FC
D6
D6
FC
10
ENDCHAR
STARTCHAR uni0E40
ENCODING 3648
SWIDTH 568 0
DWIDTH 8 0
BBX 3 6 2 0
BITMAP
C0
C0
C0
C0
E0
E0
ENDCHAR
STARTCHAR uni0E41
ENCODING 3649
SWIDTH 568 0
DWIDTH 8 0
BBX 7 6 0 0
BITMAP
CC
CC
CC
CC
EE
EE
ENDCHAR
STARTCHAR uni0E42
ENCODING 3650
SWIDTH 568 0
DWIDTH 8 0
BBX 7 8 0 0
BITMAP
7E
C0
FC
0C
0C
0C
0E
0E
ENDCHAR
STARTCHAR uni0E43
ENCODING 3651
SWIDTH 568 0
DWIDTH 8 0
BBX 7 8 0 0
BITMAP
78
CC
FC
7C
0C
0C
0E
0E
ENDCHAR
STARTCHAR uni0E44
ENCODING 3652
SWIDTH 568 0
DWIDTH 8 0
BBX 7 8 0 0
BITMAP
DC
6C
0C
0C
0C
0C
0E
0E
ENDCHAR
STARTCHAR uni0E45
ENCODING 3653
SWIDTH 568 0
DWIDTH 8 0
BBX 7 8 0 -2
BITMAP
7C
C6
06
06
06
06
06
06
ENDCHAR
STARTCHAR uni0E46
ENCODING 3654
SWIDTH 568 0
DWIDTH 8 0
BBX 7 8 0 -2
BITMAP
EC
D6
06
06
06
06
0C
18
ENDCHAR
STARTCHAR uni0E47
ENCODING 3655
SWIDTH 568 0
DWIDTH 8 0
BBX 8 4 0 7
BITMAP
03
7E
D6
6E
ENDCHAR
STARTCHAR uni0E48
ENCODING 3656
SWIDTH 568 0
DWIDTH 8 0
BBX 2 2 5 9
BITMAP
C0
C0
ENDCHAR
STARTCHAR uni0E49
ENCODING 3657
SWIDTH 568 0
DWIDTH 8 0
BBX 6 2 2 9
BITMAP
EC
78
ENDCHAR
STARTCHAR uni0E4A
ENCODING 3658
SWIDTH 568 0
DWIDTH 8 0
BBX 6 2 2 9
BITMAP
AC
F8
ENDCHAR
STARTCHAR uni0E4B
ENCODING 3659
SWIDTH 568 0
DWIDTH 8 0
BBX 4 3 4 8
BITMAP
60
F0
60
ENDCHAR
STARTCHAR uni0E4C
ENCODING 3660
SWIDTH 568 0
DWIDTH 8 0
BBX 3 2 4 9
BITMAP
E0
C0
ENDCHAR
STARTCHAR uni0E4D
ENCODING 3661
SWIDTH 568 0
DWIDTH 8 0
BBX 3 2 4 9
BITMAP
E0
E0
ENDCHAR
STARTCHAR uni0E4E
ENCODING 3662
SWIDTH 568 0
DWIDTH 8 0
BBX 5 4 3 7
BITMAP
78
60
C0
E0
ENDCHAR
STARTCHAR uni0E4F
ENCODING 3663
SWIDTH 568 0
DWIDTH 8 0
BBX 7 5 0 0
BITMAP
7C
C6
D6
C6
7C
ENDCHAR
STARTCHAR uni0E50
ENCODING 3664
SWIDTH 568 0
DWIDTH 8 0
BBX 7 5 0 0
BITMAP
7C
C6
C6
C6
7C
ENDCHAR
STARTCHAR uni0E51
ENCODING 3665
SWIDTH 568 0
DWIDTH 8 0
BBX 7 5 0 0
BITMAP
7C
C6
76
06
7C
ENDCHAR
STARTCHAR uni0E52
ENCODING 3666
SWIDTH 568 0
DWIDTH 8 0
BBX 7 7 0 0
BITMAP
C0
C0
F6
FE
F6
C6
7C
ENDCHAR
STARTCHAR uni0E53
ENCODING 3667
SWIDTH 568 0
DWIDTH 8 0
BBX 7 5 0 0
BITMAP
6C
D6
D6
E6
E6
ENDCHAR
STARTCHAR uni0E54
ENCODING 3668
SWIDTH 568 0
DWIDTH 8 0
BBX 7 7 0 0
BITMAP
06
06
7C
C0
DC
DC
7E
ENDCHAR
STARTCHAR uni0E55
ENCODING 3669
SWIDTH 568 0
DWIDTH 8 0
BBX 7 7 0 0
BITMAP
06
36
7C
C0
DC
DC
7E
ENDCHAR
STARTCHAR uni0E56
ENCODING 3670
SWIDTH 568 0
DWIDTH 8 0
BBX 7 6 0 0
BITMAP
C0
6C
36
06
36
3C
ENDCHAR
STARTCHAR uni0E57
ENCODING 3671
SWIDTH 568 0
DWIDTH 8 0
BBX 7 7 0 0
BITMAP
06
06
5E
FE
EE
CE
EC
ENDCHAR
STARTCHAR uni0E58
ENCODING 3672
SWIDTH 568 0
DWIDTH 8 0
BBX 7 6 0 0
BITMAP
06
7C
C0
CE
FE
6C
ENDCHAR
STARTCHAR uni0E59
ENCODING 3673
SWIDTH 568 0
DWIDTH 8 0
BBX 7 7 0 0
BITMAP
06
06
1C
78
D8
FC
76
ENDCHAR
STARTCHAR uni0E5A
ENCODING 3674
SWIDTH 568 0
DWIDTH 8 0
BBX 8 6 0 0
BITMAP
DB
FB
1B
1B
1B
76
ENDCHAR
STARTCHAR uni0E5B
ENCODING 3675
SWIDTH 568 0
DWIDTH 8 0
BBX 8 6 0 0
BITMAP
E0
E0
D7
DC
F8
60
ENDCHAR
STARTCHAR uni1E02
ENCODING 7682
SWIDTH 568 0
DWIDTH 8 0
BBX 7 11 0 0
BITMAP
18
18
00
FC
66
66
7C
66
66
66
FC
ENDCHAR
STARTCHAR uni1E03
ENCODING 7683
SWIDTH 568 0
DWIDTH 8 0
BBX 7 11 0 0
BITMAP
18
18
C0
C0
C0
DC
E6
C6
C6
E6
DC
ENDCHAR
STARTCHAR uni1E0A
ENCODING 7690
SWIDTH 568 0
DWIDTH 8 0
BBX 7 11 0 0
BITMAP
18
18
00
FC
66
66
66
66
66
66
FC
ENDCHAR
STARTCHAR uni1E0B
ENCODING 7691
SWIDTH 568 0
DWIDTH 8 0
BBX 7 11 0 0
BITMAP
30
30
06
06
06
76
CE
C6
C6
CE
76
ENDCHAR
STARTCHAR uni1E1E
ENCODING 7710
SWIDTH 568 0
DWIDTH 8 0
BBX 6 11 1 0
BITMAP
30
30
00
FC
C0
C0
F0
C0
C0
C0
C0
ENDCHAR
STARTCHAR uni1E1F
ENCODING 7711
SWIDTH 568 0
DWIDTH 8 0
BBX 6 11 1 0
BITMAP
30
30
00
38
64
60
F8
60
60
60
60
ENDCHAR
STARTCHAR uni1E40
ENCODING 7744
SWIDTH 568 0
DWIDTH 8 0
BBX 7 11 0 0
BITMAP
18
18
00
C6
C6
EE
D6
C6
C6
C6
C6
ENDCHAR
STARTCHAR uni1E41
ENCODING 7745
SWIDTH 568 0
DWIDTH 8 0
BBX 7 10 0 0
BITMAP
18
18
00
6C
FE
D6
D6
C6
C6
C6
ENDCHAR
STARTCHAR uni1E56
ENCODING 7766
SWIDTH 568 0
DWIDTH 8 0
BBX 6 11 1 0
BITMAP
30
30
00
F8
CC
CC
F8
C0
C0
C0
C0
ENDCHAR
STARTCHAR uni1E57
ENCODING 7767
SWIDTH 568 0
DWIDTH 8 0
BBX 7 11 0 -2
BITMAP
18
18
00
DC
E6
C6
E6
DC
C0
C0
C0
ENDCHAR
STARTCHAR uni1E60
ENCODING 7776
SWIDTH 568 0
DWIDTH 8 0
BBX 7 11 0 0
BITMAP
18
18
00
7C
C6
C0
7C
06
06
C6
7C
ENDCHAR
STARTCHAR uni1E61
ENCODING 7777
SWIDTH 568 0
DWIDTH 8 0
BBX 7 9 0 0
BITMAP
18
18
00
7C
C6
70
1C
C6
7C
ENDCHAR
STARTCHAR uni1E6A
ENCODING 7786
SWIDTH 568 0
DWIDTH 8 0
BBX 8 11 0 0
BITMAP
18
18
00
FF
18
18
18
18
18
18
18
ENDCHAR
STARTCHAR uni1E6B
ENCODING 7787
SWIDTH 568 0
DWIDTH 8 0
BBX 7 11 0 0
BITMAP
18
18
00
60
60
FC
60
60
60
62
3C
ENDCHAR
STARTCHAR Wgrave
ENCODING 7808
SWIDTH 568 0
DWIDTH 8 0
BBX 7 11 0 0
BITMAP
30
18
00
C6
C6
C6
C6
D6
D6
FE
6C
ENDCHAR
STARTCHAR wgrave
ENCODING 7809
SWIDTH 568 0
DWIDTH 8 0
BBX 7 10 0 0
BITMAP
30
18
00
C6
C6
C6
D6
D6
FE
6C
ENDCHAR
STARTCHAR Wacute
ENCODING 7810
SWIDTH 568 0
DWIDTH 8 0
BBX 7 11 0 0
BITMAP
18
30
00
C6
C6
C6
C6
D6
D6
FE
6C
ENDCHAR
STARTCHAR wacute
ENCODING 7811
SWIDTH 568 0
DWIDTH 8 0
BBX 7 10 0 0
BITMAP
18
30
00
C6
C6
C6
D6
D6
FE
6C
ENDCHAR
STARTCHAR Wdieresis
ENCODING 7812
SWIDTH 568 0
DWIDTH 8 0
BBX 7 11 0 0
BITMAP
6C
6C
00
C6
C6
C6
C6
D6
D6
FE
6C
ENDCHAR
STARTCHAR wdieresis
ENCODING 7813
SWIDTH 568 0
DWIDTH 8 0
BBX 7 10 0 0
BITMAP
6C
6C
00
C6
C6
C6
D6
D6
FE
6C
ENDCHAR
STARTCHAR Ygrave
ENCODING 7922
SWIDTH 568 0
DWIDTH 8 0
BBX 8 10 0 0
BITMAP
30
18
00
C3
66
3C
18
18
18
18
ENDCHAR
STARTCHAR ygrave
ENCODING 7923
SWIDTH 568 0
DWIDTH 8 0
BBX 7 11 0 -2
BITMAP
30
18
00
C6
C6
C6
CE
76
06
C6
7C
ENDCHAR
STARTCHAR uni1F00
ENCODING 7936
SWIDTH 568 0
DWIDTH 8 0
BBX 7 11 0 0
BITMAP
38
18
30
00
76
CE
C6
C6
CE
D6
66
ENDCHAR
STARTCHAR uni1F01
ENCODING 7937
SWIDTH 568 0
DWIDTH 8 0
BBX 7 11 0 0
BITMAP
38
30
18
00
76
CE
C6
C6
CE
D6
66
ENDCHAR
STARTCHAR uni1F02
ENCODING 7938
SWIDTH 568 0
DWIDTH 8 0
BBX 7 11 0 0
BITMAP
7C
36
60
00
76
CE
C6
C6
CE
D6
66
ENDCHAR
STARTCHAR uni1F03
ENCODING 7939
SWIDTH 568 0
DWIDTH 8 0
BBX 7 11 0 0
BITMAP
7C
66
30
00
76
CE
C6
C6
CE
D6
66
ENDCHAR
STARTCHAR uni1F04
ENCODING 7940
SWIDTH 568 0
DWIDTH 8 0
BBX 7 11 0 0
BITMAP
76
3C
60
00
76
CE
C6
C6
CE
D6
66
ENDCHAR
STARTCHAR uni1F05
ENCODING 7941
SWIDTH 568 0
DWIDTH 8 0
BBX 7 11 0 0
BITMAP
76
6C
30
00
76
CE
C6
C6
CE
D6
66
ENDCHAR
STARTCHAR uni1F06
ENCODING 7942
SWIDTH 568 0
DWIDTH 8 0
BBX 7 11 0 0
BITMAP
32
5C
0C
18
76
CE
C6
C6
CE
D6
66
ENDCHAR
STARTCHAR uni1F07
ENCODING 7943
SWIDTH 568 0
DWIDTH 8 0
BBX 7 11 0 0
BITMAP
32
5C
18
0C
76
CE
C6
C6
CE
D6
66
ENDCHAR
STARTCHAR uni1F08
ENCODING 7944
SWIDTH 568 0
DWIDTH 8 0
BBX 7 10 0 0
BITMAP
C8
5C
B6
36
36
3E
36
36
36
36
ENDCHAR
STARTCHAR uni1F09
ENCODING 7945
SWIDTH 568 0
DWIDTH 8 0
BBX 7 10 0 0
BITMAP
C8
9C
76
36
36
3E
36
36
36
36
ENDCHAR
STARTCHAR uni1F0A
ENCODING 7946
SWIDTH 568 0
DWIDTH 8 0
BBX 7 10 0 0
BITMAP
C8
5C
B6
B6
76
3E
36
36
36
36
ENDCHAR
STARTCHAR uni1F0B
ENCODING 7947
SWIDTH 568 0
DWIDTH 8 0
BBX 7 10 0 0
BITMAP
C8
9C
76
B6
76
3E
36
36
36
36
ENDCHAR
STARTCHAR uni1F0C
ENCODING 7948
SWIDTH 568 0
DWIDTH 8 0
BBX 7 10 0 0
BITMAP
C8
5C
B6
76
B6
3E
36
36
36
36
ENDCHAR
STARTCHAR uni1F0D
ENCODING 7949
SWIDTH 568 0
DWIDTH 8 0
BBX 7 10 0 0
BITMAP
C8
9C
76
76
B6
3E
36
36
36
36
ENDCHAR
STARTCHAR uni1F0E
ENCODING 7950
SWIDTH 568 0
DWIDTH 8 0
BBX 7 10 0 0
BITMAP
C8
1C
F6
76
B6
3E
36
36
36
36
ENDCHAR
STARTCHAR uni1F0F
ENCODING 7951
SWIDTH 568 0
DWIDTH 8 0
BBX 7 10 0 0
BITMAP
C8
1C
F6
B6
76
3E
36
36
36
36
ENDCHAR
STARTCHAR uni1F10
ENCODING 7952
SWIDTH 568 0
DWIDTH 8 0
BBX 7 11 0 0
BITMAP
38
18
30
00
7C
C6
C0
78
C0
C6
7C
ENDCHAR
STARTCHAR uni1F11
ENCODING 7953
SWIDTH 568 0
DWIDTH 8 0
BBX 7 11 0 0
BITMAP
38
30
18
00
7C
C6
C0
78
C0
C6
7C
ENDCHAR
STARTCHAR uni1F12
ENCODING 7954
SWIDTH 568 0
DWIDTH 8 0
BBX 7 11 0 0
BITMAP
7C
36
60
00
7C
C6
C0
78
C0
C6
7C
ENDCHAR
STARTCHAR uni1F13
ENCODING 7955
SWIDTH 568 0
DWIDTH 8 0
BBX 7 11 0 0
BITMAP
7C
66
30
00
7C
C6
C0
78
C0
C6
7C
ENDCHAR
STARTCHAR uni1F14
ENCODING 7956
SWIDTH 568 0
DWIDTH 8 0
BBX 7 11 0 0
BITMAP
76
3C
60
00
7C
C6
C0
78
C0
C6
7C
ENDCHAR
STARTCHAR uni1F15
ENCODING 7957
SWIDTH 568 0
DWIDTH 8 0
BBX 7 11 0 0
BITMAP
76
6C
30
00
7C
C6
C0
78
C0
C6
7C
ENDCHAR
STARTCHAR uni1F18
ENCODING 7960
SWIDTH 568 0
DWIDTH 8 0
BBX 7 10 0 0
BITMAP
FE
70
B0
30
3C
30
30
30
30
3E
ENDCHAR
STARTCHAR uni1F19
ENCODING 7961
SWIDTH 568 0
DWIDTH 8 0
BBX 7 10 0 0
BITMAP
FE
B0
70
30
3C
30
30
30
30
3E
ENDCHAR
STARTCHAR uni1F1A
ENCODING 7962
SWIDTH 568 0
DWIDTH 8 0
BBX 7 10 0 0
BITMAP
FE
70
B0
B0
7C
30
30
30
30
3E
ENDCHAR
STARTCHAR uni1F1B
ENCODING 7963
SWIDTH 568 0
DWIDTH 8 0
BBX 7 10 0 0
BITMAP
FE
B0
70
B0
7C
30
30
30
30
3E
ENDCHAR
STARTCHAR uni1F1C
ENCODING 7964
SWIDTH 568 0
DWIDTH 8 0
BBX 7 10 0 0
BITMAP
FE
70
B0
70
BC
30
30
30
30
3E
ENDCHAR
STARTCHAR uni1F1D
ENCODING 7965
SWIDTH 568 0
DWIDTH 8 0
BBX 7 10 0 0
BITMAP
FE
B0
70
70
BC
30
30
30
30
3E
ENDCHAR
STARTCHAR uni1F20
ENCODING 7968
SWIDTH 568 0
DWIDTH 8 0
BBX 7 13 0 -2
BITMAP
38
18
30
00
FC
E6
C6
C6
C6
C6
C6
06
06
ENDCHAR
STARTCHAR uni1F21
ENCODING 7969
SWIDTH 568 0
DWIDTH 8 0
BBX 7 13 0 -2
BITMAP
38
30
18
00
FC
E6
C6
C6
C6
C6
C6
06
06
ENDCHAR
STARTCHAR uni1F22
ENCODING 7970
SWIDTH 568 0
DWIDTH 8 0
BBX 7 13 0 -2
BITMAP
7C
36
60
00
FC
E6
C6
C6
C6
C6
C6
06
06
ENDCHAR
STARTCHAR uni1F23
ENCODING 7971
SWIDTH 568 0
DWIDTH 8 0
BBX 7 13 0 -2
BITMAP
7C
66
30
00
FC
E6
C6
C6
C6
C6
C6
06
06
ENDCHAR
STARTCHAR uni1F24
ENCODING 7972
SWIDTH 568 0
DWIDTH 8 0
BBX 7 13 0 -2
BITMAP
76
3C
60
00
FC
E6
C6
C6
C6
C6
C6
06
06
ENDCHAR
STARTCHAR uni1F25
ENCODING 7973
SWIDTH 568 0
DWIDTH 8 0
BBX 7 13 0 -2
BITMAP
76
6C
30
00
FC
E6
C6
C6
C6
C6
C6
06
06
ENDCHAR
STARTCHAR uni1F26
ENCODING 7974
SWIDTH 568 0
DWIDTH 8 0
BBX 7 13 0 -2
BITMAP
32
5C
0C
18
FC
E6
C6
C6
C6
C6
C6
06
06
ENDCHAR
STARTCHAR uni1F27
ENCODING 7975
SWIDTH 568 0
DWIDTH 8 0
BBX 7 13 0 -2
BITMAP
32
5C
18
0C
FC
E6
C6
C6
C6
C6
C6
06
06
ENDCHAR
STARTCHAR uni1F28
ENCODING 7976
SWIDTH 568 0
DWIDTH 8 0
BBX 7 10 0 0
BITMAP
F6
76
B6
36
3E
36
36
36
36
36
ENDCHAR
STARTCHAR uni1F29
ENCODING 7977
SWIDTH 568 0
DWIDTH 8 0
BBX 7 10 0 0
BITMAP
F6
B6
76
36
3E
36
36
36
36
36
ENDCHAR
STARTCHAR uni1F2A
ENCODING 7978
SWIDTH 568 0
DWIDTH 8 0
BBX 7 10 0 0
BITMAP
F6
76
B6
B6
7E
36
36
36
36
36
ENDCHAR
STARTCHAR uni1F2B
ENCODING 7979
SWIDTH 568 0
DWIDTH 8 0
BBX 7 10 0 0
BITMAP
F6
B6
76
B6
7E
36
36
36
36
36
ENDCHAR
STARTCHAR uni1F2C
ENCODING 7980
SWIDTH 568 0
DWIDTH 8 0
BBX 7 10 0 0
BITMAP
F6
76
B6
76
BE
36
36
36
36
36
ENDCHAR
STARTCHAR uni1F2D
ENCODING 7981
SWIDTH 568 0
DWIDTH 8 0
BBX 7 10 0 0
BITMAP
F6
B6
76
76
BE
36
36
36
36
36
ENDCHAR
STARTCHAR uni1F2E
ENCODING 7982
SWIDTH 568 0
DWIDTH 8 0
BBX 7 10 0 0
BITMAP
F6
36
F6
76
BE
36
36
36
36
36
ENDCHAR
STARTCHAR uni1F2F
ENCODING 7983
SWIDTH 568 0
DWIDTH 8 0
BBX 7 10 0 0
BITMAP
F6
36
F6
B6
7E
36
36
36
36
36
ENDCHAR
STARTCHAR uni1F30
ENCODING 7984
SWIDTH 568 0
DWIDTH 8 0
BBX 5 11 1 0
BITMAP
E0
60
C0
00
C0
C0
C0
C0
C0
D8
70
ENDCHAR
STARTCHAR uni1F31
ENCODING 7985
SWIDTH 568 0
DWIDTH 8 0
BBX 5 11 1 0
BITMAP
E0
C0
60
00
C0
C0
C0
C0
C0
D8
70
ENDCHAR
STARTCHAR uni1F32
ENCODING 7986
SWIDTH 568 0
DWIDTH 8 0
BBX 7 11 0 0
BITMAP
F8
6C
C0
00
30
30
30
30
30
36
1C
ENDCHAR
STARTCHAR uni1F33
ENCODING 7987
SWIDTH 568 0
DWIDTH 8 0
BBX 7 11 0 0
BITMAP
F8
CC
60
00
30
30
30
30
30
36
1C
ENDCHAR
STARTCHAR uni1F34
ENCODING 7988
SWIDTH 568 0
DWIDTH 8 0
BBX 7 11 0 0
BITMAP
EC
78
C0
00
30
30
30
30
30
36
1C
ENDCHAR
STARTCHAR uni1F35
ENCODING 7989
SWIDTH 568 0
DWIDTH 8 0
BBX 7 11 0 0
BITMAP
EC
D8
60
00
30
30
30
30
30
36
1C
ENDCHAR
STARTCHAR uni1F36
ENCODING 7990
SWIDTH 568 0
DWIDTH 8 0
BBX 7 11 0 0
BITMAP
64
B8
18
30
10
30
30
30
30
36
1C
ENDCHAR
STARTCHAR uni1F37
ENCODING 7991
SWIDTH 568 0
DWIDTH 8 0
BBX 7 11 0 0
BITMAP
64
B8
30
18
20
30
30
30
30
36
1C
ENDCHAR
STARTCHAR uni1F38
ENCODING 7992
SWIDTH 568 0
DWIDTH 8 0
BBX 7 10 0 0
BITMAP
DE
4C
8C
0C
0C
0C
0C
0C
0C
1E
ENDCHAR
STARTCHAR uni1F39
ENCODING 7993
SWIDTH 568 0
DWIDTH 8 0
BBX 7 10 0 0
BITMAP
DE
8C
4C
0C
0C
0C
0C
0C
0C
1E
ENDCHAR
STARTCHAR uni1F3A
ENCODING 7994
SWIDTH 568 0
DWIDTH 8 0
BBX 7 10 0 0
BITMAP
DE
4C
8C
8C
4C
0C
0C
0C
0C
1E
ENDCHAR
STARTCHAR uni1F3B
ENCODING 7995
SWIDTH 568 0
DWIDTH 8 0
BBX 7 10 0 0
BITMAP
DE
8C
4C
8C
4C
0C
0C
0C
0C
1E
ENDCHAR
STARTCHAR uni1F3C
ENCODING 7996
SWIDTH 568 0
DWIDTH 8 0
BBX 7 10 0 0
BITMAP
DE
4C
8C
4C
8C
0C
0C
0C
0C
1E
ENDCHAR
STARTCHAR uni1F3D
ENCODING 7997
SWIDTH 568 0
DWIDTH 8 0
BBX 7 10 0 0
BITMAP
DE
8C
4C
4C
8C
0C
0C
0C
0C
1E
ENDCHAR
STARTCHAR uni1F3E
ENCODING 7998
SWIDTH 568 0
DWIDTH 8 0
BBX 7 10 0 0
BITMAP
DE
0C
CC
4C
8C
0C
0C
0C
0C
1E
ENDCHAR
STARTCHAR uni1F3F
ENCODING 7999
SWIDTH 568 0
DWIDTH 8 0
BBX 7 10 0 0
BITMAP
DE
0C
CC
8C
4C
0C
0C
0C
0C
1E
ENDCHAR
STARTCHAR uni1F40
ENCODING 8000
SWIDTH 568 0
DWIDTH 8 0
BBX 7 11 0 0
BITMAP
38
18
30
00
7C
C6
C6
C6
C6
C6
7C
ENDCHAR
STARTCHAR uni1F41
ENCODING 8001
SWIDTH 568 0
DWIDTH 8 0
BBX 7 11 0 0
BITMAP
38
30
18
00
7C
C6
C6
C6
C6
C6
7C
ENDCHAR
STARTCHAR uni1F42
ENCODING 8002
SWIDTH 568 0
DWIDTH 8 0
BBX 7 11 0 0
BITMAP
7C
36
60
00
7C
C6
C6
C6
C6
C6
7C
ENDCHAR
STARTCHAR uni1F43
ENCODING 8003
SWIDTH 568 0
DWIDTH 8 0
BBX 7 11 0 0
BITMAP
7C
66
30
00
7C
C6
C6
C6
C6
C6
7C
ENDCHAR
STARTCHAR uni1F44
ENCODING 8004
SWIDTH 568 0
DWIDTH 8 0
BBX 7 11 0 0
BITMAP
76
3C
60
00
7C
C6
C6
C6
C6
C6
7C
ENDCHAR
STARTCHAR uni1F45
ENCODING 8005
SWIDTH 568 0
DWIDTH 8 0
BBX 7 11 0 0
BITMAP
76
6C
30
00
7C
C6
C6
C6
C6
C6
7C
ENDCHAR
STARTCHAR uni1F48
ENCODING 8008
SWIDTH 568 0
DWIDTH 8 0
BBX 7 10 0 0
BITMAP
DC
76
B6
36
36
36
36
36
36
1C
ENDCHAR
STARTCHAR uni1F49
ENCODING 8009
SWIDTH 568 0
DWIDTH 8 0
BBX 7 10 0 0
BITMAP
DC
B6
76
36
36
36
36
36
36
1C
ENDCHAR
STARTCHAR uni1F4A
ENCODING 8010
SWIDTH 568 0
DWIDTH 8 0
BBX 7 10 0 0
BITMAP
DC
76
B6
B6
76
36
36
36
36
1C
ENDCHAR
STARTCHAR uni1F4B
ENCODING 8011
SWIDTH 568 0
DWIDTH 8 0
BBX 7 10 0 0
BITMAP
DC
B6
76
B6
76
36
36
36
36
1C
ENDCHAR
STARTCHAR uni1F4C
ENCODING 8012
SWIDTH 568 0
DWIDTH 8 0
BBX 7 10 0 0
BITMAP
DC
76
B6
76
B6
36
36
36
36
1C
ENDCHAR
STARTCHAR uni1F4D
ENCODING 8013
SWIDTH 568 0
DWIDTH 8 0
BBX 7 10 0 0
BITMAP
DC
B6
76
76
B6
36
36
36
36
1C
ENDCHAR
STARTCHAR uni1F50
ENCODING 8016
SWIDTH 568 0
DWIDTH 8 0
BBX 7 11 0 0
BITMAP
38
18
30
00
C6
C6
C6
C6
C6
C6
7C
ENDCHAR
STARTCHAR uni1F51
ENCODING 8017
SWIDTH 568 0
DWIDTH 8 0
BBX 7 11 0 0
BITMAP
38
30
18
00
C6
C6
C6
C6
C6
C6
7C
ENDCHAR
STARTCHAR uni1F52
ENCODING 8018
SWIDTH 568 0
DWIDTH 8 0
BBX 7 11 0 0
BITMAP
7C
36
60
00
C6
C6
C6
C6
C6
C6
7C
ENDCHAR
STARTCHAR uni1F53
ENCODING 8019
SWIDTH 568 0
DWIDTH 8 0
BBX 7 11 0 0
BITMAP
7C
66
30
00
C6
C6
C6
C6
C6
C6
7C
ENDCHAR
STARTCHAR uni1F54
ENCODING 8020
SWIDTH 568 0
DWIDTH 8 0
BBX 7 11 0 0
BITMAP
76
3C
60
00
C6
C6
C6
C6
C6
C6
7C
ENDCHAR
STARTCHAR uni1F55
ENCODING 8021
SWIDTH 568 0
DWIDTH 8 0
BBX 7 11 0 0
BITMAP
76
6C
30
00
C6
C6
C6
C6
C6
C6
7C
ENDCHAR
STARTCHAR uni1F56
ENCODING 8022
SWIDTH 568 0
DWIDTH 8 0
BBX 7 11 0 0
BITMAP
64
B8
18
30
C6
C6
C6
C6
C6
C6
7C
ENDCHAR
STARTCHAR uni1F57
ENCODING 8023
SWIDTH 568 0
DWIDTH 8 0
BBX 7 11 0 0
BITMAP
64
B8
30
18
C6
C6
C6
C6
C6
C6
7C
ENDCHAR
STARTCHAR uni1F59
ENCODING 8025
SWIDTH 568 0
DWIDTH 8 0
BBX 8 10 0 0
BITMAP
F3
B3
73
1E
1E
0C
0C
0C
0C
0C
ENDCHAR
STARTCHAR uni1F5B
ENCODING 8027
SWIDTH 568 0
DWIDTH 8 0
BBX 8 10 0 0
BITMAP
F3
B3
73
9E
5E
0C
0C
0C
0C
0C
ENDCHAR
STARTCHAR uni1F5D
ENCODING 8029
SWIDTH 568 0
DWIDTH 8 0
BBX 8 10 0 0
BITMAP
F3
B3
73
5E
9E
0C
0C
0C
0C
0C
ENDCHAR
STARTCHAR uni1F5F
ENCODING 8031
SWIDTH 568 0
DWIDTH 8 0
BBX 8 10 0 0
BITMAP
F3
33
F3
9E
5E
0C
0C
0C
0C
0C
ENDCHAR
STARTCHAR uni1F60
ENCODING 8032
SWIDTH 568 0
DWIDTH 8 0
BBX 7 11 0 0
BITMAP
38
18
30
00
C6
C6
D6
D6
D6
FE
6C
ENDCHAR
STARTCHAR uni1F61
ENCODING 8033
SWIDTH 568 0
DWIDTH 8 0
BBX 7 11 0 0
BITMAP
38
30
18
00
C6
C6
D6
D6
D6
FE
6C
ENDCHAR
STARTCHAR uni1F62
ENCODING 8034
SWIDTH 568 0
DWIDTH 8 0
BBX 7 11 0 0
BITMAP
7C
36
60
00
C6
C6
D6
D6
D6
FE
6C
ENDCHAR
STARTCHAR uni1F63
ENCODING 8035
SWIDTH 568 0
DWIDTH 8 0
BBX 7 11 0 0
BITMAP
7C
66
30
00
C6
C6
D6
D6
D6
FE
6C
ENDCHAR
STARTCHAR uni1F64
ENCODING 8036
SWIDTH 568 0
DWIDTH 8 0
BBX 7 11 0 0
BITMAP
76
3C
60
00
C6
C6
D6
D6
D6
FE
6C
ENDCHAR
STARTCHAR uni1F65
ENCODING 8037
SWIDTH 568 0
DWIDTH 8 0
BBX 7 11 0 0
BITMAP
76
6C
30
00
C6
C6
D6
D6
D6
FE
6C
ENDCHAR
STARTCHAR uni1F66
ENCODING 8038
SWIDTH 568 0
DWIDTH 8 0
BBX 7 11 0 0
BITMAP
32
5C
0C
18
C6
C6
D6
D6
D6
FE
6C
ENDCHAR
STARTCHAR uni1F67
ENCODING 8039
SWIDTH 568 0
DWIDTH 8 0
BBX 7 11 0 0
BITMAP
64
B8
30
18
C6
C6
D6
D6
D6
FE
6C
ENDCHAR
STARTCHAR uni1F68
ENCODING 8040
SWIDTH 568 0
DWIDTH 8 0
BBX 7 10 0 0
BITMAP
DC
76
B6
36
36
36
36
1C
1C
36
ENDCHAR
STARTCHAR uni1F69
ENCODING 8041
SWIDTH 568 0
DWIDTH 8 0
BBX 7 10 0 0
BITMAP
DC
B6
76
36
36
36
36
1C
1C
36
ENDCHAR
STARTCHAR uni1F6A
ENCODING 8042
SWIDTH 568 0
DWIDTH 8 0
BBX 7 10 0 0
BITMAP
DC
76
B6
B6
76
36
36
1C
1C
36
ENDCHAR
STARTCHAR uni1F6B
ENCODING 8043
SWIDTH 568 0
DWIDTH 8 0
BBX 7 10 0 0
BITMAP
DC
B6
76
B6
76
36
36
1C
1C
36
ENDCHAR
STARTCHAR uni1F6C
ENCODING 8044
SWIDTH 568 0
DWIDTH 8 0
BBX 7 10 0 0
BITMAP
DC
76
B6
76
B6
36
36
1C
1C
36
ENDCHAR
STARTCHAR uni1F6D
ENCODING 8045
SWIDTH 568 0
DWIDTH 8 0
BBX 7 10 0 0
BITMAP
DC
B6
76
76
B6
36
36
1C
1C
36
ENDCHAR
STARTCHAR uni1F6E
ENCODING 8046
SWIDTH 568 0
DWIDTH 8 0
BBX 7 10 0 0
BITMAP
DC
36
F6
76
B6
36
36
1C
1C
36
ENDCHAR
STARTCHAR uni1F6F
ENCODING 8047
SWIDTH 568 0
DWIDTH 8 0
BBX 7 10 0 0
BITMAP
DC
36
F6
B6
76
36
36
1C
1C
36
ENDCHAR
STARTCHAR uni1F70
ENCODING 8048
SWIDTH 568 0
DWIDTH 8 0
BBX 7 10 0 0
BITMAP
30
18
00
76
CE
C6
C6
CE
D6
66
ENDCHAR
STARTCHAR uni1F71
ENCODING 8049
SWIDTH 568 0
DWIDTH 8 0
BBX 7 10 0 0
BITMAP
0C
18
00
76
CE
C6
C6
CE
D6
66
ENDCHAR
STARTCHAR uni1F72
ENCODING 8050
SWIDTH 568 0
DWIDTH 8 0
BBX 7 10 0 0
BITMAP
30
18
00
7C
C6
C0
78
C0
C6
7C
ENDCHAR
STARTCHAR uni1F73
ENCODING 8051
SWIDTH 568 0
DWIDTH 8 0
BBX 7 10 0 0
BITMAP
0C
18
00
7C
C6
C0
78
C0
C6
7C
ENDCHAR
STARTCHAR uni1F74
ENCODING 8052
SWIDTH 568 0
DWIDTH 8 0
BBX 7 12 0 -2
BITMAP
30
18
00
FC
E6
C6
C6
C6
C6
C6
06
06
ENDCHAR
STARTCHAR uni1F75
ENCODING 8053
SWIDTH 568 0
DWIDTH 8 0
BBX 7 12 0 -2
BITMAP
0C
18
00
FC
E6
C6
C6
C6
C6
C6
06
06
ENDCHAR
STARTCHAR uni1F76
ENCODING 8054
SWIDTH 568 0
DWIDTH 8 0
BBX 6 10 0 0
BITMAP
C0
60
00
60
60
60
60
60
6C
38
ENDCHAR
STARTCHAR uni1F77
ENCODING 8055
SWIDTH 568 0
DWIDTH 8 0
BBX 5 10 1 0
BITMAP
60
C0
00
C0
C0
C0
C0
C0
D8
70
ENDCHAR
STARTCHAR uni1F78
ENCODING 8056
SWIDTH 568 0
DWIDTH 8 0
BBX 7 10 0 0
BITMAP
30
18
00
7C
C6
C6
C6
C6
C6
7C
ENDCHAR
STARTCHAR uni1F79
ENCODING 8057
SWIDTH 568 0
DWIDTH 8 0
BBX 7 10 0 0
BITMAP
0C
18
00
7C
C6
C6
C6
C6
C6
7C
ENDCHAR
STARTCHAR uni1F7A
ENCODING 8058
SWIDTH 568 0
DWIDTH 8 0
BBX 7 10 0 0
BITMAP
30
18
00
C6
C6
C6
C6
C6
C6
7C
ENDCHAR
STARTCHAR uni1F7B
ENCODING 8059
SWIDTH 568 0
DWIDTH 8 0
BBX 7 10 0 0
BITMAP
0C
18
00
C6
C6
C6
C6
C6
C6
7C
ENDCHAR
STARTCHAR uni1F7C
ENCODING 8060
SWIDTH 568 0
DWIDTH 8 0
BBX 7 10 0 0
BITMAP
30
18
00
C6
C6
D6
D6
D6
FE
6C
ENDCHAR
STARTCHAR uni1F7D
ENCODING 8061
SWIDTH 568 0
DWIDTH 8 0
BBX 7 10 0 0
BITMAP
0C
18
00
C6
C6
D6
D6
D6
FE
6C
ENDCHAR
STARTCHAR uni1F80
ENCODING 8064
SWIDTH 568 0
DWIDTH 8 0
BBX 7 13 0 -2
BITMAP
38
18
30
00
76
CE
C6
C6
CE
D6
66
00
18
ENDCHAR
STARTCHAR uni1F81
ENCODING 8065
SWIDTH 568 0
DWIDTH 8 0
BBX 7 13 0 -2
BITMAP
38
30
18
00
76
CE
C6
C6
CE
D6
66
00
18
ENDCHAR
STARTCHAR uni1F82
ENCODING 8066
SWIDTH 568 0
DWIDTH 8 0
BBX 7 13 0 -2
BITMAP
7C
36
60
00
76
CE
C6
C6
CE
D6
66
00
18
ENDCHAR
STARTCHAR uni1F83
ENCODING 8067
SWIDTH 568 0
DWIDTH 8 0
BBX 7 13 0 -2
BITMAP
7C
66
30
00
76
CE
C6
C6
CE
D6
66
00
18
ENDCHAR
STARTCHAR uni1F84
ENCODING 8068
SWIDTH 568 0
DWIDTH 8 0
BBX 7 13 0 -2
BITMAP
76
3C
60
00
76
CE
C6
C6
CE
D6
66
00
18
ENDCHAR
STARTCHAR uni1F85
ENCODING 8069
SWIDTH 568 0
DWIDTH 8 0
BBX 7 13 0 -2
BITMAP
76
6C
30
00
76
CE
C6
C6
CE
D6
66
00
18
ENDCHAR
STARTCHAR uni1F86
ENCODING 8070
SWIDTH 568 0
DWIDTH 8 0
BBX 7 13 0 -2
BITMAP
32
5C
0C
18
76
CE
C6
C6
CE
D6
66
00
18
ENDCHAR
STARTCHAR uni1F87
ENCODING 8071
SWIDTH 568 0
DWIDTH 8 0
BBX 7 13 0 -2
BITMAP
32
5C
18
0C
76
CE
C6
C6
CE
D6
66
00
18
ENDCHAR
STARTCHAR uni1F88
ENCODING 8072
SWIDTH 568 0
DWIDTH 8 0
BBX 7 12 0 -2
BITMAP
C8
5C
B6
36
36
3E
36
36
36
36
00
0C
ENDCHAR
STARTCHAR uni1F89
ENCODING 8073
SWIDTH 568 0
DWIDTH 8 0
BBX 7 12 0 -2
BITMAP
C8
9C
76
36
36
3E
36
36
36
36
00
0C
ENDCHAR
STARTCHAR uni1F8A
ENCODING 8074
SWIDTH 568 0
DWIDTH 8 0
BBX 7 12 0 -2
BITMAP
C8
5C
B6
B6
76
3E
36
36
36
36
00
0C
ENDCHAR
STARTCHAR uni1F8B
ENCODING 8075
SWIDTH 568 0
DWIDTH 8 0
BBX 7 12 0 -2
BITMAP
C8
9C
76
B6
76
3E
36
36
36
36
00
0C
ENDCHAR
STARTCHAR uni1F8C
ENCODING 8076
SWIDTH 568 0
DWIDTH 8 0
BBX 7 12 0 -2
BITMAP
C8
5C
B6
76
B6
3E
36
36
36
36
00
0C
ENDCHAR
STARTCHAR uni1F8D
ENCODING 8077
SWIDTH 568 0
DWIDTH 8 0
BBX 7 12 0 -2
BITMAP
C8
9C
76
76
B6
3E
36
36
36
36
00
0C
ENDCHAR
STARTCHAR uni1F8E
ENCODING 8078
SWIDTH 568 0
DWIDTH 8 0
BBX 7 12 0 -2
BITMAP
C8
1C
F6
76
B6
3E
36
36
36
36
00
0C
ENDCHAR
STARTCHAR uni1F8F
ENCODING 8079
SWIDTH 568 0
DWIDTH 8 0
BBX 7 12 0 -2
BITMAP
C8
1C
F6
B6
76
3E
36
36
36
36
00
0C
ENDCHAR
STARTCHAR uni1F90
ENCODING 8080
SWIDTH 568 0
DWIDTH 8 0
BBX 7 13 0 -2
BITMAP
38
18
30
00
FC
E6
C6
C6
C6
C6
C6
06
C6
ENDCHAR
STARTCHAR uni1F91
ENCODING 8081
SWIDTH 568 0
DWIDTH 8 0
BBX 7 13 0 -2
BITMAP
38
30
18
00
FC
E6
C6
C6
C6
C6
C6
06
C6
ENDCHAR
STARTCHAR uni1F92
ENCODING 8082
SWIDTH 568 0
DWIDTH 8 0
BBX 7 13 0 -2
BITMAP
7C
36
60
00
FC
E6
C6
C6
C6
C6
C6
06
C6
ENDCHAR
STARTCHAR uni1F93
ENCODING 8083
SWIDTH 568 0
DWIDTH 8 0
BBX 7 13 0 -2
BITMAP
7C
66
30
00
FC
E6
C6
C6
C6
C6
C6
06
C6
ENDCHAR
STARTCHAR uni1F94
ENCODING 8084
SWIDTH 568 0
DWIDTH 8 0
BBX 7 13 0 -2
BITMAP
76
3C
60
00
FC
E6
C6
C6
C6
C6
C6
06
C6
ENDCHAR
STARTCHAR uni1F95
ENCODING 8085
SWIDTH 568 0
DWIDTH 8 0
BBX 7 13 0 -2
BITMAP
76
6C
30
00
FC
E6
C6
C6
C6
C6
C6
06
C6
ENDCHAR
STARTCHAR uni1F96
ENCODING 8086
SWIDTH 568 0
DWIDTH 8 0
BBX 7 13 0 -2
BITMAP
32
5C
0C
18
FC
E6
C6
C6
C6
C6
C6
06
C6
ENDCHAR
STARTCHAR uni1F97
ENCODING 8087
SWIDTH 568 0
DWIDTH 8 0
BBX 7 13 0 -2
BITMAP
32
5C
18
0C
FC
E6
C6
C6
C6
C6
C6
06
C6
ENDCHAR
STARTCHAR uni1F98
ENCODING 8088
SWIDTH 568 0
DWIDTH 8 0
BBX 7 12 0 -2
BITMAP
F6
76
B6
36
3E
36
36
36
36
36
00
0C
ENDCHAR
STARTCHAR uni1F99
ENCODING 8089
SWIDTH 568 0
DWIDTH 8 0
BBX 7 12 0 -2
BITMAP
F6
B6
76
36
3E
36
36
36
36
36
00
0C
ENDCHAR
STARTCHAR uni1F9A
ENCODING 8090
SWIDTH 568 0
DWIDTH 8 0
BBX 7 12 0 -2
BITMAP
F6
76
B6
B6
7E
36
36
36
36
36
00
0C
ENDCHAR
STARTCHAR uni1F9B
ENCODING 8091
SWIDTH 568 0
DWIDTH 8 0
BBX 7 12 0 -2
BITMAP
F6
B6
76
B6
7E
36
36
36
36
36
00
0C
ENDCHAR
STARTCHAR uni1F9C
ENCODING 8092
SWIDTH 568 0
DWIDTH 8 0
BBX 7 12 0 -2
BITMAP
F6
76
B6
76
BE
36
36
36
36
36
00
0C
ENDCHAR
STARTCHAR uni1F9D
ENCODING 8093
SWIDTH 568 0
DWIDTH 8 0
BBX 7 12 0 -2
BITMAP
F6
B6
76
76
BE
36
36
36
36
36
00
0C
ENDCHAR
STARTCHAR uni1F9E
ENCODING 8094
SWIDTH 568 0
DWIDTH 8 0
BBX 7 12 0 -2
BITMAP
F6
36
F6
76
BE
36
36
36
36
36
00
0C
ENDCHAR
STARTCHAR uni1F9F
ENCODING 8095
SWIDTH 568 0
DWIDTH 8 0
BBX 7 12 0 -2
BITMAP
F6
36
F6
B6
7E
36
36
36
36
36
00
0C
ENDCHAR
STARTCHAR uni1FA0
ENCODING 8096
SWIDTH 568 0
DWIDTH 8 0
BBX 7 13 0 -2
BITMAP
38
18
30
00
C6
C6
D6
D6
D6
FE
6C
00
18
ENDCHAR
STARTCHAR uni1FA1
ENCODING 8097
SWIDTH 568 0
DWIDTH 8 0
BBX 7 13 0 -2
BITMAP
38
30
18
00
C6
C6
D6
D6
D6
FE
6C
00
18
ENDCHAR
STARTCHAR uni1FA2
ENCODING 8098
SWIDTH 568 0
DWIDTH 8 0
BBX 7 13 0 -2
BITMAP
7C
36
60
00
C6
C6
D6
D6
D6
FE
6C
00
18
ENDCHAR
STARTCHAR uni1FA3
ENCODING 8099
SWIDTH 568 0
DWIDTH 8 0
BBX 7 13 0 -2
BITMAP
7C
66
30
00
C6
C6
D6
D6
D6
FE
6C
00
18
ENDCHAR
STARTCHAR uni1FA4
ENCODING 8100
SWIDTH 568 0
DWIDTH 8 0
BBX 7 13 0 -2
BITMAP
76
3C
60
00
C6
C6
D6
D6
D6
FE
6C
00
18
ENDCHAR
STARTCHAR uni1FA5
ENCODING 8101
SWIDTH 568 0
DWIDTH 8 0
BBX 7 13 0 -2
BITMAP
76
6C
30
00
C6
C6
D6
D6
D6
FE
6C
00
18
ENDCHAR
STARTCHAR uni1FA6
ENCODING 8102
SWIDTH 568 0
DWIDTH 8 0
BBX 7 13 0 -2
BITMAP
32
5C
0C
18
C6
C6
D6
D6
D6
FE
6C
00
18
ENDCHAR
STARTCHAR uni1FA7
ENCODING 8103
SWIDTH 568 0
DWIDTH 8 0
BBX 7 13 0 -2
BITMAP
64
B8
30
18
C6
C6
D6
D6
D6
FE
6C
00
18
ENDCHAR
STARTCHAR uni1FA8
ENCODING 8104
SWIDTH 568 0
DWIDTH 8 0
BBX 7 12 0 -2
BITMAP
DC
76
B6
36
36
36
36
1C
1C
36
00
0C
ENDCHAR
STARTCHAR uni1FA9
ENCODING 8105
SWIDTH 568 0
DWIDTH 8 0
BBX 7 12 0 -2
BITMAP
DC
B6
76
36
36
36
36
1C
1C
36
00
0C
ENDCHAR
STARTCHAR uni1FAA
ENCODING 8106
SWIDTH 568 0
DWIDTH 8 0
BBX 7 12 0 -2
BITMAP
DC
76
B6
B6
76
36
36
1C
1C
36
00
0C
ENDCHAR
STARTCHAR uni1FAB
ENCODING 8107
SWIDTH 568 0
DWIDTH 8 0
BBX 7 12 0 -2
BITMAP
DC
B6
76
B6
76
36
36
1C
1C
36
00
0C
ENDCHAR
STARTCHAR uni1FAC
ENCODING 8108
SWIDTH 568 0
DWIDTH 8 0
BBX 7 12 0 -2
BITMAP
DC
76
B6
76
B6
36
36
1C
1C
36
00
0C
ENDCHAR
STARTCHAR uni1FAD
ENCODING 8109
SWIDTH 568 0
DWIDTH 8 0
BBX 7 12 0 -2
BITMAP
DC
B6
76
76
B6
36
36
1C
1C
36
00
0C
ENDCHAR
STARTCHAR uni1FAE
ENCODING 8110
SWIDTH 568 0
DWIDTH 8 0
BBX 7 12 0 -2
BITMAP
DC
36
F6
76
B6
36
36
1C
1C
36
00
0C
ENDCHAR
STARTCHAR uni1FAF
ENCODING 8111
SWIDTH 568 0
DWIDTH 8 0
BBX 7 12 0 -2
BITMAP
DC
36
F6
B6
76
36
36
1C
1C
36
00
0C
ENDCHAR
STARTCHAR uni1FB0
ENCODING 8112
SWIDTH 568 0
DWIDTH 8 0
BBX 7 10 0 0
BITMAP
C6
7C
00
76
CE
C6
C6
CE
D6
66
ENDCHAR
STARTCHAR uni1FB1
ENCODING 8113
SWIDTH 568 0
DWIDTH 8 0
BBX 7 10 0 0
BITMAP
FE
00
00
76
CE
C6
C6
CE
D6
66
ENDCHAR
STARTCHAR uni1FB2
ENCODING 8114
SWIDTH 568 0
DWIDTH 8 0
BBX 7 12 0 -2
BITMAP
30
18
00
76
CE
C6
C6
CE
D6
66
00
18
ENDCHAR
STARTCHAR uni1FB3
ENCODING 8115
SWIDTH 568 0
DWIDTH 8 0
BBX 7 9 0 -2
BITMAP
76
CE
C6
C6
CE
D6
66
00
18
ENDCHAR
STARTCHAR uni1FB4
ENCODING 8116
SWIDTH 568 0
DWIDTH 8 0
BBX 7 12 0 -2
BITMAP
0C
18
00
76
CE
C6
C6
CE
D6
66
00
18
ENDCHAR
STARTCHAR uni1FB6
ENCODING 8118
SWIDTH 568 0
DWIDTH 8 0
BBX 7 11 0 0
BITMAP
32
7E
4C
00
76
CE
C6
C6
CE
D6
66
ENDCHAR
STARTCHAR uni1FB7
ENCODING 8119
SWIDTH 568 0
DWIDTH 8 0
BBX 7 13 0 -2
BITMAP
32
7E
4C
00
76
CE
C6
C6
CE
D6
66
00
18
ENDCHAR
STARTCHAR uni1FB8
ENCODING 8120
SWIDTH 568 0
DWIDTH 8 0
BBX 7 11 0 0
BITMAP
C6
7C
00
38
7C
C6
C6
FE
C6
C6
C6
ENDCHAR
STARTCHAR uni1FB9
ENCODING 8121
SWIDTH 568 0
DWIDTH 8 0
BBX 7 10 0 0
BITMAP
FE
00
38
7C
C6
C6
FE
C6
C6
C6
ENDCHAR
STARTCHAR uni1FBA
ENCODING 8122
SWIDTH 568 0
DWIDTH 8 0
BBX 7 10 0 0
BITMAP
C8
5C
36
36
36
3E
36
36
36
36
ENDCHAR
STARTCHAR uni1FBB
ENCODING 8123
SWIDTH 568 0
DWIDTH 8 0
BBX 7 10 0 0
BITMAP
C8
9C
36
36
36
3E
36
36
36
36
ENDCHAR
STARTCHAR uni1FBC
ENCODING 8124
SWIDTH 568 0
DWIDTH 8 0
BBX 7 12 0 -2
BITMAP
38
7C
C6
C6
C6
FE
C6
C6
C6
C6
30
38
ENDCHAR
STARTCHAR uni1FBD
ENCODING 8125
SWIDTH 568 0
DWIDTH 8 0
BBX 3 3 2 7
BITMAP
E0
60
C0
ENDCHAR
STARTCHAR uni1FBE
ENCODING 8126
SWIDTH 568 0
DWIDTH 8 0
BBX 3 4 2 0
BITMAP
C0
C0
C0
60
ENDCHAR
STARTCHAR uni1FBF
ENCODING 8127
SWIDTH 568 0
DWIDTH 8 0
BBX 3 3 2 7
BITMAP
E0
60
C0
ENDCHAR
STARTCHAR uni1FC0
ENCODING 8128
SWIDTH 568 0
DWIDTH 8 0
BBX 6 3 0 7
BITMAP
64
FC
98
ENDCHAR
STARTCHAR uni1FC1
ENCODING 8129
SWIDTH 568 0
DWIDTH 8 0
BBX 6 4 0 6
BITMAP
64
FC
98
CC
ENDCHAR
STARTCHAR uni1FC2
ENCODING 8130
SWIDTH 568 0
DWIDTH 8 0
BBX 7 12 0 -2
BITMAP
30
18
00
FC
E6
C6
C6
C6
C6
C6
06
C6
ENDCHAR
STARTCHAR uni1FC3
ENCODING 8131
SWIDTH 568 0
DWIDTH 8 0
BBX 7 9 0 -2
BITMAP
FC
E6
C6
C6
C6
C6
C6
06
C6
ENDCHAR
STARTCHAR uni1FC4
ENCODING 8132
SWIDTH 568 0
DWIDTH 8 0
BBX 7 12 0 -2
BITMAP
0C
18
00
FC
E6
C6
C6
C6
C6
C6
06
C6
ENDCHAR
STARTCHAR uni1FC6
ENCODING 8134
SWIDTH 568 0
DWIDTH 8 0
BBX 7 13 0 -2
BITMAP
32
7E
4C
00
FC
E6
C6
C6
C6
C6
C6
06
06
ENDCHAR
STARTCHAR uni1FC7
ENCODING 8135
SWIDTH 568 0
DWIDTH 8 0
BBX 7 13 0 -2
BITMAP
32
7E
4C
00
FC
E6
C6
C6
C6
C6
C6
06
C6
ENDCHAR
STARTCHAR uni1FC8
ENCODING 8136
SWIDTH 568 0
DWIDTH 8 0
BBX 7 10 0 0
BITMAP
FE
70
30
30
3C
30
30
30
30
3E
ENDCHAR
STARTCHAR uni1FC9
ENCODING 8137
SWIDTH 568 0
DWIDTH 8 0
BBX 7 10 0 0
BITMAP
FE
B0
30
30
3C
30
30
30
30
3E
ENDCHAR
STARTCHAR uni1FCA
ENCODING 8138
SWIDTH 568 0
DWIDTH 8 0
BBX 7 10 0 0
BITMAP
F6
76
36
36
3E
36
36
36
36
36
ENDCHAR
STARTCHAR uni1FCB
ENCODING 8139
SWIDTH 568 0
DWIDTH 8 0
BBX 7 10 0 0
BITMAP
F6
B6
36
36
3E
36
36
36
36
36
ENDCHAR
STARTCHAR uni1FCC
ENCODING 8140
SWIDTH 568 0
DWIDTH 8 0
BBX 7 12 0 -2
BITMAP
C6
C6
C6
C6
FE
C6
C6
C6
C6
C6
30
38
ENDCHAR
STARTCHAR uni1FCD
ENCODING 8141
SWIDTH 568 0
DWIDTH 8 0
BBX 6 3 0 7
BITMAP
F8
6C
C0
ENDCHAR
STARTCHAR uni1FCE
ENCODING 8142
SWIDTH 568 0
DWIDTH 8 0
BBX 6 3 0 7
BITMAP
EC
78
C0
ENDCHAR
STARTCHAR uni1FCF
ENCODING 8143
SWIDTH 568 0
DWIDTH 8 0
BBX 6 4 0 6
BITMAP
64
B8
18
30
ENDCHAR
STARTCHAR uni1FD0
ENCODING 8144
SWIDTH 568 0
DWIDTH 8 0
BBX 7 10 0 0
BITMAP
C6
7C
00
30
30
30
30
30
36
1C
ENDCHAR
STARTCHAR uni1FD1
ENCODING 8145
SWIDTH 568 0
DWIDTH 8 0
BBX 7 10 0 0
BITMAP
FE
00
00
30
30
30
30
30
36
1C
ENDCHAR
STARTCHAR uni1FD2
ENCODING 8146
SWIDTH 568 0
DWIDTH 8 0
BBX 7 10 0 0
BITMAP
F6
DE
00
30
30
30
30
30
36
1C
ENDCHAR
STARTCHAR uni1FD3
ENCODING 8147
SWIDTH 568 0
DWIDTH 8 0
BBX 7 10 0 0
BITMAP
DE
F6
00
30
30
30
30
30
36
1C
ENDCHAR
STARTCHAR uni1FD6
ENCODING 8150
SWIDTH 568 0
DWIDTH 8 0
BBX 7 11 0 0
BITMAP
64
FC
98
00
30
30
30
30
30
36
1C
ENDCHAR
STARTCHAR uni1FD7
ENCODING 8151
SWIDTH 568 0
DWIDTH 8 0
BBX 7 11 0 0
BITMAP
64
FC
98
CC
00
30
30
30
30
36
1C
ENDCHAR
STARTCHAR uni1FD8
ENCODING 8152
SWIDTH 568 0
DWIDTH 8 0
BBX 7 11 0 0
BITMAP
C6
7C
00
3C
18
18
18
18
18
18
3C
ENDCHAR
STARTCHAR uni1FD9
ENCODING 8153
SWIDTH 568 0
DWIDTH 8 0
BBX 6 10 1 0
BITMAP
FC
00
78
30
30
30
30
30
30
78
ENDCHAR
STARTCHAR uni1FDA
ENCODING 8154
SWIDTH 568 0
DWIDTH 8 0
BBX 7 10 0 0
BITMAP
DE
4C
0C
0C
0C
0C
0C
0C
0C
1E
ENDCHAR
STARTCHAR uni1FDB
ENCODING 8155
SWIDTH 568 0
DWIDTH 8 0
BBX 7 10 0 0
BITMAP
DE
8C
0C
0C
0C
0C
0C
0C
0C
1E
ENDCHAR
STARTCHAR uni1FDD
ENCODING 8157
SWIDTH 568 0
DWIDTH 8 0
BBX 6 3 0 7
BITMAP
F8
CC
60
ENDCHAR
STARTCHAR uni1FDE
ENCODING 8158
SWIDTH 568 0
DWIDTH 8 0
BBX 6 3 0 7
BITMAP
EC
D8
60
ENDCHAR
STARTCHAR uni1FDF
ENCODING 8159
SWIDTH 568 0
DWIDTH 8 0
BBX 6 4 0 6
BITMAP
64
B8
30
18
ENDCHAR
STARTCHAR uni1FE0
ENCODING 8160
SWIDTH 568 0
DWIDTH 8 0
BBX 7 10 0 0
BITMAP
C6
7C
00
C6
C6
C6
C6
C6
C6
7C
ENDCHAR
STARTCHAR uni1FE1
ENCODING 8161
SWIDTH 568 0
DWIDTH 8 0
BBX 7 10 0 0
BITMAP
FE
00
00
C6
C6
C6
C6
C6
C6
7C
ENDCHAR
STARTCHAR uni1FE2
ENCODING 8162
SWIDTH 568 0
DWIDTH 8 0
BBX 7 10 0 0
BITMAP
F6
DE
00
C6
C6
C6
C6
C6
C6
7C
ENDCHAR
STARTCHAR uni1FE3
ENCODING 8163
SWIDTH 568 0
DWIDTH 8 0
BBX 7 10 0 0
BITMAP
DE
F6
00
C6
C6
C6
C6
C6
C6
7C
ENDCHAR
STARTCHAR uni1FE4
ENCODING 8164
SWIDTH 568 0
DWIDTH 8 0
BBX 7 13 0 -2
BITMAP
38
18
30
00
7C
C6
C6
C6
C6
E6
FC
C0
C0
ENDCHAR
STARTCHAR uni1FE5
ENCODING 8165
SWIDTH 568 0
DWIDTH 8 0
BBX 7 13 0 -2
BITMAP
38
30
18
00
7C
C6
C6
C6
C6
E6
FC
C0
C0
ENDCHAR
STARTCHAR uni1FE6
ENCODING 8166
SWIDTH 568 0
DWIDTH 8 0
BBX 7 11 0 0
BITMAP
32
7E
4C
00
C6
C6
C6
C6
C6
C6
7C
ENDCHAR
STARTCHAR uni1FE7
ENCODING 8167
SWIDTH 568 0
DWIDTH 8 0
BBX 7 11 0 0
BITMAP
72
FE
8C
C6
00
C6
C6
C6
C6
C6
7C
ENDCHAR
STARTCHAR uni1FE8
ENCODING 8168
SWIDTH 568 0
DWIDTH 8 0
BBX 7 11 0 0
BITMAP
C6
7C
00
66
24
3C
18
18
18
18
18
ENDCHAR
STARTCHAR uni1FE9
ENCODING 8169
SWIDTH 568 0
DWIDTH 8 0
BBX 6 10 1 0
BITMAP
FC
00
CC
48
78
30
30
30
30
30
ENDCHAR
STARTCHAR uni1FEA
ENCODING 8170
SWIDTH 568 0
DWIDTH 8 0
BBX 8 10 0 0
BITMAP
F3
73
33
1E
1E
0C
0C
0C
0C
0C
ENDCHAR
STARTCHAR uni1FEB
ENCODING 8171
SWIDTH 568 0
DWIDTH 8 0
BBX 8 10 0 0
BITMAP
F3
B3
33
1E
1E
0C
0C
0C
0C
0C
ENDCHAR
STARTCHAR uni1FEC
ENCODING 8172
SWIDTH 568 0
DWIDTH 8 0
BBX 7 10 0 0
BITMAP
FC
B6
76
36
36
3C
30
30
30
30
ENDCHAR
STARTCHAR uni1FED
ENCODING 8173
SWIDTH 568 0
DWIDTH 8 0
BBX 7 2 0 8
BITMAP
F6
DE
ENDCHAR
STARTCHAR uni1FEE
ENCODING 8174
SWIDTH 568 0
DWIDTH 8 0
BBX 7 2 0 8
BITMAP
DE
F6
ENDCHAR
STARTCHAR uni1FEF
ENCODING 8175
SWIDTH 568 0
DWIDTH 8 0
BBX 3 2 2 8
BITMAP
C0
60
ENDCHAR
STARTCHAR uni1FF2
ENCODING 8178
SWIDTH 568 0
DWIDTH 8 0
BBX 7 12 0 -2
BITMAP
30
18
00
C6
C6
D6
D6
D6
FE
6C
00
18
ENDCHAR
STARTCHAR uni1FF3
ENCODING 8179
SWIDTH 568 0
DWIDTH 8 0
BBX 7 9 0 -2
BITMAP
C6
C6
D6
D6
D6
FE
6C
00
18
ENDCHAR
STARTCHAR uni1FF4
ENCODING 8180
SWIDTH 568 0
DWIDTH 8 0
BBX 7 12 0 -2
BITMAP
0C
18
00
C6
C6
D6
D6
D6
FE
6C
00
18
ENDCHAR
STARTCHAR uni1FF6
ENCODING 8182
SWIDTH 568 0
DWIDTH 8 0
BBX 7 11 0 0
BITMAP
32
7E
4C
00
C6
C6
D6
D6
D6
FE
6C
ENDCHAR
STARTCHAR uni1FF7
ENCODING 8183
SWIDTH 568 0
DWIDTH 8 0
BBX 7 13 0 -2
BITMAP
32
7E
4C
00
C6
C6
D6
D6
D6
FE
6C
00
18
ENDCHAR
STARTCHAR uni1FF8
ENCODING 8184
SWIDTH 568 0
DWIDTH 8 0
BBX 7 10 0 0
BITMAP
DC
76
36
36
36
36
36
36
36
1C
ENDCHAR
STARTCHAR uni1FF9
ENCODING 8185
SWIDTH 568 0
DWIDTH 8 0
BBX 7 10 0 0
BITMAP
DC
B6
36
36
36
36
36
36
36
1C
ENDCHAR
STARTCHAR uni1FFA
ENCODING 8186
SWIDTH 568 0
DWIDTH 8 0
BBX 7 10 0 0
BITMAP
DC
76
36
36
36
36
36
1C
1C
36
ENDCHAR
STARTCHAR uni1FFB
ENCODING 8187
SWIDTH 568 0
DWIDTH 8 0
BBX 7 10 0 0
BITMAP
DC
B6
36
36
36
36
36
1C
1C
36
ENDCHAR
STARTCHAR uni1FFC
ENCODING 8188
SWIDTH 568 0
DWIDTH 8 0
BBX 7 12 0 -2
BITMAP
7C
C6
C6
C6
C6
C6
C6
6C
6C
EE
30
38
ENDCHAR
STARTCHAR uni1FFD
ENCODING 8189
SWIDTH 568 0
DWIDTH 8 0
BBX 3 2 2 8
BITMAP
60
C0
ENDCHAR
STARTCHAR uni1FFE
ENCODING 8190
SWIDTH 568 0
DWIDTH 8 0
BBX 3 3 2 7
BITMAP
E0
C0
60
ENDCHAR
STARTCHAR uni2010
ENCODING 8208
SWIDTH 568 0
DWIDTH 8 0
BBX 5 1 1 4
BITMAP
F8
ENDCHAR
STARTCHAR uni2011
ENCODING 8209
SWIDTH 568 0
DWIDTH 8 0
BBX 5 1 1 4
BITMAP
F8
ENDCHAR
STARTCHAR figuredash
ENCODING 8210
SWIDTH 568 0
DWIDTH 8 0
BBX 6 1 1 4
BITMAP
FC
ENDCHAR
STARTCHAR endash
ENCODING 8211
SWIDTH 568 0
DWIDTH 8 0
BBX 6 1 1 4
BITMAP
FC
ENDCHAR
STARTCHAR emdash
ENCODING 8212
SWIDTH 568 0
DWIDTH 8 0
BBX 8 1 0 4
BITMAP
FF
ENDCHAR
STARTCHAR afii00208
ENCODING 8213
SWIDTH 568 0
DWIDTH 8 0
BBX 8 1 0 4
BITMAP
FF
ENDCHAR
STARTCHAR uni2016
ENCODING 8214
SWIDTH 568 0
DWIDTH 8 0
BBX 5 10 1 0
BITMAP
D8
D8
D8
D8
D8
D8
D8
D8
D8
D8
ENDCHAR
STARTCHAR underscoredbl
ENCODING 8215
SWIDTH 568 0
DWIDTH 8 0
BBX 7 3 0 -2
BITMAP
FE
00
FE
ENDCHAR
STARTCHAR quoteleft
ENCODING 8216
SWIDTH 568 0
DWIDTH 8 0
BBX 3 4 2 6
BITMAP
60
C0
E0
40
ENDCHAR
STARTCHAR quoteright
ENCODING 8217
SWIDTH 568 0
DWIDTH 8 0
BBX 3 4 2 6
BITMAP
40
E0
60
C0
ENDCHAR
STARTCHAR quotesinglbase
ENCODING 8218
SWIDTH 568 0
DWIDTH 8 0
BBX 3 4 2 -1
BITMAP
40
E0
60
C0
ENDCHAR
STARTCHAR quotereversed
ENCODING 8219
SWIDTH 568 0
DWIDTH 8 0
BBX 3 4 2 6
BITMAP
40
E0
C0
60
ENDCHAR
STARTCHAR quotedblleft
ENCODING 8220
SWIDTH 568 0
DWIDTH 8 0
BBX 7 4 0 6
BITMAP
66
CC
EE
44
ENDCHAR
STARTCHAR quotedblright
ENCODING 8221
SWIDTH 568 0
DWIDTH 8 0
BBX 7 4 0 6
BITMAP
44
EE
66
CC
ENDCHAR
STARTCHAR quotedblbase
ENCODING 8222
SWIDTH 568 0
DWIDTH 8 0
BBX 7 4 0 -1
BITMAP
44
EE
66
CC
ENDCHAR
STARTCHAR uni201F
ENCODING 8223
SWIDTH 568 0
DWIDTH 8 0
BBX 7 4 0 6
BITMAP
44
EE
CC
66
ENDCHAR
STARTCHAR dagger
ENCODING 8224
SWIDTH 568 0
DWIDTH 8 0
BBX 6 9 1 0
BITMAP
30
30
FC
30
30
30
30
30
30
ENDCHAR
STARTCHAR daggerdbl
ENCODING 8225
SWIDTH 568 0
DWIDTH 8 0
BBX 6 9 1 0
BITMAP
30
30
FC
30
30
30
FC
30
30
ENDCHAR
STARTCHAR bullet
ENCODING 8226
SWIDTH 568 0
DWIDTH 8 0
BBX 5 5 1 2
BITMAP
70
F8
F8
F8
70
ENDCHAR
STARTCHAR uni2023
ENCODING 8227
SWIDTH 568 0
DWIDTH 8 0
BBX 5 7 1 1
BITMAP
C0
E0
F0
F8
F0
E0
C0
ENDCHAR
STARTCHAR onedotenleader
ENCODING 8228
SWIDTH 568 0
DWIDTH 8 0
BBX 2 2 3 0
BITMAP
C0
C0
ENDCHAR
STARTCHAR twodotenleader
ENCODING 8229
SWIDTH 568 0
DWIDTH 8 0
BBX 5 2 1 0
BITMAP
D8
D8
ENDCHAR
STARTCHAR ellipsis
ENCODING 8230
SWIDTH 568 0
DWIDTH 8 0
BBX 8 2 0 0
BITMAP
DB
DB
ENDCHAR
STARTCHAR uni2027
ENCODING 8231
SWIDTH 568 0
DWIDTH 8 0
BBX 3 2 2 3
BITMAP
E0
E0
ENDCHAR
STARTCHAR perthousand
ENCODING 8240
SWIDTH 568 0
DWIDTH 8 0
BBX 8 9 0 0
BITMAP
E6
A6
EC
18
18
30
7F
75
DF
ENDCHAR
STARTCHAR uni2031
ENCODING 8241
SWIDTH 568 0
DWIDTH 8 0
BBX 8 9 0 0
BITMAP
E6
AC
F8
30
60
C0
FF
D5
FF
ENDCHAR
STARTCHAR minute
ENCODING 8242
SWIDTH 568 0
DWIDTH 8 0
BBX 3 3 2 6
BITMAP
60
60
C0
ENDCHAR
STARTCHAR second
ENCODING 8243
SWIDTH 568 0
DWIDTH 8 0
BBX 7 3 0 6
BITMAP
66
66
CC
ENDCHAR
STARTCHAR uni2034
ENCODING 8244
SWIDTH 568 0
DWIDTH 8 0
BBX 8 3 0 6
BITMAP
49
49
92
ENDCHAR
STARTCHAR uni2035
ENCODING 8245
SWIDTH 568 0
DWIDTH 8 0
BBX 3 3 2 6
BITMAP
C0
C0
60
ENDCHAR
STARTCHAR uni2036
ENCODING 8246
SWIDTH 568 0
DWIDTH 8 0
BBX 7 3 0 6
BITMAP
CC
CC
66
ENDCHAR
STARTCHAR uni2037
ENCODING 8247
SWIDTH 568 0
DWIDTH 8 0
BBX 8 3 0 6
BITMAP
92
92
49
ENDCHAR
STARTCHAR guilsinglleft
ENCODING 8249
SWIDTH 568 0
DWIDTH 8 0
BBX 5 7 1 1
BITMAP
18
30
60
C0
60
30
18
ENDCHAR
STARTCHAR guilsinglright
ENCODING 8250
SWIDTH 568 0
DWIDTH 8 0
BBX 5 7 1 1
BITMAP
C0
60
30
18
30
60
C0
ENDCHAR
STARTCHAR uni203E
ENCODING 8254
SWIDTH 568 0
DWIDTH 8 0
BBX 8 1 0 10
BITMAP
FF
ENDCHAR
STARTCHAR dong
ENCODING 8363
SWIDTH 568 0
DWIDTH 8 0
BBX 8 12 0 -2
BITMAP
06
1F
06
76
CE
C6
C6
C6
CE
76
00
7C
ENDCHAR
STARTCHAR Euro
ENCODING 8364
SWIDTH 568 0
DWIDTH 8 0
BBX 7 9 0 0
BITMAP
3C
66
60
F8
60
F8
60
66
3C
ENDCHAR
STARTCHAR uni20AF
ENCODING 8367
SWIDTH 568 0
DWIDTH 8 0
BBX 7 10 0 0
BITMAP
60
7C
E6
66
66
66
66
E6
B6
FC
ENDCHAR
STARTCHAR afii61352
ENCODING 8470
SWIDTH 568 0
DWIDTH 8 0
BBX 8 9 0 0
BITMAP
F0
D8
DA
DD
DD
DD
DA
D8
DF
ENDCHAR
STARTCHAR trademark
ENCODING 8482
SWIDTH 568 0
DWIDTH 8 0
BBX 8 4 0 5
BITMAP
FB
6F
6F
6F
ENDCHAR
STARTCHAR Omega
ENCODING 8486
SWIDTH 568 0
DWIDTH 8 0
BBX 7 10 0 0
BITMAP
7C
C6
C6
C6
C6
C6
C6
6C
6C
EE
ENDCHAR
STARTCHAR oneeighth
ENCODING 8539
SWIDTH 568 0
DWIDTH 8 0
BBX 8 11 0 0
BITMAP
20
60
E0
60
60
6E
FB
0E
1B
1B
0E
ENDCHAR
STARTCHAR threeeighths
ENCODING 8540
SWIDTH 568 0
DWIDTH 8 0
BBX 8 10 0 0
BITMAP
C0
60
C0
60
6E
DB
0E
1B
1B
0E
ENDCHAR
STARTCHAR fiveeighths
ENCODING 8541
SWIDTH 568 0
DWIDTH 8 0
BBX 8 10 0 0
BITMAP
E0
C0
C0
60
6E
DB
0E
1B
1B
0E
ENDCHAR
STARTCHAR seveneighths
ENCODING 8542
SWIDTH 568 0
DWIDTH 8 0
BBX 8 10 0 0
BITMAP
F0
30
60
60
CE
DB
0E
1B
1B
0E
ENDCHAR
STARTCHAR arrowleft
ENCODING 8592
SWIDTH 568 0
DWIDTH 8 0
BBX 7 6 0 1
BITMAP
20
40
FE
FE
40
20
ENDCHAR
STARTCHAR arrowup
ENCODING 8593
SWIDTH 568 0
DWIDTH 8 0
BBX 6 10 1 0
BITMAP
30
78
B4
30
30
30
30
30
30
30
ENDCHAR
STARTCHAR arrowright
ENCODING 8594
SWIDTH 568 0
DWIDTH 8 0
BBX 7 6 0 2
BITMAP
08
04
FE
FE
04
08
ENDCHAR
STARTCHAR arrowdown
ENCODING 8595
SWIDTH 568 0
DWIDTH 8 0
BBX 6 10 1 0
BITMAP
30
30
30
30
30
30
30
B4
78
30
ENDCHAR
STARTCHAR minus
ENCODING 8722
SWIDTH 568 0
DWIDTH 8 0
BBX 7 1 0 4
BITMAP
FE
ENDCHAR
STARTCHAR notequal
ENCODING 8800
SWIDTH 568 0
DWIDTH 8 0
BBX 7 8 0 0
BITMAP
04
0C
FE
18
30
FE
60
40
ENDCHAR
STARTCHAR lessequal
ENCODING 8804
SWIDTH 568 0
DWIDTH 8 0
BBX 7 9 0 0
BITMAP
06
1C
70
C0
70
1C
06
00
FE
ENDCHAR
STARTCHAR greaterequal
ENCODING 8805
SWIDTH 568 0
DWIDTH 8 0
BBX 7 9 0 0
BITMAP
C0
70
1C
06
1C
70
C0
00
FE
ENDCHAR
STARTCHAR uni23BA
ENCODING 9146
SWIDTH 568 0
DWIDTH 8 0
BBX 8 2 0 9
BITMAP
FF
FF
ENDCHAR
STARTCHAR uni23BB
ENCODING 9147
SWIDTH 568 0
DWIDTH 8 0
BBX 8 2 0 6
BITMAP
FF
FF
ENDCHAR
STARTCHAR uni23BC
ENCODING 9148
SWIDTH 568 0
DWIDTH 8 0
BBX 8 2 0 1
BITMAP
FF
FF
ENDCHAR
STARTCHAR uni23BD
ENCODING 9149
SWIDTH 568 0
DWIDTH 8 0
BBX 8 2 0 -2
BITMAP
FF
FF
ENDCHAR
STARTCHAR uni2409
ENCODING 9225
SWIDTH 568 0
DWIDTH 8 0
BBX 7 11 0 -1
BITMAP
CC
CC
FC
CC
CC
00
7E
18
18
18
18
ENDCHAR
STARTCHAR uni240A
ENCODING 9226
SWIDTH 568 0
DWIDTH 8 0
BBX 7 11 0 -1
BITMAP
C0
C0
C0
C0
F8
00
3E
30
3C
30
30
ENDCHAR
STARTCHAR uni240B
ENCODING 9227
SWIDTH 568 0
DWIDTH 8 0
BBX 7 11 0 -1
BITMAP
CC
CC
48
78
30
00
7E
18
18
18
18
ENDCHAR
STARTCHAR uni240C
ENCODING 9228
SWIDTH 568 0
DWIDTH 8 0
BBX 7 11 0 -1
BITMAP
F8
C0
F0
C0
C0
00
3E
30
3C
30
30
ENDCHAR
STARTCHAR uni240D
ENCODING 9229
SWIDTH 568 0
DWIDTH 8 0
BBX 7 11 0 -1
BITMAP
7C
C4
C0
C4
7C
00
7C
66
7C
66
66
ENDCHAR
STARTCHAR uni2424
ENCODING 9252
SWIDTH 568 0
DWIDTH 8 0
BBX 7 11 0 -1
BITMAP
CC
EC
FC
DC
CC
00
30
30
30
30
3E
ENDCHAR
STARTCHAR SF100000
ENCODING 9472
SWIDTH 568 0
DWIDTH 8 0
BBX 8 2 0 4
BITMAP
FF
FF
ENDCHAR
STARTCHAR SF110000
ENCODING 9474
SWIDTH 568 0
DWIDTH 8 0
BBX 2 13 3 -2
BITMAP
C0
C0
C0
C0
C0
C0
C0
C0
C0
C0
C0
C0
C0
ENDCHAR
STARTCHAR SF010000
ENCODING 9484
SWIDTH 568 0
DWIDTH 8 0
BBX 5 8 3 -2
BITMAP
F8
F8
C0
C0
C0
C0
C0
C0
ENDCHAR
STARTCHAR SF030000
ENCODING 9488
SWIDTH 568 0
DWIDTH 8 0
BBX 5 8 0 -2
BITMAP
F8
F8
18
18
18
18
18
18
ENDCHAR
STARTCHAR SF020000
ENCODING 9492
SWIDTH 568 0
DWIDTH 8 0
BBX 5 7 3 4
BITMAP
C0
C0
C0
C0
C0
F8
F8
ENDCHAR
STARTCHAR SF040000
ENCODING 9496
SWIDTH 568 0
DWIDTH 8 0
BBX 5 7 0 4
BITMAP
18
18
18
18
18
F8
F8
ENDCHAR
STARTCHAR SF080000
ENCODING 9500
SWIDTH 568 0
DWIDTH 8 0
BBX 5 13 3 -2
BITMAP
C0
C0
C0
C0
C0
F8
F8
C0
C0
C0
C0
C0
C0
ENDCHAR
STARTCHAR SF090000
ENCODING 9508
SWIDTH 568 0
DWIDTH 8 0
BBX 5 13 0 -2
BITMAP
18
18
18
18
18
F8
F8
18
18
18
18
18
18
ENDCHAR
STARTCHAR SF060000
ENCODING 9516
SWIDTH 568 0
DWIDTH 8 0
BBX 8 8 0 -2
BITMAP
FF
FF
18
18
18
18
18
18
ENDCHAR
STARTCHAR SF070000
ENCODING 9524
SWIDTH 568 0
DWIDTH 8 0
BBX 8 7 0 4
BITMAP
18
18
18
18
18
FF
FF
ENDCHAR
STARTCHAR SF050000
ENCODING 9532
SWIDTH 568 0
DWIDTH 8 0
BBX 8 13 0 -2
BITMAP
18
18
18
18
18
FF
FF
18
18
18
18
18
18
ENDCHAR
STARTCHAR uni254C
ENCODING 9548
SWIDTH 568 0
DWIDTH 8 0
BBX 7 2 0 4
BITMAP
EE
EE
ENDCHAR
STARTCHAR uni254E
ENCODING 9550
SWIDTH 568 0
DWIDTH 8 0
BBX 2 12 3 -1
BITMAP
C0
C0
C0
C0
C0
C0
00
C0
C0
C0
C0
C0
ENDCHAR
STARTCHAR uni256D
ENCODING 9581
SWIDTH 568 0
DWIDTH 8 0
BBX 5 8 3 -2
BITMAP
38
78
E0
C0
C0
C0
C0
C0
ENDCHAR
STARTCHAR uni256E
ENCODING 9582
SWIDTH 568 0
DWIDTH 8 0
BBX 5 8 0 -2
BITMAP
E0
F0
38
18
18
18
18
18
ENDCHAR
STARTCHAR uni256F
ENCODING 9583
SWIDTH 568 0
DWIDTH 8 0
BBX 5 7 0 4
BITMAP
18
18
18
18
38
F0
E0
ENDCHAR
STARTCHAR uni2570
ENCODING 9584
SWIDTH 568 0
DWIDTH 8 0
BBX 5 7 3 4
BITMAP
C0
C0
C0
C0
E0
78
38
ENDCHAR
STARTCHAR uni2571
ENCODING 9585
SWIDTH 568 0
DWIDTH 8 0
BBX 8 13 0 -2
BITMAP
03
03
06
06
0C
0C
18
30
30
60
60
C0
C0
ENDCHAR
STARTCHAR uni2572
ENCODING 9586
SWIDTH 568 0
DWIDTH 8 0
BBX 8 13 0 -2
BITMAP
C0
C0
60
60
30
30
18
0C
0C
06
06
03
03
ENDCHAR
STARTCHAR uni2573
ENCODING 9587
SWIDTH 568 0
DWIDTH 8 0
BBX 8 13 0 -2
BITMAP
C3
C3
66
66
3C
3C
18
3C
3C
66
66
C3
C3
ENDCHAR
STARTCHAR uni2574
ENCODING 9588
SWIDTH 568 0
DWIDTH 8 0
BBX 4 2 0 4
BITMAP
F0
F0
ENDCHAR
STARTCHAR uni2575
ENCODING 9589
SWIDTH 568 0
DWIDTH 8 0
BBX 2 6 3 5
BITMAP
C0
C0
C0
C0
C0
C0
ENDCHAR
STARTCHAR uni2576
ENCODING 9590
SWIDTH 568 0
DWIDTH 8 0
BBX 4 2 4 4
BITMAP
F0
F0
ENDCHAR
STARTCHAR uni2577
ENCODING 9591
SWIDTH 568 0
DWIDTH 8 0
BBX 2 7 3 -2
BITMAP
C0
C0
C0
C0
C0
C0
C0
ENDCHAR
STARTCHAR shade
ENCODING 9618
SWIDTH 568 0
DWIDTH 8 0
BBX 8 13 0 -2
BITMAP
AA
55
AA
55
AA
55
AA
55
AA
55
AA
55
AA
ENDCHAR
STARTCHAR uni25AE
ENCODING 9646
SWIDTH 568 0
DWIDTH 8 0
BBX 4 6 2 2
BITMAP
F0
F0
F0
F0
F0
F0
ENDCHAR
STARTCHAR uni25C6
ENCODING 9670
SWIDTH 568 0
DWIDTH 8 0
BBX 7 7 0 1
BITMAP
10
38
7C
FE
7C
38
10
ENDCHAR
STARTCHAR musicalnote
ENCODING 9834
SWIDTH 568 0
DWIDTH 8 0
BBX 8 9 0 0
BITMAP
1C
1F
1B
18
18
78
F8
F8
70
ENDCHAR
STARTCHAR uniFFFD
ENCODING 65533
SWIDTH 568 0
DWIDTH 8 0
BBX 7 10 0 0
BITMAP
7C
C6
92
F2
E6
E6
E6
FE
E6
7C
ENDCHAR
ENDFONT
